Index,Landing site
,
,
,
2021-04-17,Nungwi
2021-04-17,Nungwi
,
,
,
,
,
,
,
,
2021-07-15,Kizimkazi dimbani
2021-07-15,Kizimkazi dimbani
2021-07-15,Kizimkazi dimbani
2021-07-15,Kizimkazi dimbani
2021-07-19,Kizimkazi dimbani
2021-07-19,Kizimkazi dimbani
,
,
,
,
2021-07-21,Kizimkazi dimbani
2021-07-21,Kizimkazi dimbani
2021-07-21,Kizimkazi dimbani
2021-07-22,Kizimkazi dimbani
2021-07-22,Kizimkazi dimbani
2021-07-22,Kizimkazi dimbani
2021-07-22,Kizimkazi dimbani
,
2021-07-29,Kizimkazi dimbani
,
,
,
,
,
,
,
,
,
,
,
,
,
,
,
,
2021-08-04,Kizimkazi dimbani
2021-08-04,Kizimkazi dimbani
2021-08-04,Kizimkazi dimbani
2021-08-04,Kizimkazi dimbani
,
,
,
2021-08-05,Kizimkazi dimbani
2021-08-05,Kizimkazi dimbani
,
,
,
,
,
,
,
,
,
,
,
,
,
,
,
2021-08-09,Kizimkazi dimbani
,
,
,
2021-08-09,Mazizini
,
,
,
,
,
,
,
,
,
,
,
,
,
,
,
,
,
,
,
,
,
2021-08-11,Kizimkazi dimbani
2021-08-11,Kizimkazi dimbani
2021-08-10,Tumbuyu
,
,
,
,
,
,
,
,
,
,
2021-08-12,Kizimkazi dimbani
,
2021-08-16,Kizimkazi dimbani
2021-08-16,Kizimkazi dimbani
,
,
,
,
,
,
,
,
,
,
,
2021-08-17,Kukuu
,
,
,
,
,
,
2021-08-17,Tumbuyu
,
,
,
,
,
,
,
,
2021-08-22,Sumbauranga
,
,
,
,
,
,
,
2021-08-23,Kizimkazi dimbani
,
,
,
,
,
,
,
,
,
,
,
,
,
,
,
,
,
,
,
,
,
,
,
,
,
,
,
2021-08-28,Tumbuyu
,
2021-08-30,Kizimkazi dimbani
2021-08-30,Kizimkazi dimbani
,
,
2021-08-30,Kizimkazi dimbani
,
,
,
,
,
,
,
,
,
,
,
,
,
,
,
,
,
2021-08-30,Kizimkazi dimbani
2021-08-30,Kizimkazi dimbani
,
,
,
,
,
,
,
,
,
,
,
,
,
,
,
,
,
,
,
,
,
,
,
,
,
,
,
,
,
,
,
2021-09-01,Kizimkazi dimbani
,
,
,
,
,
2021-09-02,Kizimkazi dimbani
2021-09-02,Kizimkazi dimbani
2021-09-02,Kizimkazi dimbani
,
,
,
,
,
,
2021-08-28,Tumbuyu
,
,
,
,
,
,
,
,
,
,
,
,
,
,
,
,
,
,
,
,
,
,
,
,
2021-09-07,Sumbauranga
,
,
,
,
,
2021-09-08,Kizimkazi dimbani
,
,
,
,
,
,
,
,
,
,
,
,
,
,
,
,
,
,
,
,
,
,
,
,
,
,
,
,
,
2021-09-13,Kizimkazi dimbani
2021-09-13,Kizimkazi dimbani
2021-09-13,Kizimkazi dimbani
,
,
,
,
,
,
,
,
,
,
,
,
,
,
,
,
,
,
,
,
,
,
,
,
,
,
,
,
,
,
,
,
,
,
2021-09-16,Kizimkazi dimbani
,
,
,
,
,
,
,
,
,
,
,
,
2021-09-20,Kizimkazi dimbani
2021-09-20,Kizimkazi dimbani
,
,
,
,
,
,
,
,
,
,
,
,
,
,
,
,
,
,
,
,
,
,
2021-09-27,Kizimkazi dimbani
2021-09-27,Kizimkazi dimbani
2021-09-27,Kizimkazi dimbani
,
,
,
,
,
,
,
,
,
,
,
,
,
,
,
,
,
,
,
,
,
,
,
,
,
,
,
,
,
,
,
,
2021-09-30,Kizimkazi dimbani
,
,
,
,
,
,
,
,
,
,
,
2021-10-01,Nungwi
,
,
,
,
,
,
,
,
,
,
,
,
,
,
,
,
,
,
,
,
,
,
,
,
,
,
,
,
,
,
,
,
2021-10-06,Mazizini
,
,
,
,
,
,
,
,
,
,
,
,
,
2021-10-08,Nungwi
,
2021-10-06,Kukuu
,
,
,
,
,
,
,
,
,
,
,
,
,
,
,
,
,
,
,
,
,
,
,
,
,
,
,
,
,
,
,
,
,
,
,
,
,
,
,
,
,
,
,
,
,
,
,
,
,
,
,
,
,
,
,
,
,
,
,
,
,
,
,
,
,
,
,
,
,
,
,
,
,
,
,
,
,
2021-10-21,Msuka
2021-10-21,Msuka
,
,
,
,
,
2021-10-25,Msuka
,
,
,
,
,
,
,
,
,
,
,
,
,
,
2021-10-28,Msuka
2021-10-28,Msuka
2021-10-28,Msuka
2021-10-28,Msuka
2021-10-28,Msuka
2021-10-28,Msuka
,
,
,
2021-11-01,Msuka
2021-11-01,Msuka
2021-11-01,Msuka
,
,
,
,
,
,
,
,
,
,
,
,
,
,
,
,
,
,
,
,
,
,
,
,
,
,
,
,
,
,
,
,
,
,
,
,
,
,
,
,
2021-11-03,Msuka
2021-11-03,Msuka
2021-11-03,Msuka
2021-11-03,Msuka
,
,
,
,
,
2021-11-03,Mazizini
,
,
2021-11-04,Msuka
2021-11-04,Msuka
,
,
,
,
,
,
,
,
,
,
,
,
,
,
,
,
,
,
,
,
,
,
2021-11-10,Msuka
2021-11-10,Msuka
2021-11-10,Msuka
2021-11-10,Msuka
,
,
,
2021-11-11,Msuka
,
2021-11-10,Sumbauranga
2021-11-10,Sumbauranga
2021-11-10,Sumbauranga
,
,
,
,
,
,
,
,
,
,
,
,
,
,
,
,
,
,
,
,
,
,
,
,
,
,
2021-11-15,Msuka
,
,
,
,
,
,
,
,
,
,
,
,
,
,
,
,
,
,
,
,
,
,
,
,
2021-11-17,Msuka
2021-11-17,Msuka
,
,
,
,
,
,
2021-11-18,Msuka
2021-10-18,Tumbuyu
,
,
,
2021-11-22,Kizimkazi dimbani
,
,
,
,
,
,
,
,
,
,
,
,
,
,
,
,
,
2021-11-22,Msuka
2021-11-22,Msuka
,
,
,
,
,
,
,
,
,
,
,
,
,
,
,
,
,
,
,
,
,
,
,
,
,
,
,
,
,
,
,
,
,
,
,
,
,
,
,
,
,
,
,
2021-11-10,Kukuu
,
2021-11-19,Sumbauranga
2021-11-19,Sumbauranga
2021-11-19,Sumbauranga
2021-11-19,Sumbauranga
2021-11-21,Sumbauranga
2021-11-21,Sumbauranga
2021-11-21,Sumbauranga
2021-11-22,Sumbauranga
2021-11-22,Sumbauranga
2021-11-22,Sumbauranga
2021-11-22,Sumbauranga
2021-11-24,Tumbuyu
2021-09-30,Tumbuyu
,
,
,
,
,
,
,
,
2021-11-29,Msuka
2021-11-29,Msuka
,
,
,
,
,
2021-11-29,Kizimkazi dimbani
2021-11-29,Kizimkazi dimbani
,
,
,
,
,
,
,
,
,
,
,
,
,
,
,
,
,
,
2021-12-01,Msuka
2021-12-01,Msuka
2021-12-01,Msuka
2021-12-02,Kizimkazi dimbani
2021-12-02,Kizimkazi dimbani
2021-12-02,Msuka
,
,
,
,
,
,
,
2021-12-08,Kizimkazi dimbani
,
,
,
,
2021-12-08,Msuka
2021-12-08,Msuka
2021-12-09,Kizimkazi dimbani
2021-12-09,Kizimkazi dimbani
2021-12-09,Kizimkazi dimbani
,
,
,
,
,
,
,
,
,
,
,
,
,
2021-12-13,Msuka
,
,
,
,
,
,
,
,
,
,
,
,
,
,
,
,
,
,
,
,
,
,
,
,
,
,
,
2021-12-15,Msuka
,
,
,
,
,
,
,
,
,
,
,
,
2021-12-16,Kizimkazi dimbani
,
,
,
,
,
2021-12-16,Msuka
,
,
2021-12-18,Sumbauranga
2021-12-18,Sumbauranga
2021-12-18,Sumbauranga
2021-12-17,Sumbauranga
2021-12-17,Sumbauranga
2021-12-17,Sumbauranga
2021-12-17,Sumbauranga
,
,
,
,
,
,
,
,
,
,
,
,
,
,
,
,
,
,
,
,
,
,
,
,
,
,
,
2021-12-22,Msuka
2021-12-22,Msuka
,
2021-12-22,Sumbauranga
2021-12-22,Sumbauranga
2021-12-22,Sumbauranga
2021-12-20,Sumbauranga
,
2022-01-03,Kizimkazi dimbani
,
2022-01-03,Mazizini
,
,
,
,
,
2022-01-04,Mazizini
2022-01-04,Mazizini
2022-01-04,Mazizini
,
,
,
,
,
,
,
,
,
2022-01-05,Msuka
2022-01-06,Kizimkazi dimbani
,
2022-01-06,Msuka
,
2022-01-05,Kizimkazi dimbani
,
,
2022-01-10,Kizimkazi dimbani
2022-01-10,Kizimkazi dimbani
2022-01-10,Msuka
2022-01-10,Msuka
2022-01-10,Msuka
2022-01-10,Msuka
,
,
,
,
,
,
2021-12-20,Sumbauranga
2021-12-20,Sumbauranga
,
,
,
,
,
,
,
,
,
,
,
,
,
,
,
,
,
,
,
,
,
,
,
,
,
,
2022-01-12,Mazizini
,
2022-01-13,Msuka
2022-01-13,Msuka
,
,
,
,
2022-01-16,Sumbauranga
2022-01-16,Sumbauranga
2022-01-16,Sumbauranga
,
,
,
,
,
,
,
,
2022-01-17,Msuka
,
,
,
,
,
,
2021-11-24,Shangani
2021-11-24,Shangani
2021-11-24,Shangani
2021-11-29,Shangani
2021-11-29,Shangani
2021-11-29,Shangani
2021-12-01,Shangani
2021-12-01,Shangani
2021-12-01,Shangani
2021-12-13,Shangani
2021-12-13,Shangani
2021-12-15,Shangani
2021-12-21,Shangani
2021-11-12,Shangani
2021-11-12,Shangani
2021-11-13,Shangani
2021-11-13,Shangani
2021-11-13,Shangani
2021-12-06,Shangani
2021-10-21,Shangani
2021-10-22,Shangani
2021-10-27,Shangani
2021-10-08,Shangani
2021-10-04,Shangani
2021-10-06,Shangani
2021-10-13,Shangani
2021-10-13,Shangani
2021-10-13,Shangani
2021-09-22,Shangani
2021-09-22,Shangani
2021-09-13,Shangani
2021-09-27,Shangani
2021-09-27,Shangani
2021-08-30,Shangani
2021-08-30,Shangani
,
2022-01-19,Msuka
,
,
,
,
,
,
,
,
,
,
2022-01-19,Mazizini
,
,
,
,
,
,
,
2022-01-24,Kizimkazi dimbani
2022-01-24,Kizimkazi dimbani
2022-01-24,Kizimkazi dimbani
2022-01-24,Kizimkazi dimbani
,
,
,
,
,
,
,
,
,
,
,
2022-01-26,Kizimkazi dimbani
2022-01-26,Kizimkazi dimbani
2021-08-11,Shangani
2021-08-11,Shangani
2021-08-16,Shangani
2021-08-16,Shangani
2021-08-20,Shangani
2021-08-20,Shangani
2021-09-01,Shangani
2021-09-01,Shangani
2021-09-01,Shangani
2021-09-03,Shangani
2021-09-03,Shangani
2021-09-03,Shangani
2022-01-24,Shangani
2022-01-24,Shangani
2022-01-27,Kizimkazi dimbani
2022-01-27,Kizimkazi dimbani
,
,
,
,
,
2022-01-31,Kizimkazi dimbani
,
,
,
,
,
2022-02-01,Msuka
,
,
,
,
,
,
,
,
,
,
,
,
,
2022-02-02,Kizimkazi dimbani
,
,
,
,
,
,
,
2022-02-03,Msuka
2022-02-03,Msuka
,
,
2022-02-07,Kizimkazi dimbani
2022-02-07,Kizimkazi dimbani
,
,
,
,
,
,
,
,
,
,
,
,
,
,
,
,
,
,
,
,
,
,
2022-02-08,Msuka
2022-02-08,Msuka
2022-02-09,Kizimkazi dimbani
2022-02-09,Kizimkazi dimbani
2022-02-09,Kizimkazi dimbani
2022-02-09,Kizimkazi dimbani
,
,
,
,
,
,
,
,
2022-02-14,Kizimkazi dimbani
2022-02-14,Kizimkazi dimbani
,
,
,
,
,
,
,
,
,
2022-02-16,Kizimkazi dimbani
2022-02-16,Kizimkazi dimbani
,
,
,
,
,
2022-02-17,Msuka
2022-02-18,Mazizini
2022-02-21,Kizimkazi dimbani
2022-02-21,Kizimkazi dimbani
,
,
,
,
,
,
,
,
,
,
,
2022-02-15,Shangani
2022-02-15,Shangani
,
,
,
,
,
2022-02-23,Kizimkazi dimbani
2022-02-23,Kizimkazi dimbani
2022-02-23,Kizimkazi dimbani
2022-02-28,Kizimkazi dimbani
2022-03-01,Bwawani
2022-03-01,Bwawani
2022-03-01,Bwawani
2022-03-01,Bwawani
2022-03-01,Bwawani
2022-03-01,Bwawani
2022-03-01,Bwawani
2022-03-01,Bwawani
2022-03-01,Msuka
2022-03-01,Msuka
2022-03-01,Msuka
2022-03-01,Msuka
,
2022-03-03,Kizimkazi dimbani
2022-03-03,Msuka
2022-03-03,Msuka
2022-03-03,Msuka
2022-03-03,Msuka
2022-03-04,Shangani
,
,
,
,
,
,
2022-03-08,Msuka
2022-03-08,Bwawani
2022-03-08,Bwawani
2022-03-08,Bwawani
2022-03-08,Bwawani
2022-03-08,Bwawani
2022-03-08,Bwawani
2022-03-08,Bwawani
2022-03-08,Bwawani
2022-03-08,Bwawani
2022-03-08,Bwawani
2022-03-08,Bwawani
2022-03-08,Bwawani
2022-03-08,Bwawani
2022-03-09,Kizimkazi dimbani
,
,
2022-03-10,Msuka
2022-03-10,Msuka
2022-03-10,Msuka
2022-03-10,Msuka
2022-03-10,Msuka
2022-03-09,Shangani
2022-03-08,Bwawani
2022-03-14,Bwawani
2022-03-14,Bwawani
2022-03-14,Bwawani
2022-03-14,Bwawani
2022-03-14,Bwawani
2022-03-14,Bwawani
2022-03-14,Bwawani
2022-03-14,Bwawani
,
2022-03-12,Shangani
2022-03-14,Kizimkazi dimbani
2022-03-08,Bwawani
2022-03-15,Bwawani
2022-03-15,Bwawani
2022-03-15,Bwawani
2022-03-15,Bwawani
2022-03-15,Bwawani
2022-03-15,Bwawani
2022-03-15,Bwawani
2022-03-15,Bwawani
2022-03-15,Bwawani
,
,
2022-03-15,Msuka
2022-03-15,Msuka
2022-03-15,Msuka
2022-03-15,Msuka
2022-03-07,Tumbuyu
,
2022-03-08,Bwawani
2022-03-08,Bwawani
2022-03-08,Bwawani
2022-03-08,Bwawani
2022-03-08,Bwawani
2022-03-08,Bwawani
2022-03-21,Shangani
2022-03-21,Shangani
,
2022-03-22,Bwawani
2022-03-22,Bwawani
2022-03-22,Bwawani
2022-03-22,Bwawani
2022-03-22,Bwawani
2022-03-22,Bwawani
2022-03-22,Bwawani
2022-03-22,Bwawani
2022-03-24,Msuka
,
2022-03-24,Msuka
2022-03-24,Msuka
2022-03-24,Kizimkazi dimbani
2022-03-24,Kizimkazi dimbani
2022-03-24,Kizimkazi dimbani
2022-03-24,Kizimkazi dimbani
2022-03-20,Tumbuyu
2022-03-23,Shangani
2022-03-26,Shangani
,
,
2022-03-28,Kizimkazi dimbani
2022-03-22,Bwawani
2022-03-22,Bwawani
2022-03-29,Bwawani
2022-03-29,Bwawani
,
2022-03-29,Msuka
,
2022-03-29,Msuka
2022-03-29,Msuka
2022-03-29,Msuka
2022-03-29,Bwawani
2022-03-29,Bwawani
2022-03-29,Bwawani
2022-03-31,Msuka
2022-03-31,Msuka
2022-03-31,Mazizini
2022-03-31,Mazizini
,
2022-04-04,Bwawani
2022-04-04,Bwawani
2022-04-04,Bwawani
2022-04-04,Bwawani
2022-04-04,Bwawani
2022-03-29,Bwawani
2022-03-29,Bwawani
2022-03-29,Bwawani
2022-04-04,Bwawani
2022-04-04,Bwawani
2022-04-05,Msuka
2022-04-03,Shangani
2022-04-03,Shangani
2022-04-07,Kizimkazi dimbani
2022-04-07,Kizimkazi dimbani
,
,
2022-04-07,Msuka
,
,
,
2022-04-07,Msuka
2022-03-29,Bwawani
2022-03-29,Bwawani
2022-03-29,Bwawani
2022-03-29,Bwawani
2022-04-11,Bwawani
2022-04-07,Tanga
,
,
2022-04-12,Tanga
2022-03-29,Bwawani
2022-03-29,Bwawani
2022-04-11,Bwawani
2022-04-11,Bwawani
2022-04-11,Bwawani
2022-04-14,Kizimkazi dimbani
,
,
,
,
,
,
,
,
,
2022-04-19,Shangani
2022-04-19,Shangani
2022-04-20,Kizimkazi dimbani
2022-04-20,Kizimkazi dimbani
,
2022-04-21,Msuka
2022-04-22,Shangani
2022-04-25,Bwawani
2022-04-25,Bwawani
2022-04-25,Bwawani
2022-04-11,Bwawani
2022-04-11,Bwawani
,
,
,
2022-04-26,Kizimkazi dimbani
2022-04-26,Kizimkazi dimbani
,
,
,
,
2022-04-30,Tanga
2022-05-09,Kizimkazi dimbani
2022-05-09,Kizimkazi dimbani
2022-05-09,Kizimkazi dimbani
2022-05-09,Kizimkazi dimbani
2022-05-09,Shangani
2022-05-10,Msuka
2022-05-10,Msuka
2022-05-10,Msuka
2022-05-11,Tanga
2022-05-11,Shangani
2022-05-12,Msuka
2022-05-12,Msuka
2022-05-12,Msuka
2022-05-12,Msuka
2022-05-12,Msuka
2022-05-12,Msuka
2022-05-12,Msuka
2022-04-11,Bwawani
2022-04-11,Bwawani
2022-04-11,Bwawani
2022-04-11,Nungwi
2022-05-16,Bwawani
2022-05-16,Bwawani
2022-05-18,Msuka
2022-05-17,Tanga
2022-05-18,Shangani
2022-05-19,Shangani
2022-05-20,Shangani
2022-05-20,Shangani
2022-05-16,Bwawani
2022-05-16,Bwawani
2022-05-16,Bwawani
2022-05-16,Bwawani
2022-05-16,Bwawani
2022-05-16,Bwawani
2022-05-16,Bwawani
2022-05-16,Bwawani
2022-05-16,Bwawani
2022-05-16,Bwawani
2022-05-23,Tanga
2022-05-23,Tanga
2022-05-23,Shangani
2022-05-23,Shangani
2022-05-24,Kizimkazi dimbani
2022-05-19,Mkokotoni
2022-05-24,Kizimkazi dimbani
2022-05-23,Bwawani
2022-05-23,Bwawani
2022-05-23,Bwawani
2022-05-23,Bwawani
2022-05-23,Bwawani
2022-05-23,Bwawani
2022-05-23,Bwawani
2022-05-23,Bwawani
2022-05-24,Msuka
2022-05-25,Mkokotoni
2022-05-25,Mkokotoni
2022-05-25,Mkokotoni
2022-05-25,Kizimkazi dimbani
2022-05-25,Mkokotoni
2022-05-26,Msuka
2022-05-26,Msuka
2022-05-26,Msuka
2022-05-26,Msuka
2022-05-26,Msuka
2022-05-26,Msuka
2022-05-23,Bwawani
2022-05-23,Bwawani
2022-05-23,Bwawani
2022-05-30,Kizimkazi dimbani
2022-05-30,Kizimkazi dimbani
2022-05-31,Bwawani
2022-05-31,Bwawani
2022-05-31,Bwawani
2022-05-31,Msuka
2022-05-31,Msuka
2022-05-31,Msuka
2022-05-31,Msuka
2022-05-31,Msuka
2022-05-31,Msuka
2022-05-30,Mkokotoni
2022-05-31,Bwawani
2022-05-31,Bwawani
2022-05-31,Bwawani
2022-05-31,Bwawani
2022-06-02,Msuka
2022-06-02,Msuka
2022-06-07,Msuka
2022-06-07,Tanga
2022-06-07,Tanga
2022-06-09,Kizimkazi dimbani
2022-06-09,Msuka
2022-06-09,Msuka
2022-06-09,Msuka
2022-06-09,Msuka
2022-06-09,Msuka
2022-06-09,Msuka
2022-05-31,Bwawani
2022-05-31,Bwawani
2022-05-31,Bwawani
2022-06-13,Bwawani
2022-06-13,Bwawani
2022-06-13,Bwawani
2022-06-14,Kizimkazi dimbani
2022-06-14,Kizimkazi dimbani
2022-06-14,Kizimkazi dimbani
2022-06-14,Kizimkazi dimbani
2022-06-14,Kizimkazi dimbani
2022-05-31,Bwawani
2022-05-31,Bwawani
2022-05-31,Bwawani
2022-06-14,Msuka
2022-06-14,Msuka
2022-06-14,Msuka
2022-06-14,Msuka
2022-06-16,Msuka
2022-05-31,Bwawani
2022-05-31,Bwawani
2022-05-31,Bwawani
2022-06-20,Shangani
2022-06-20,Shangani
2022-06-21,Kizimkazi dimbani
2022-06-21,Msuka
2022-06-21,Msuka
2022-06-21,Bwawani
2022-06-21,Bwawani
2022-06-21,Bwawani
2022-06-21,Bwawani
2022-06-20,Tanga
2022-06-21,Tanga
2022-06-21,Tanga
2022-06-21,Tanga
2022-06-21,Tanga
2022-06-22,Tanga
2022-06-23,Msuka
2022-06-23,Msuka
2022-06-21,Bwawani
2022-06-21,Bwawani
2022-06-27,Shangani
2022-06-27,Shangani
2022-06-23,Msuka
2022-06-23,Msuka
2022-06-21,Bwawani
2022-06-21,Bwawani
2022-06-21,Bwawani
2022-06-28,Msuka
2022-06-28,Msuka
2022-06-21,Bwawani
2022-06-21,Bwawani
2022-06-29,Bwawani
2022-06-29,Bwawani
2022-06-29,Bwawani
2022-06-29,Bwawani
2022-06-29,Bwawani
2022-07-04,Kizimkazi dimbani
2022-07-04,Kizimkazi dimbani
2022-06-21,Bwawani
2022-06-29,Bwawani
2022-06-29,Bwawani
2022-06-29,Bwawani
2022-06-29,Bwawani
2022-07-04,Bwawani
2022-07-04,Bwawani
2022-07-04,Bwawani
2022-07-04,Bwawani
2022-07-04,Bwawani
2022-07-05,Msuka
2022-07-05,Msuka
2022-07-05,Msuka
2022-07-05,Msuka
2022-07-05,Msuka
2022-06-21,Bwawani
2022-06-21,Bwawani
2022-06-21,Bwawani
2022-06-21,Bwawani
2022-06-21,Bwawani
2022-07-04,Bwawani
2022-07-04,Bwawani
2022-07-04,Bwawani
2022-07-05,Msuka
2022-07-06,Kizimkazi dimbani
2022-07-06,Kizimkazi dimbani
2022-07-04,Bwawani
2022-07-04,Bwawani
2022-07-04,Bwawani
2022-07-04,Bwawani
2022-07-04,Bwawani
2022-07-07,Msuka
2022-07-07,Msuka
2022-07-07,Msuka
2022-07-07,Msuka
2022-07-12,Msuka
2022-07-12,Msuka
2022-06-14,Tanga
2022-06-14,Tanga
,
,
,
,
2022-07-14,Kizimkazi dimbani
2022-07-14,Kizimkazi dimbani
2022-07-14,Kizimkazi dimbani
2022-07-14,Msuka
2022-07-14,Msuka
2022-07-05,Shangani
2022-07-05,Shangani
2022-07-11,Shangani
2022-07-11,Shangani
2022-07-15,Shangani
2022-07-15,Shangani
2022-07-15,Shangani
2022-07-15,Shangani
2022-07-04,Bwawani
2022-07-04,Bwawani
2022-07-04,Bwawani
2022-07-18,Tanga
,
,
2022-07-19,Bwawani
2022-07-19,Bwawani
2022-07-19,Bwawani
2022-07-19,Bwawani
2022-07-19,Bwawani
2022-07-19,Msuka
2022-07-19,Msuka
2022-07-19,Msuka
2022-07-20,Kizimkazi dimbani
2022-07-20,Kizimkazi dimbani
2022-07-20,Kizimkazi dimbani
2022-07-20,Kizimkazi dimbani
2022-07-20,Kizimkazi dimbani
2022-07-19,Bwawani
2022-07-19,Bwawani
2022-07-21,Msuka
2022-07-21,Msuka
2022-07-21,Msuka
2022-07-25,Kizimkazi dimbani
2022-07-19,Bwawani
2022-07-19,Bwawani
2022-07-19,Bwawani
2022-07-28,Msuka
2022-07-28,Msuka
2022-07-28,Msuka
2022-07-28,Msuka
2022-07-28,Msuka
2022-07-28,Msuka
2022-07-29,Kizimkazi dimbani
2022-07-29,Kizimkazi dimbani
2022-07-29,Kizimkazi dimbani
2022-07-19,Bwawani
2022-07-26,Bwawani
2022-08-02,Bwawani
2022-08-02,Bwawani
2022-08-02,Bwawani
2022-08-02,Bwawani
2022-08-02,Bwawani
2022-08-03,Bwawani
2022-08-03,Bwawani
2022-08-03,Bwawani
2022-07-26,Bwawani
2022-07-26,Bwawani
2022-07-26,Bwawani
2022-07-26,Bwawani
2022-08-09,Bwawani
2022-07-21,Shangani
2022-07-22,Shangani
2022-07-22,Shangani
2022-07-28,Shangani
2022-07-28,Shangani
2022-08-01,Shangani
2022-08-09,Shangani
2022-08-09,Shangani
2022-07-26,Bwawani
2022-07-26,Bwawani
2022-08-11,Tanga
2022-08-13,Tanga
2022-08-17,Msuka
2022-08-17,Bwawani
2022-08-17,Bwawani
2022-08-17,Bwawani
2022-08-17,Bwawani
2022-08-17,Bwawani
2022-08-17,Bwawani
2022-08-17,Bwawani
2022-08-17,Bwawani
2022-08-17,Bwawani
2022-08-17,Bwawani
2022-08-17,Bwawani
2022-08-17,Bwawani
2022-08-17,Bwawani
2022-08-18,Msuka
2022-08-18,Msuka
2022-08-18,Msuka
2022-08-18,Msuka
2022-08-18,Msuka
2022-08-22,Kizimkazi dimbani
2022-08-22,Kizimkazi dimbani
2022-08-22,Kizimkazi dimbani
2022-08-22,Kizimkazi dimbani
2022-08-22,Msuka
2022-08-22,Bwawani
2022-08-22,Bwawani
2022-08-22,Bwawani
2022-08-22,Bwawani
2022-08-22,Bwawani
2022-08-22,Bwawani
2022-08-22,Bwawani
2022-08-22,Bwawani
2022-08-17,Shangani
2022-08-17,Shangani
2022-08-22,Shangani
2022-08-25,Kizimkazi dimbani
2022-08-30,Kizimkazi dimbani
2022-09-05,Tanga
2022-07-26,Bwawani
2022-09-05,Bwawani
2022-09-05,Bwawani
2022-09-05,Bwawani
2022-09-05,Bwawani
2022-09-05,Bwawani
2022-09-05,Bwawani
2022-09-05,Bwawani
2022-09-05,Kizimkazi dimbani
2022-09-05,Bwawani
2022-09-05,Bwawani
2022-09-05,Bwawani
2022-09-05,Bwawani
2022-08-30,Shangani
2022-08-30,Shangani
2022-08-31,Shangani
2022-09-05,Shangani
2022-09-06,Bwawani
2022-09-06,Bwawani
2022-09-06,Bwawani
2022-09-06,Bwawani
2022-09-06,Bwawani
2022-09-06,Bwawani
2022-09-06,Bwawani
2022-09-08,Kizimkazi dimbani
2022-09-08,Kizimkazi dimbani
2022-09-08,Msuka
2022-09-08,Msuka
2022-09-08,Msuka
2022-09-08,Kizimkazi dimbani
,
,
,
,
,
,
,
,
,
,
,
,
,
,
,
,
,
,
,
,
,
,
,
,
,
,
,
,
,
,
,
,
2022-04-12,Tanga
2022-05-14,Tanga
2022-05-16,Tanga
2022-05-18,Tanga
2022-05-19,Tanga
2022-05-25,Tanga
2022-05-30,Tanga
2022-06-01,Tanga
2022-06-01,Tanga
2022-06-01,Tanga
2022-06-08,Tanga
2022-06-12,Tanga
2022-06-13,Tanga
2022-07-18,Tanga
2022-07-19,Tanga
2022-07-25,Tanga
2022-07-25,Tanga
2022-07-26,Tanga
2022-08-02,Tanga
2022-08-04,Tanga
2022-08-04,Tanga
2022-08-13,Tanga
2022-08-13,Tanga
2022-08-15,Tanga
2022-08-16,Tanga
2022-08-18,Tanga
2022-08-22,Tanga
2022-08-22,Tanga
2022-08-22,Tanga
2022-08-22,Tanga
2022-08-29,Tanga
2022-08-29,Tanga
2022-08-29,Tanga
2022-08-30,Tanga
2022-09-05,Tanga
2022-09-05,Tanga
2022-09-05,Tanga
2022-09-06,Tanga
2022-09-06,Tanga
2022-08-09,Bwawani
2022-09-12,Bwawani
2022-09-12,Bwawani
2022-09-12,Bwawani
2022-09-12,Bwawani
2022-09-12,Bwawani
2022-09-12,Bwawani
2022-09-12,Bwawani
2022-09-12,Bwawani
2022-09-12,Bwawani
,
2022-09-13,Kizimkazi dimbani
2022-09-13,Kizimkazi dimbani
,
2022-09-12,Tanga
2022-09-12,Tanga
2022-09-15,Msuka
2022-09-15,Msuka
2022-09-19,Mkokotoni
2022-09-14,Tanga
2022-09-19,Tanga
2022-09-20,Mkokotoni
2022-09-20,Kizimkazi dimbani
2022-09-20,Mkokotoni
2022-09-20,Mkokotoni
2022-09-20,Msuka
2022-09-20,Msuka
2022-09-19,Tanga
2022-09-14,Tanga
2022-09-14,Tanga
2022-09-19,Tanga
2022-05-25,Tanga
2022-05-25,Tanga
2022-09-14,Tanga
2022-09-14,Tanga
2022-09-22,Kizimkazi dimbani
2022-09-22,Kizimkazi dimbani
2022-09-22,Kizimkazi dimbani
2022-09-22,Kizimkazi dimbani
2022-09-22,Msuka
2022-09-22,Msuka
2022-09-22,Msuka
2022-08-09,Bwawani
2022-08-09,Bwawani
2022-08-09,Bwawani
2022-09-19,Bwawani
2022-09-19,Bwawani
2022-09-19,Bwawani
2022-09-19,Bwawani
2022-09-27,Mkokotoni
2022-09-26,Tanga
2022-09-27,Bwawani
2022-09-27,Bwawani
2022-09-27,Bwawani
2022-09-27,Bwawani
2022-09-27,Bwawani
2022-09-27,Bwawani
2022-09-27,Bwawani
2022-09-28,Kizimkazi dimbani
2022-09-19,Shangani
2022-09-19,Shangani
2022-09-22,Shangani
2022-09-26,Shangani
2022-09-26,Shangani
2022-09-26,Shangani
2022-09-27,Bwawani
2022-09-27,Bwawani
2022-09-27,Tanga
2022-09-27,Bwawani
2022-09-27,Bwawani
2022-09-29,Msuka
2022-09-05,Bwawani
2022-09-06,Bwawani
2022-09-06,Bwawani
2022-09-06,Bwawani
2022-10-03,Tanga
2022-10-03,Tanga
2022-10-03,Tanga
2022-10-04,Kizimkazi dimbani
2022-10-03,Mkokotoni
2022-10-04,Mkokotoni
2022-10-04,Mkokotoni
2022-10-04,Mkokotoni
2022-10-04,Msuka
2022-10-04,Msuka
2022-09-06,Bwawani
2022-09-06,Bwawani
2022-09-06,Bwawani
2022-10-04,Tanga
2022-10-07,Kizimkazi dimbani
2022-10-10,Bwawani
2022-10-10,Bwawani
2022-10-10,Bwawani
2022-10-10,Bwawani
2022-10-10,Bwawani
2022-10-10,Bwawani
2022-10-10,Mkokotoni
2022-10-11,Kizimkazi dimbani
2022-10-11,Kizimkazi dimbani
2022-10-11,Mkokotoni
2022-09-06,Bwawani
2022-09-06,Bwawani
2022-09-06,Bwawani
2022-10-11,Mkokotoni
2022-10-10,Bwawani
2022-10-10,Bwawani
2022-10-04,Tanga
2022-10-04,Tanga
2022-10-11,Tanga
2022-10-11,Tanga
2022-10-11,Tanga
2022-10-10,Bwawani
2022-10-10,Bwawani
2022-10-10,Bwawani
2022-10-10,Bwawani
2022-10-12,Tanga
2022-10-13,Msuka
2022-10-13,Msuka
2022-10-13,Kizimkazi dimbani
2022-10-13,Kizimkazi dimbani
2022-10-17,Tanga
2022-10-17,Tanga
2022-10-17,Msuka
2022-10-17,Msuka
2022-10-17,Msuka
2022-10-17,Msuka
2022-10-18,Kizimkazi dimbani
2022-10-17,Mkokotoni
2022-10-17,Mkokotoni
2022-10-18,Mkokotoni
2022-10-18,Mkokotoni
2022-10-18,Mkokotoni
2022-10-19,Kizimkazi dimbani
2022-10-19,Kizimkazi dimbani
2022-10-23,Msuka
2022-10-23,Msuka
2022-10-17,Tanga
2022-10-25,Mkokotoni
2022-10-25,Mkokotoni
2022-10-28,Kizimkazi dimbani
2022-10-17,Tanga
2022-10-17,Tanga
2022-10-19,Tanga
2022-10-24,Tanga
2022-10-25,Tanga
2022-10-26,Tanga
2022-10-31,Mkokotoni
2022-10-31,Msuka
2022-10-31,Msuka
2022-10-31,Msuka
2022-11-01,Mkokotoni
2022-11-01,Mkokotoni
2022-11-01,Mazizini
2022-11-01,Mazizini
2022-11-01,Mazizini
2022-11-01,Mazizini
2022-11-01,Mazizini
2022-11-01,Mazizini
2022-11-03,Tanga
2022-11-07,Mkokotoni
2022-11-08,Bwawani
2022-11-08,Bwawani
2022-11-08,Bwawani
2022-10-10,Bwawani
2022-10-10,Bwawani
2022-10-10,Bwawani
2022-10-10,Bwawani
2022-10-10,Bwawani
2022-11-09,Kizimkazi dimbani
2022-11-10,Msuka
2022-11-10,Msuka
2022-11-10,Msuka
2022-11-10,Msuka
2022-11-13,Msuka
2022-11-14,Mkokotoni
2022-11-14,Tanga
2022-11-15,Kizimkazi dimbani
2022-11-15,Tanga
2022-10-10,Bwawani
2022-11-08,Bwawani
2022-11-08,Bwawani
2022-11-08,Bwawani
2022-11-08,Bwawani
2022-11-08,Bwawani
2022-11-15,Mkokotoni
2022-11-15,Mkokotoni
2022-10-10,Bwawani
2022-10-10,Bwawani
2022-10-10,Bwawani
2022-11-08,Bwawani
2022-11-16,Bwawani
2022-11-16,Bwawani
2022-11-16,Bwawani
2022-11-16,Bwawani
2022-11-16,Bwawani
2022-11-16,Bwawani
2022-11-16,Tanga
2022-11-16,Tanga
2022-11-16,Tanga
2022-11-20,Msuka
2022-11-20,Msuka
2022-11-20,Msuka
2022-11-21,Mkokotoni
2022-11-21,Mkokotoni
2022-11-21,Mkokotoni
2022-11-21,Mkokotoni
2022-11-16,Bwawani
2022-11-16,Bwawani
2022-11-21,Bwawani
2022-11-21,Bwawani
2022-11-21,Bwawani
2022-11-21,Bwawani
2022-11-21,Bwawani
2022-11-22,Mkokotoni
2022-11-08,Bwawani
2022-11-08,Bwawani
2022-11-08,Bwawani
2022-11-15,Bwawani
2022-11-21,Bwawani
2022-11-22,Mazizini
2022-11-22,Mazizini
2022-11-23,Bwawani
2022-11-23,Bwawani
2022-11-15,Bwawani
2022-11-15,Bwawani
2022-11-15,Bwawani
2022-11-24,Kizimkazi dimbani
2022-11-24,Kizimkazi dimbani
2022-11-24,Msuka
2022-11-27,Msuka
2022-11-27,Msuka
2022-11-27,Msuka
2022-11-28,Mkokotoni
2022-11-28,Mkokotoni
2022-11-29,Kizimkazi dimbani
2022-11-29,Mazizini
2022-11-29,Mazizini
2022-11-30,Bwawani
2022-11-30,Bwawani
2022-11-30,Tanga
2022-11-30,Tanga
2022-11-30,Tanga
2022-12-01,Kizimkazi dimbani
2022-12-01,Kizimkazi dimbani
2022-12-05,Mazizini
2022-12-05,Mazizini
2022-12-05,Mazizini
2022-12-05,Mkokotoni
2022-12-05,Mkokotoni
2022-12-05,Mkokotoni
2022-12-06,Mkokotoni
2022-12-06,Mkokotoni
2022-12-06,Mkokotoni
2022-12-06,Mkokotoni
2022-12-08,Msuka
2022-12-11,Msuka
2022-11-08,Bwawani
2022-11-15,Bwawani
2022-12-12,Tanga
2022-12-12,Tanga
2022-12-12,Tanga
2022-12-13,Mkokotoni
2022-11-15,Bwawani
2022-11-15,Bwawani
2022-11-15,Bwawani
2022-11-15,Bwawani
2022-12-13,Mazizini
2022-12-13,Mazizini
2022-12-13,Mazizini
2022-12-14,Kizimkazi dimbani
2022-11-15,Bwawani
2022-12-15,Tanga
2022-12-20,Mkokotoni
2022-12-20,Mkokotoni
2022-12-20,Mkokotoni
2022-12-21,Mazizini
2022-12-22,Msuka
2022-12-22,Msuka
2022-12-22,Msuka
2022-12-22,Msuka
2023-01-04,Tanga
2022-11-11,Shangani
2022-11-11,Shangani
2022-12-14,Shangani
2022-12-14,Shangani
2022-12-14,Shangani
2022-10-31,Shangani
2022-10-31,Shangani
2022-11-07,Shangani
2023-01-04,Tanga
2023-01-04,Tanga
2023-01-04,Tanga
2023-01-04,Tanga
2023-01-04,Mazizini
2023-01-04,Mazizini
2023-01-05,Tanga
2023-01-05,Tanga
2023-01-05,Kizimkazi dimbani
2023-01-05,Kizimkazi dimbani
2023-01-05,Mkokotoni
2023-01-05,Mkokotoni
2023-01-05,Mkokotoni
2023-01-05,Mkokotoni
2023-01-09,Bwawani
2023-01-09,Bwawani
2023-01-09,Bwawani
2023-01-09,Mkokotoni
2023-01-09,Mkokotoni
2023-01-10,Mazizini
2023-01-10,Mazizini
2023-01-09,Tanga
2023-01-09,Kizimkazi dimbani
2023-01-11,Bwawani
2023-01-11,Bwawani
2023-01-11,Bwawani
2023-01-11,Bwawani
2023-01-11,Bwawani
2023-01-11,Bwawani
2023-01-11,Bwawani
2023-01-11,Bwawani
2023-01-11,Bwawani
2023-01-11,Bwawani
2023-01-11,Bwawani
2023-01-10,Tanga
2023-01-10,Tanga
2023-01-11,Msuka
2023-01-12,Kizimkazi dimbani
2023-01-15,Msuka
2023-01-15,Msuka
2023-01-15,Msuka
2023-01-16,Kizimkazi dimbani
2023-01-16,Mkokotoni
2023-01-16,Mkokotoni
2023-01-16,Mkokotoni
2023-01-16,Tanga
2023-01-16,Tanga
2023-01-16,Tanga
2023-01-16,Tanga
2023-01-16,Tanga
2023-01-17,Tanga
2023-01-17,Tanga
2023-01-17,Tanga
2023-01-17,Tanga
2023-01-17,Tanga
2023-01-18,Tanga
2023-01-18,Tanga
2023-01-18,Tanga
2023-01-18,Tanga
2023-01-18,Tanga
2023-01-18,Kizimkazi dimbani
2023-01-18,Kizimkazi dimbani
2023-01-18,Kizimkazi dimbani
2023-01-18,Mazizini
2023-01-18,Mazizini
2023-01-18,Mazizini
2023-01-17,Mkokotoni
2023-01-17,Mkokotoni
2023-01-17,Mkokotoni
2023-01-01,Shangani
2023-01-01,Shangani
2023-01-17,Shangani
2023-01-17,Shangani
2023-01-17,Shangani
2023-01-18,Shangani
2023-01-18,Shangani
2023-01-22,Msuka
2023-01-22,Msuka
2023-01-23,Tanga
2023-01-23,Tanga
2023-01-23,Tanga
2022-10-24,Bwawani
2023-01-09,Bwawani
2023-01-09,Bwawani
2023-01-09,Bwawani
2023-01-24,Bwawani
2023-01-24,Bwawani
2023-01-24,Tanga
2023-01-24,Tanga
2023-01-24,Tanga
2023-01-24,Mazizini
2023-01-24,Kizimkazi dimbani
2023-01-09,Bwawani
2023-01-09,Bwawani
2023-01-09,Bwawani
2023-01-25,Bwawani
2023-01-25,Bwawani
2023-01-25,Bwawani
2023-01-25,Bwawani
2023-01-25,Bwawani
2023-01-25,Bwawani
2023-01-25,Bwawani
2023-01-09,Bwawani
2023-01-30,Bwawani
2023-01-09,Bwawani
2023-01-30,Bwawani
2023-01-09,Bwawani
2023-01-09,Bwawani
2023-01-30,Bwawani
2023-01-25,Tanga
2023-01-25,Tanga
2023-01-30,Tanga
2023-01-30,Tanga
2023-01-30,Tanga
2023-01-31,Tanga
2023-02-01,Tanga
2023-02-01,Tanga
2023-02-01,Tanga
2023-02-01,Tanga
2023-01-31,Mazizini
2023-02-01,Mazizini
2023-02-03,Mazizini
2023-02-05,Msuka
2023-02-05,Msuka
2023-02-06,Malindi
2023-02-06,Malindi
2023-02-06,Malindi
2023-02-07,Malindi
2023-02-07,Malindi
2023-02-07,Malindi
2023-02-07,Malindi
2023-02-07,Malindi
2023-02-07,Malindi
2023-02-07,Malindi
2023-02-07,Malindi
2023-02-07,Malindi
2023-02-07,Malindi
2023-02-07,Malindi
2023-02-07,Malindi
2023-02-07,Malindi
2023-02-07,Malindi
2023-02-07,Malindi
2023-02-07,Malindi
2023-02-07,Malindi
2023-02-07,Mazizini
2023-02-07,Malindi
2023-02-08,Malindi
2023-02-08,Malindi
2023-02-08,Malindi
2023-02-08,Malindi
2023-02-08,Malindi
2023-02-08,Malindi
2023-02-08,Malindi
2023-02-08,Malindi
2023-02-08,Malindi
2023-02-08,Malindi
2023-02-08,Malindi
2023-02-08,Malindi
2023-02-08,Malindi
2023-01-24,Bwawani
2023-01-24,Bwawani
2023-01-24,Bwawani
2023-01-30,Bwawani
2023-01-30,Bwawani
2023-01-30,Bwawani
2023-02-08,Malindi
2023-02-08,Malindi
2023-02-09,Malindi
2023-02-09,Malindi
2023-02-09,Malindi
2023-02-09,Malindi
2023-02-09,Malindi
2023-02-09,Malindi
2023-02-09,Malindi
2023-02-09,Malindi
2023-02-12,Msuka
2023-02-12,Msuka
2023-02-13,Malindi
2023-02-13,Malindi
2023-02-13,Malindi
2023-02-13,Malindi
2023-02-13,Malindi
2023-02-13,Malindi
2023-02-13,Malindi
2023-02-13,Malindi
2023-02-13,Malindi
2023-02-13,Malindi
2023-02-13,Malindi
2023-02-13,Malindi
2023-02-13,Malindi
2023-02-13,Malindi
2023-02-13,Malindi
2023-02-13,Malindi
2023-02-13,Malindi
2023-02-13,Malindi
2023-02-13,Malindi
2023-02-13,Tanga
2023-02-13,Tanga
2023-02-14,Malindi
2023-02-14,Malindi
2023-02-14,Malindi
2023-02-14,Malindi
2023-02-14,Malindi
2023-02-14,Malindi
2023-02-14,Malindi
2023-01-30,Bwawani
2023-01-30,Bwawani
2023-02-13,Malindi
2023-02-13,Malindi
2023-02-13,Malindi
2023-02-13,Malindi
2023-02-13,Malindi
2023-02-13,Malindi
2023-02-13,Malindi
2023-02-13,Malindi
2023-02-13,Malindi
2023-02-13,Malindi
2023-02-13,Malindi
2023-02-14,Malindi
2023-02-13,Malindi
2023-02-14,Mkokotoni
2023-02-14,Mkokotoni
2023-02-14,Mkokotoni
2023-02-14,Mkokotoni
2023-02-15,Mkokotoni
2023-02-15,Mkokotoni
2023-02-15,Mkokotoni
2023-02-15,Mkokotoni
2023-02-15,Mkokotoni
2023-02-15,Mkokotoni
2023-02-15,Mkokotoni
2023-02-15,Mkokotoni
2023-02-15,Mkokotoni
2023-02-15,Mkokotoni
2023-02-15,Mkokotoni
2023-02-15,Mkokotoni
2023-02-15,Mkokotoni
2023-02-15,Mkokotoni
2023-02-15,Mkokotoni
2023-02-15,Mkokotoni
2023-02-15,Mkokotoni
2023-02-15,Mkokotoni
2023-02-15,Mkokotoni
2023-02-15,Mkokotoni
2023-02-15,Mkokotoni
2023-02-15,Mkokotoni
2023-02-13,Malindi
2023-02-13,Malindi
2023-02-13,Malindi
2023-02-15,Mkokotoni
2023-02-15,Mkokotoni
2023-02-15,Mkokotoni
2023-02-15,Mkokotoni
2023-02-15,Mkokotoni
2023-02-15,Mkokotoni
2023-02-15,Mkokotoni
2023-02-15,Mazizini
2023-02-15,Mkokotoni
2023-02-15,Mkokotoni
2023-02-16,Tanga
2023-02-16,Tanga
2023-02-16,Tanga
2023-02-16,Tanga
2023-02-16,Tanga
2023-02-16,Tanga
2023-02-17,Mkokotoni
2023-02-17,Mkokotoni
2023-02-17,Mkokotoni
2023-02-17,Mkokotoni
2023-02-17,Mkokotoni
2023-02-17,Mkokotoni
2023-02-17,Mkokotoni
2023-02-17,Mkokotoni
2023-02-17,Mkokotoni
2023-02-17,Mkokotoni
2023-02-17,Mkokotoni
2023-02-17,Mkokotoni
2023-02-17,Malindi
2023-02-17,Malindi
2023-02-17,Malindi
2023-02-17,Malindi
2023-02-17,Malindi
2023-02-17,Malindi
2023-02-17,Malindi
2023-02-17,Malindi
2023-02-17,Malindi
2023-02-17,Malindi
2023-02-17,Malindi
2023-02-17,Malindi
2023-02-17,Malindi
2023-02-17,Malindi
2023-02-17,Mkokotoni
2023-02-17,Mkokotoni
2023-02-17,Mkokotoni
2023-02-17,Mkokotoni
2023-02-17,Mkokotoni
2023-02-17,Mkokotoni
2023-02-17,Mkokotoni
2023-02-17,Mkokotoni
2023-02-17,Mkokotoni
2023-02-17,Mkokotoni
2023-02-17,Mkokotoni
2023-02-17,Mkokotoni
2023-02-17,Mkokotoni
2023-02-17,Mkokotoni
2023-02-17,Mkokotoni
2023-02-19,Msuka
2023-02-19,Msuka
2023-02-19,Msuka
2023-02-19,Msuka
2023-02-19,Msuka
2023-02-19,Msuka
2023-02-20,Mkokotoni
2023-02-20,Mkokotoni
2023-02-20,Mkokotoni
2023-02-20,Mkokotoni
2023-02-20,Mkokotoni
2023-02-20,Mkokotoni
2023-02-20,Mkokotoni
2023-02-20,Mkokotoni
2023-02-20,Mkokotoni
2023-02-20,Mkokotoni
2023-02-20,Mkokotoni
2023-02-20,Mkokotoni
2023-02-20,Mkokotoni
2023-02-20,Mkokotoni
2023-02-20,Mkokotoni
2023-02-20,Mkokotoni
2023-02-20,Mkokotoni
2023-02-20,Mkokotoni
2023-02-20,Mkokotoni
2023-02-20,Mkokotoni
2023-02-20,Mkokotoni
2023-02-20,Mkokotoni
2023-02-20,Mkokotoni
2023-02-20,Mkokotoni
2023-02-20,Mkokotoni
2023-02-20,Mkokotoni
2023-02-20,Tanga
2023-02-20,Tanga
2023-02-20,Tanga
2023-01-10,Shangani
2023-01-24,Shangani
2023-02-10,Shangani
2023-02-15,Shangani
2023-02-15,Shangani
2023-02-17,Shangani
2023-02-17,Shangani
2023-02-21,Msuka
2023-02-20,Malindi
2023-02-20,Malindi
2023-02-20,Malindi
2023-02-20,Malindi
2023-02-20,Malindi
2023-02-22,Malindi
2023-02-22,Malindi
2023-02-22,Malindi
2023-02-22,Malindi
2023-02-22,Malindi
2023-02-22,Malindi
2023-02-22,Malindi
2023-02-22,Malindi
2023-02-21,Tanga
2023-02-21,Tanga
2023-02-21,Tanga
2023-02-22,Tanga
2023-02-22,Tanga
2023-02-26,Msuka
2023-02-27,Mkokotoni
2023-02-28,Mkokotoni
2023-02-28,Mkokotoni
2023-03-02,Msuka
2023-03-02,Msuka
2023-03-05,Msuka
2023-02-13,Malindi
2023-02-13,Malindi
2023-02-13,Malindi
2023-02-13,Malindi
2023-02-13,Malindi
2023-02-13,Malindi
2023-03-01,Malindi
2023-03-01,Malindi
2023-03-01,Malindi
2023-03-01,Malindi
2023-03-01,Malindi
2023-03-01,Malindi
2023-03-01,Malindi
2023-03-01,Malindi
2023-03-01,Malindi
2023-03-01,Malindi
2023-03-01,Malindi
2023-03-01,Malindi
2023-03-01,Malindi
2023-03-01,Malindi
2023-03-06,Mkokotoni
2023-02-22,Tanga
2023-02-22,Tanga
2023-02-27,Tanga
2023-02-27,Tanga
2023-02-27,Tanga
2023-02-28,Tanga
2023-02-28,Tanga
2023-02-28,Tanga
2023-03-07,Mkokotoni
2023-03-09,Mazizini
2023-03-12,Msuka
2023-03-12,Msuka
2023-03-12,Msuka
2023-03-14,Mkokotoni
2023-03-14,Mkokotoni
2023-03-14,Mkokotoni
2023-03-14,Mkokotoni
2023-03-14,Mazizini
2023-03-14,Mazizini
2023-02-13,Malindi
2023-02-13,Malindi
2023-02-13,Malindi
2023-02-13,Malindi
2023-03-14,Malindi
2023-03-14,Malindi
2023-03-14,Malindi
2023-03-14,Malindi
2023-03-14,Malindi
2023-03-14,Malindi
2023-03-14,Malindi
2023-03-14,Malindi
2023-03-14,Malindi
2023-03-14,Malindi
2023-03-15,Malindi
2023-03-15,Malindi
2023-03-15,Malindi
2023-03-15,Malindi
2023-02-20,Mkokotoni
2023-03-16,Mkokotoni
2023-03-16,Mkokotoni
2023-03-16,Mkokotoni
2023-03-16,Mkokotoni
2023-03-16,Mkokotoni
2023-03-16,Mkokotoni
2023-03-14,Msuka
2023-03-14,Msuka
2023-03-16,Msuka
2023-03-16,Malindi
2023-03-17,Malindi
2023-03-17,Malindi
2023-03-17,Malindi
2023-03-17,Malindi
2023-03-17,Malindi
2023-03-17,Malindi
2023-03-17,Malindi
2023-03-17,Malindi
2023-03-17,Malindi
2023-03-17,Malindi
2023-03-17,Malindi
2023-03-18,Malindi
2023-03-18,Malindi
2023-03-18,Malindi
2023-03-18,Malindi
2023-03-18,Malindi
2023-03-18,Malindi
2023-03-18,Malindi
2023-03-18,Malindi
2023-03-18,Malindi
2023-03-18,Malindi
2023-03-18,Malindi
2023-03-18,Malindi
2023-03-18,Malindi
2023-03-18,Malindi
2023-03-18,Malindi
2023-03-18,Malindi
2023-03-18,Malindi
2023-03-18,Malindi
2023-03-18,Malindi
2023-03-18,Malindi
2023-03-18,Malindi
2023-03-18,Malindi
2023-03-18,Malindi
2023-03-18,Malindi
2023-03-18,Malindi
2023-03-18,Malindi
2023-03-18,Malindi
2023-03-18,Malindi
2023-03-18,Malindi
2023-03-18,Malindi
2023-03-18,Malindi
2023-03-18,Malindi
2023-03-18,Malindi
2023-03-18,Malindi
2023-03-18,Malindi
2023-03-18,Malindi
2023-03-18,Malindi
2023-03-18,Malindi
2023-03-18,Malindi
2023-03-18,Malindi
2023-03-18,Malindi
2023-03-18,Mkokotoni
2023-03-18,Mkokotoni
2023-03-19,Msuka
2023-03-19,Msuka
2023-03-19,Msuka
2023-03-19,Msuka
2023-03-19,Msuka
2023-03-19,Msuka
2023-03-18,Mkokotoni
2023-03-20,Mkokotoni
2023-03-20,Mkokotoni
2023-03-20,Mkokotoni
2023-03-20,Mkokotoni
2023-03-20,Mkokotoni
2023-03-20,Mkokotoni
2023-03-20,Mkokotoni
2023-03-20,Mkokotoni
2023-03-20,Mkokotoni
2023-03-20,Mkokotoni
2023-03-20,Mkokotoni
2023-03-20,Mkokotoni
2023-03-20,Mkokotoni
2023-03-20,Msuka
2023-03-21,Malindi
2023-03-21,Malindi
2023-03-21,Malindi
2023-03-21,Malindi
2023-03-21,Malindi
2023-03-21,Malindi
2023-03-21,Malindi
2023-03-21,Malindi
2023-03-21,Malindi
2023-03-21,Malindi
2023-03-21,Malindi
2023-03-21,Malindi
2023-03-21,Mkokotoni
2023-03-21,Malindi
2023-03-21,Malindi
2023-03-21,Malindi
2023-03-21,Malindi
2023-03-15,Malindi
2023-03-15,Malindi
2023-03-15,Malindi
2023-03-15,Malindi
2023-03-21,Mkokotoni
2023-03-21,Malindi
2023-03-21,Malindi
2023-03-21,Malindi
2023-03-21,Malindi
2023-03-21,Malindi
2023-03-21,Malindi
2023-03-21,Malindi
2023-03-21,Malindi
2023-03-21,Malindi
2023-03-22,Mkokotoni
2023-03-22,Mkokotoni
2023-03-22,Mkokotoni
2023-03-22,Mkokotoni
2023-03-22,Mkokotoni
2023-03-22,Mkokotoni
2023-03-22,Mkokotoni
2023-03-22,Mkokotoni
2023-03-22,Mkokotoni
2023-03-22,Mkokotoni
2023-03-22,Mkokotoni
2023-03-22,Mkokotoni
2023-03-22,Mkokotoni
2023-03-22,Mkokotoni
2023-03-22,Mkokotoni
2023-03-22,Mkokotoni
2023-03-22,Mkokotoni
2023-03-22,Mkokotoni
2023-03-22,Mkokotoni
2023-03-22,Mkokotoni
2023-03-22,Mkokotoni
2023-03-22,Mazizini
2023-03-22,Mazizini
2023-03-22,Mkokotoni
2023-03-22,Mkokotoni
2023-03-22,Mkokotoni
2023-03-22,Mkokotoni
2023-03-22,Mkokotoni
2023-03-22,Mkokotoni
2023-03-22,Mkokotoni
2023-03-22,Mkokotoni
2023-03-22,Mkokotoni
2023-03-22,Mkokotoni
2023-03-22,Mkokotoni
2023-03-22,Mkokotoni
2023-03-22,Mkokotoni
2023-03-22,Mkokotoni
2023-03-22,Malindi
2023-03-22,Malindi
2023-03-22,Malindi
2023-03-22,Malindi
2023-03-22,Malindi
2023-03-22,Malindi
2023-03-22,Malindi
2023-03-22,Malindi
2023-03-22,Malindi
2023-03-22,Malindi
2023-03-22,Malindi
2023-03-22,Malindi
2023-03-22,Malindi
2023-03-22,Malindi
2023-03-22,Malindi
2023-03-22,Malindi
2023-03-22,Malindi
2023-03-22,Malindi
2023-03-22,Malindi
2023-03-22,Malindi
2023-03-22,Malindi
2023-03-22,Malindi
2023-03-22,Malindi
2023-03-22,Malindi
2023-03-22,Malindi
2023-03-22,Malindi
2023-03-22,Malindi
2023-03-22,Malindi
2023-03-23,Malindi
2023-03-23,Malindi
2023-03-23,Malindi
2023-03-23,Malindi
2023-03-23,Malindi
2023-03-23,Malindi
2023-03-23,Malindi
2023-03-23,Malindi
2023-03-23,Malindi
2023-03-23,Malindi
2023-03-23,Malindi
2023-03-23,Malindi
2023-03-23,Malindi
2023-03-23,Malindi
2023-03-23,Malindi
2023-03-23,Malindi
2023-03-23,Malindi
2023-03-23,Malindi
2023-03-23,Malindi
2023-03-23,Malindi
2023-03-23,Malindi
2023-03-23,Malindi
2023-03-23,Malindi
2023-03-23,Malindi
2023-03-23,Malindi
2023-03-23,Malindi
2023-03-23,Malindi
2023-03-23,Malindi
2023-03-23,Malindi
2023-03-23,Malindi
2023-03-23,Malindi
2023-03-23,Malindi
2023-03-23,Malindi
2023-03-23,Malindi
2023-03-23,Malindi
2023-03-23,Malindi
2023-03-23,Malindi
2023-03-23,Malindi
2023-03-23,Malindi
2023-03-23,Malindi
2023-03-23,Malindi
2023-03-23,Malindi
2023-03-23,Malindi
2023-03-23,Malindi
2023-03-23,Malindi
2023-03-23,Malindi
2023-03-23,Malindi
2023-03-23,Malindi
2023-03-23,Malindi
2023-03-23,Malindi
2023-03-23,Malindi
2023-03-23,Malindi
2023-03-23,Malindi
2023-03-23,Malindi
2023-03-23,Malindi
2023-03-23,Malindi
2023-03-23,Malindi
2023-03-23,Malindi
2023-03-23,Malindi
2023-03-23,Malindi
2023-03-23,Malindi
2023-03-23,Malindi
2023-03-23,Malindi
2023-03-23,Malindi
2023-03-23,Malindi
2023-03-23,Malindi
2023-03-23,Malindi
2023-03-23,Malindi
2023-03-23,Malindi
2023-03-23,Malindi
2023-03-23,Malindi
2023-03-23,Malindi
2023-03-23,Malindi
2023-03-23,Malindi
2023-03-24,Malindi
2023-03-24,Malindi
2023-03-24,Malindi
2023-03-24,Malindi
2023-03-24,Malindi
2023-03-24,Malindi
2023-03-24,Malindi
2023-03-24,Malindi
2023-03-24,Malindi
2023-03-24,Malindi
2023-03-24,Malindi
2023-03-23,Malindi
2023-03-23,Malindi
2023-03-23,Malindi
2023-03-23,Malindi
2023-03-23,Malindi
2023-03-23,Malindi
2023-03-23,Malindi
2023-03-25,Malindi
2023-03-25,Malindi
2023-03-25,Malindi
2023-03-25,Malindi
2023-03-25,Malindi
2023-03-25,Malindi
2023-03-25,Malindi
2023-03-25,Mkokotoni
2023-03-25,Mkokotoni
2023-03-25,Mkokotoni
2023-03-25,Mkokotoni
2023-03-25,Mkokotoni
2023-03-25,Mkokotoni
2023-03-25,Mkokotoni
2023-03-25,Mkokotoni
2023-03-25,Mkokotoni
2023-03-25,Mkokotoni
2023-03-25,Mkokotoni
2023-03-25,Mkokotoni
2023-03-25,Mkokotoni
2023-03-25,Mkokotoni
2023-03-25,Mkokotoni
2023-03-25,Mkokotoni
2023-03-25,Mkokotoni
2023-03-25,Mkokotoni
2023-03-25,Mkokotoni
2023-03-25,Mkokotoni
2023-03-25,Mkokotoni
2023-03-25,Mkokotoni
2023-03-25,Mkokotoni
2023-03-25,Mkokotoni
2023-03-25,Mkokotoni
2023-03-25,Mkokotoni
2023-03-25,Mkokotoni
2023-03-25,Mkokotoni
2023-03-25,Mkokotoni
2023-03-25,Mkokotoni
2023-03-25,Mkokotoni
2023-03-25,Mkokotoni
2023-03-25,Mkokotoni
2023-03-25,Mkokotoni
2023-03-25,Mkokotoni
2023-03-25,Mkokotoni
2023-03-25,Mkokotoni
2023-03-25,Mkokotoni
2023-03-25,Mkokotoni
2023-03-25,Mkokotoni
2023-03-25,Mkokotoni
2023-03-23,Malindi
2023-03-23,Malindi
2023-03-23,Malindi
2023-03-23,Malindi
2023-03-23,Malindi
2023-03-23,Malindi
2023-03-23,Malindi
2023-03-23,Malindi
2023-03-23,Malindi
2023-03-23,Malindi
2023-03-23,Malindi
2023-03-23,Malindi
2023-03-23,Malindi
2023-03-23,Malindi
2023-03-23,Malindi
2023-03-23,Malindi
2023-03-23,Malindi
2023-03-23,Malindi
2023-03-23,Malindi
2023-03-23,Malindi
2023-03-23,Malindi
2023-03-23,Malindi
2023-03-23,Malindi
2023-03-23,Malindi
2023-03-23,Malindi
2023-03-23,Malindi
2023-03-23,Malindi
2023-03-23,Malindi
2023-03-23,Malindi
2023-03-23,Malindi
2023-03-23,Malindi
2023-03-23,Malindi
2023-03-23,Malindi
2023-03-23,Malindi
2023-03-23,Malindi
2023-03-24,Malindi
2023-03-24,Malindi
2023-03-24,Malindi
2023-03-24,Malindi
2023-03-24,Malindi
2023-03-24,Malindi
2023-03-24,Malindi
2023-03-24,Malindi
2023-03-24,Malindi
2023-03-24,Malindi
2023-03-24,Malindi
2023-03-24,Malindi
2023-03-24,Malindi
2023-03-24,Malindi
2023-03-24,Malindi
2023-03-24,Malindi
2023-03-24,Malindi
2023-03-24,Malindi
2023-03-24,Malindi
2023-03-24,Malindi
2023-03-24,Malindi
2023-03-24,Malindi
2023-03-24,Malindi
2023-03-24,Malindi
2023-03-24,Malindi
2023-03-24,Malindi
2023-03-24,Malindi
2023-03-24,Malindi
2023-03-24,Malindi
2023-03-24,Malindi
2023-03-24,Malindi
2023-03-24,Malindi
2023-03-24,Malindi
2023-03-24,Malindi
2023-03-24,Malindi
2023-03-24,Malindi
2023-03-24,Malindi
2023-03-24,Malindi
2023-03-24,Malindi
2023-03-24,Malindi
2023-03-24,Malindi
2023-03-24,Malindi
2023-03-24,Malindi
2023-03-24,Malindi
2023-03-24,Malindi
2023-03-24,Malindi
2023-03-24,Malindi
2023-03-24,Malindi
2023-03-24,Malindi
2023-03-24,Malindi
2023-03-24,Malindi
2023-03-24,Malindi
2023-03-24,Malindi
2023-03-24,Malindi
2023-03-24,Malindi
2023-03-24,Malindi
2023-03-24,Malindi
2023-03-24,Mkokotoni
2023-03-24,Mkokotoni
2023-03-24,Mkokotoni
2023-03-24,Mkokotoni
2023-03-24,Mkokotoni
2023-03-25,Mkokotoni
2023-03-25,Mkokotoni
2023-03-25,Mkokotoni
2023-03-25,Mkokotoni
2023-03-25,Mkokotoni
2023-03-25,Mkokotoni
2023-03-25,Mkokotoni
2023-03-25,Mkokotoni
2023-03-26,Mkokotoni
2023-03-25,Mkokotoni
2023-03-26,Mkokotoni
2023-03-26,Mkokotoni
2023-03-25,Mkokotoni
2023-03-26,Mkokotoni
2023-03-25,Mkokotoni
2023-03-26,Mkokotoni
2023-03-26,Mkokotoni
2023-03-25,Mkokotoni
2023-03-26,Malindi
2023-03-25,Mkokotoni
2023-03-26,Malindi
2023-03-26,Malindi
2023-03-25,Mkokotoni
2023-03-26,Malindi
2023-03-26,Malindi
2023-03-25,Mkokotoni
2023-03-26,Malindi
2023-03-26,Malindi
2023-03-26,Malindi
2023-03-26,Malindi
2023-03-26,Malindi
2023-03-26,Malindi
2023-03-26,Malindi
2023-03-26,Malindi
2023-03-26,Malindi
2023-03-26,Msuka
2023-03-26,Msuka
2023-03-25,Mkokotoni
2023-03-26,Malindi
2023-03-26,Malindi
2023-03-26,Malindi
2023-03-26,Malindi
2023-03-26,Malindi
2023-03-26,Malindi
2023-03-26,Malindi
2023-03-26,Malindi
2023-03-26,Malindi
2023-03-26,Malindi
2023-03-26,Malindi
2023-03-26,Malindi
2023-03-25,Mkokotoni
2023-03-26,Malindi
2023-03-26,Malindi
2023-03-26,Malindi
2023-03-26,Malindi
2023-03-26,Malindi
2023-03-26,Malindi
2023-03-26,Malindi
2023-03-26,Malindi
2023-03-26,Malindi
2023-03-26,Malindi
2023-03-26,Malindi
2023-03-25,Mkokotoni
2023-03-25,Mkokotoni
2023-03-25,Mkokotoni
2023-03-25,Mkokotoni
2023-03-25,Mkokotoni
2023-03-25,Mkokotoni
2023-03-25,Mkokotoni
2023-03-25,Mkokotoni
2023-03-26,Malindi
2023-03-27,Malindi
2023-03-27,Malindi
2023-03-27,Malindi
2023-03-27,Malindi
2023-03-27,Malindi
2023-03-27,Malindi
2023-03-27,Malindi
2023-03-27,Malindi
2023-03-27,Malindi
2023-03-27,Malindi
2023-03-27,Malindi
2023-03-27,Malindi
2023-03-27,Malindi
2023-03-27,Malindi
2023-03-27,Malindi
2023-03-27,Malindi
2023-03-27,Malindi
2023-03-27,Malindi
2023-03-27,Malindi
2023-03-27,Malindi
2023-03-27,Malindi
2023-03-27,Malindi
2023-03-27,Malindi
2023-03-27,Malindi
2023-03-27,Malindi
2023-03-27,Malindi
2023-03-27,Malindi
2023-03-27,Malindi
2023-03-27,Malindi
2023-03-27,Malindi
2023-03-27,Malindi
2023-03-27,Malindi
2023-03-27,Malindi
2023-03-27,Malindi
2023-03-27,Malindi
2023-03-27,Malindi
2023-03-27,Malindi
2023-03-27,Malindi
2023-03-27,Malindi
2023-03-27,Malindi
2023-03-27,Malindi
2023-03-27,Malindi
2023-03-27,Malindi
2023-03-27,Malindi
2023-03-27,Malindi
2023-03-27,Malindi
2023-03-27,Malindi
2023-03-27,Malindi
2023-03-27,Malindi
2023-03-27,Malindi
2023-03-27,Malindi
2023-03-27,Malindi
2023-03-27,Malindi
2023-03-27,Malindi
2023-03-27,Malindi
2023-03-27,Mkokotoni
2023-03-27,Malindi
2023-03-27,Malindi
2023-03-27,Malindi
2023-03-27,Malindi
2023-03-27,Malindi
2023-03-27,Malindi
2023-03-27,Malindi
2023-03-27,Malindi
2023-03-27,Malindi
2023-03-27,Malindi
2023-03-27,Malindi
2023-03-27,Malindi
2023-03-27,Malindi
2023-03-27,Malindi
2023-03-27,Malindi
2023-03-27,Malindi
2023-03-27,Malindi
2023-03-27,Malindi
2023-03-27,Malindi
2023-03-27,Malindi
2023-03-27,Malindi
2023-03-27,Malindi
2023-03-27,Malindi
2023-03-27,Malindi
2023-03-27,Malindi
2023-03-27,Malindi
2023-03-27,Mkokotoni
2023-03-27,Mkokotoni
2023-03-27,Mkokotoni
2023-03-27,Mkokotoni
2023-03-27,Mkokotoni
2023-03-27,Mkokotoni
2023-03-27,Mkokotoni
2023-03-27,Mkokotoni
2023-03-27,Mkokotoni
2023-03-27,Mkokotoni
2023-03-27,Mkokotoni
2023-03-27,Mkokotoni
2023-03-27,Mkokotoni
2023-03-27,Mkokotoni
2023-03-27,Mkokotoni
2023-03-27,Mkokotoni
2023-03-27,Mkokotoni
2023-03-27,Mkokotoni
2023-03-27,Mkokotoni
2023-03-27,Mkokotoni
2023-03-27,Mkokotoni
2023-03-27,Mkokotoni
2023-03-27,Mkokotoni
2023-03-27,Mkokotoni
2023-03-27,Mkokotoni
2023-03-27,Mkokotoni
2023-03-27,Mkokotoni
2023-03-27,Mkokotoni
2023-03-27,Mkokotoni
2023-03-27,Mkokotoni
2023-03-27,Mkokotoni
2023-03-27,Mkokotoni
2023-03-27,Mkokotoni
2023-03-27,Mkokotoni
2023-03-27,Mkokotoni
2023-03-27,Mkokotoni
2023-03-27,Mkokotoni
2023-03-27,Mkokotoni
2023-03-27,Mkokotoni
2023-03-28,Mkokotoni
2023-03-28,Mkokotoni
2023-03-28,Mkokotoni
2023-03-28,Mkokotoni
2023-03-28,Mkokotoni
2023-03-28,Mkokotoni
2023-03-28,Mkokotoni
2023-03-28,Mkokotoni
2023-03-28,Mkokotoni
2023-03-28,Mkokotoni
2023-03-28,Mkokotoni
2023-03-28,Mkokotoni
2023-03-28,Mkokotoni
2023-03-28,Mkokotoni
2023-03-28,Mkokotoni
2023-03-28,Mkokotoni
2023-03-28,Mkokotoni
2023-03-28,Mkokotoni
2023-03-28,Mkokotoni
2023-03-28,Mkokotoni
2023-03-28,Mkokotoni
2023-03-28,Mkokotoni
2023-03-28,Mkokotoni
2023-03-28,Mkokotoni
2023-03-28,Mkokotoni
2023-03-28,Mkokotoni
2023-03-28,Mkokotoni
2023-03-28,Mkokotoni
2023-03-28,Mkokotoni
2023-03-28,Mkokotoni
2023-03-28,Mkokotoni
2023-03-28,Mkokotoni
2023-03-28,Mkokotoni
2023-03-28,Mkokotoni
2023-03-28,Mkokotoni
2023-03-28,Mkokotoni
2023-03-29,Mkokotoni
2023-03-29,Mkokotoni
2023-03-29,Mkokotoni
2023-03-29,Mkokotoni
2023-03-29,Mkokotoni
2023-03-29,Mkokotoni
2023-03-15,Malindi
2023-03-15,Malindi
2023-03-15,Malindi
2023-03-15,Malindi
2023-03-15,Malindi
2023-03-15,Malindi
2023-03-21,Malindi
2023-04-02,Msuka
2023-04-02,Msuka
2023-04-02,Msuka
2023-04-02,Msuka
2023-04-02,Msuka
2023-04-02,Msuka
2023-03-29,Mkokotoni
2023-04-02,Mkokotoni
2023-04-02,Mkokotoni
2023-04-02,Mkokotoni
2023-04-02,Mkokotoni
2023-04-02,Mkokotoni
2023-04-02,Mkokotoni
2023-04-02,Mkokotoni
2023-04-02,Mkokotoni
2023-04-02,Mkokotoni
2023-04-02,Mkokotoni
2023-04-02,Mkokotoni
2023-04-02,Mkokotoni
2023-04-02,Mkokotoni
2023-04-02,Mkokotoni
2023-04-02,Mkokotoni
2023-04-02,Mkokotoni
2023-04-02,Mkokotoni
2023-04-02,Mkokotoni
2023-04-02,Malindi
2023-04-02,Malindi
2023-04-02,Malindi
2023-04-02,Malindi
2023-04-02,Malindi
2023-04-02,Malindi
2023-04-02,Malindi
2023-04-02,Malindi
2023-04-02,Malindi
2023-04-02,Malindi
2023-04-02,Malindi
2023-04-02,Malindi
2023-04-02,Malindi
2023-04-02,Malindi
2023-04-02,Malindi
2023-04-02,Malindi
2023-04-02,Malindi
2023-04-02,Malindi
2023-04-02,Malindi
2023-04-02,Malindi
2023-04-02,Malindi
2023-04-02,Malindi
2023-04-02,Malindi
2023-04-03,Malindi
2023-04-03,Malindi
2023-04-03,Malindi
2023-04-03,Malindi
2023-04-03,Malindi
2023-04-03,Malindi
2023-04-03,Malindi
2023-04-03,Malindi
2023-04-03,Malindi
2023-04-03,Malindi
2023-04-03,Malindi
2023-04-03,Malindi
2023-04-03,Malindi
2023-04-03,Malindi
2023-04-03,Malindi
2023-04-03,Malindi
2023-04-03,Malindi
2023-04-03,Malindi
2023-04-03,Malindi
2023-04-03,Malindi
2023-04-03,Malindi
2023-04-03,Mkokotoni
2023-04-03,Mkokotoni
2023-04-03,Mkokotoni
2023-04-03,Mkokotoni
2023-04-03,Mkokotoni
2023-04-03,Mkokotoni
2023-04-03,Mkokotoni
2023-04-03,Mkokotoni
2023-04-03,Mkokotoni
2023-04-03,Mkokotoni
2023-04-03,Mkokotoni
2023-04-03,Mkokotoni
2023-04-03,Mkokotoni
2023-04-03,Mkokotoni
2023-04-03,Mkokotoni
2023-04-03,Mkokotoni
2023-04-03,Mkokotoni
2023-04-03,Mkokotoni
2023-04-03,Mkokotoni
2023-04-03,Mkokotoni
2023-04-03,Mkokotoni
2023-04-03,Mkokotoni
2023-04-03,Mkokotoni
2023-04-03,Mkokotoni
2023-04-03,Mkokotoni
2023-04-03,Mkokotoni
2023-04-03,Mkokotoni
2023-04-03,Mkokotoni
2023-04-03,Mkokotoni
2023-04-03,Mkokotoni
2023-04-03,Mkokotoni
2023-04-03,Mkokotoni
2023-04-03,Mkokotoni
2023-04-03,Mkokotoni
2023-04-03,Mkokotoni
2023-04-03,Mkokotoni
2023-04-03,Mkokotoni
2023-04-03,Mkokotoni
2023-04-03,Mkokotoni
2023-04-03,Mkokotoni
2023-04-03,Mkokotoni
2023-04-03,Mkokotoni
2023-04-03,Mkokotoni
2023-04-03,Mkokotoni
2023-04-03,Mkokotoni
2023-04-03,Mkokotoni
2023-04-03,Mkokotoni
2023-04-03,Mkokotoni
2023-04-03,Mkokotoni
2023-04-03,Malindi
2023-04-03,Malindi
2023-04-03,Malindi
2023-04-03,Malindi
2023-04-03,Malindi
2023-04-03,Malindi
2023-04-03,Malindi
2023-04-03,Malindi
2023-04-03,Malindi
2023-04-03,Malindi
2023-04-03,Malindi
2023-04-03,Malindi
2023-04-03,Malindi
2023-04-04,Malindi
2023-04-04,Malindi
2023-04-04,Malindi
2023-04-04,Malindi
2023-04-04,Malindi
2023-04-04,Malindi
2023-04-04,Malindi
2023-04-04,Malindi
2023-04-04,Malindi
2023-04-04,Malindi
2023-04-04,Malindi
2023-04-04,Malindi
2023-04-04,Malindi
2023-04-04,Malindi
2023-04-04,Malindi
2023-04-04,Malindi
2023-04-04,Malindi
2023-04-04,Malindi
2023-04-04,Malindi
2023-04-04,Malindi
2023-04-04,Malindi
2023-04-04,Malindi
2023-04-04,Malindi
2023-04-04,Malindi
2023-04-04,Malindi
2023-04-04,Malindi
2023-04-04,Malindi
2023-04-04,Malindi
2023-04-04,Malindi
2023-04-04,Malindi
2023-04-04,Malindi
2023-04-04,Malindi
2023-04-04,Malindi
2023-04-04,Malindi
2023-04-04,Malindi
2023-04-04,Malindi
2023-04-04,Malindi
2023-04-04,Malindi
2023-04-04,Malindi
2023-04-04,Malindi
2023-04-04,Malindi
2023-04-04,Malindi
2023-04-04,Malindi
2023-04-04,Malindi
2023-04-04,Malindi
2023-04-04,Malindi
2023-04-04,Msuka
2023-04-04,Msuka
2023-04-04,Msuka
2023-04-04,Mazizini
2023-04-04,Malindi
2023-04-04,Malindi
2023-04-04,Malindi
2023-04-04,Malindi
2023-04-04,Malindi
2023-04-04,Malindi
2023-04-04,Malindi
2023-04-04,Malindi
2023-04-04,Malindi
2023-04-04,Malindi
2023-04-04,Mkokotoni
2023-04-04,Malindi
2023-04-05,Malindi
2023-04-05,Malindi
2023-04-05,Malindi
2023-04-05,Malindi
2023-04-05,Malindi
2023-04-05,Malindi
2023-04-05,Malindi
2023-04-05,Malindi
2023-04-05,Malindi
2023-04-05,Malindi
2023-04-05,Malindi
2023-04-05,Mkokotoni
2023-04-05,Mkokotoni
2023-04-05,Mkokotoni
2023-04-05,Mkokotoni
2023-04-05,Mkokotoni
2023-04-05,Mkokotoni
2023-04-05,Mkokotoni
2023-04-05,Mkokotoni
2023-04-05,Mkokotoni
2023-04-05,Mkokotoni
2023-04-05,Mkokotoni
2023-04-05,Mkokotoni
2023-04-05,Mkokotoni
2023-04-05,Mkokotoni
2023-04-05,Mkokotoni
2023-04-05,Mkokotoni
2023-04-05,Mkokotoni
2023-04-05,Mkokotoni
2023-04-05,Mkokotoni
2023-04-05,Mkokotoni
2023-04-05,Mkokotoni
2023-04-05,Mkokotoni
2023-04-05,Mkokotoni
2023-04-05,Mkokotoni
2023-04-05,Mkokotoni
2023-04-05,Mkokotoni
2023-04-05,Mkokotoni
2023-04-05,Mkokotoni
2023-04-05,Mkokotoni
2023-04-05,Mkokotoni
2023-03-21,Malindi
2023-03-21,Malindi
2023-04-05,Malindi
2023-04-05,Mkokotoni
2023-04-05,Mkokotoni
2023-04-05,Mkokotoni
2023-04-05,Mkokotoni
2023-04-05,Mkokotoni
2023-04-05,Mkokotoni
2023-04-05,Mkokotoni
2023-04-05,Mkokotoni
2023-04-05,Tanga
2023-04-05,Tanga
2023-04-05,Mkokotoni
2023-04-06,Mkokotoni
2023-04-06,Mkokotoni
2023-04-06,Mkokotoni
2023-04-06,Mkokotoni
2023-04-06,Mkokotoni
2023-04-06,Mkokotoni
2023-04-06,Mkokotoni
2023-04-06,Mkokotoni
2023-04-06,Mkokotoni
2023-04-06,Mkokotoni
2023-04-06,Mkokotoni
2023-04-06,Mkokotoni
2023-04-06,Mkokotoni
2023-04-06,Mkokotoni
2023-04-06,Mkokotoni
2023-04-06,Mkokotoni
2023-04-06,Mkokotoni
2023-04-06,Mkokotoni
2023-04-06,Mkokotoni
2023-04-06,Mkokotoni
2023-04-06,Mkokotoni
2023-04-06,Mkokotoni
2023-04-06,Mkokotoni
2023-04-06,Mkokotoni
2023-04-06,Mkokotoni
2023-04-06,Mkokotoni
2023-04-06,Mkokotoni
2023-04-06,Mkokotoni
2023-04-11,Mkokotoni
2023-04-11,Mkokotoni
2023-04-11,Mkokotoni
2023-04-11,Mkokotoni
2023-04-11,Mkokotoni
2023-04-11,Mkokotoni
2023-04-11,Mkokotoni
2023-04-11,Mkokotoni
2023-04-11,Mkokotoni
2023-04-11,Mkokotoni
2023-04-11,Mkokotoni
2023-04-11,Mkokotoni
2023-04-11,Msuka
2023-04-12,Malindi
2023-04-12,Malindi
2023-04-12,Malindi
2023-04-12,Mkokotoni
2023-04-12,Mkokotoni
2023-04-12,Mkokotoni
2023-04-12,Mkokotoni
2023-04-12,Mkokotoni
2023-04-12,Mkokotoni
2023-04-12,Mkokotoni
2023-04-12,Mkokotoni
2023-04-12,Mkokotoni
2023-04-12,Malindi
2023-04-12,Malindi
2023-04-12,Malindi
2023-04-12,Malindi
2023-04-12,Malindi
2023-04-12,Malindi
2023-04-12,Malindi
2023-04-12,Malindi
2023-04-12,Malindi
2023-04-12,Mkokotoni
2023-04-12,Mkokotoni
2023-04-12,Mkokotoni
2023-04-12,Mkokotoni
2023-04-12,Mkokotoni
2023-04-12,Mkokotoni
2023-04-12,Mkokotoni
2023-04-12,Mkokotoni
2023-04-12,Mkokotoni
2023-04-12,Malindi
2023-04-12,Malindi
2023-04-12,Malindi
2023-04-12,Malindi
2023-04-12,Malindi
2023-04-13,Malindi
2023-04-13,Malindi
2023-04-13,Malindi
2023-04-13,Malindi
2023-04-13,Malindi
2023-04-13,Malindi
2023-04-13,Malindi
2023-04-13,Malindi
2023-04-13,Malindi
2023-04-13,Malindi
2023-04-13,Malindi
2023-04-13,Malindi
2023-04-13,Malindi
2023-04-13,Malindi
2023-04-13,Malindi
2023-04-13,Malindi
2023-04-13,Malindi
2023-04-13,Malindi
2023-04-13,Malindi
2023-04-13,Malindi
2023-04-13,Malindi
2023-04-13,Malindi
2023-04-13,Malindi
2023-04-13,Malindi
2023-04-13,Malindi
2023-04-13,Malindi
2023-04-13,Malindi
2023-04-13,Malindi
2023-04-13,Malindi
2023-04-13,Malindi
2023-04-13,Malindi
2023-04-13,Malindi
2023-04-13,Malindi
2023-04-13,Malindi
2023-04-13,Malindi
2023-04-14,Malindi
2023-04-14,Malindi
2023-04-14,Malindi
2023-04-14,Malindi
2023-04-14,Malindi
2023-04-14,Malindi
2023-04-16,Msuka
2023-04-16,Msuka
2023-04-14,Malindi
2023-04-17,Malindi
2023-04-17,Malindi
2023-04-17,Malindi
2023-04-17,Malindi
2023-04-17,Malindi
2023-04-17,Malindi
2023-04-17,Malindi
2023-04-17,Malindi
2023-04-17,Malindi
2023-04-17,Malindi
2023-04-17,Malindi
2023-04-17,Malindi
2023-04-17,Malindi
2023-04-17,Malindi
2023-04-17,Malindi
2023-04-17,Malindi
2023-04-17,Malindi
2023-04-17,Malindi
2023-04-17,Malindi
2023-04-17,Malindi
2023-04-17,Malindi
2023-04-17,Malindi
2023-04-17,Malindi
2023-04-17,Malindi
2023-04-17,Malindi
2023-04-17,Malindi
2023-04-17,Malindi
2023-04-17,Mkokotoni
2023-04-18,Mkokotoni
2023-04-18,Mkokotoni
2023-04-18,Mkokotoni
2023-04-18,Mkokotoni
2023-04-18,Mkokotoni
2023-04-18,Mkokotoni
2023-04-18,Mkokotoni
2023-04-18,Mkokotoni
2023-04-18,Mkokotoni
2023-04-18,Mkokotoni
2023-04-18,Mkokotoni
2023-04-18,Mkokotoni
2023-04-18,Mkokotoni
2023-04-18,Mkokotoni
2023-04-18,Mkokotoni
2023-04-18,Mkokotoni
2023-04-18,Mkokotoni
2023-04-18,Mkokotoni
2023-04-18,Mkokotoni
2023-04-18,Mkokotoni
2023-04-18,Mkokotoni
2023-04-18,Mkokotoni
2023-04-18,Mkokotoni
2023-04-18,Mkokotoni
2023-04-18,Mkokotoni
2023-04-18,Mkokotoni
2023-04-18,Mkokotoni
2023-04-18,Mkokotoni
2023-04-18,Mkokotoni
2023-04-18,Mkokotoni
2023-04-18,Mkokotoni
2023-04-18,Mkokotoni
2023-04-18,Mkokotoni
2023-04-18,Mkokotoni
2023-04-18,Mkokotoni
2023-04-18,Mkokotoni
2023-04-18,Mkokotoni
2023-04-18,Mkokotoni
2023-04-18,Mkokotoni
2023-04-18,Mkokotoni
2023-04-18,Mkokotoni
2023-04-18,Mkokotoni
2023-04-18,Mkokotoni
2023-04-18,Mkokotoni
2023-04-18,Mkokotoni
2023-04-18,Mkokotoni
2023-04-18,Mkokotoni
2023-04-18,Mkokotoni
2023-04-18,Mkokotoni
2023-04-18,Mkokotoni
2023-04-18,Mkokotoni
2023-04-18,Mkokotoni
2023-04-18,Mkokotoni
2023-04-18,Mkokotoni
2023-04-18,Mkokotoni
2023-04-18,Mkokotoni
2023-04-18,Mkokotoni
2023-04-18,Mkokotoni
2023-04-19,Mkokotoni
2023-04-19,Mkokotoni
2023-04-19,Mkokotoni
2023-04-19,Mkokotoni
2023-04-19,Mkokotoni
2023-04-19,Mkokotoni
2023-04-19,Mkokotoni
2023-04-19,Mkokotoni
2023-04-19,Mkokotoni
2023-04-19,Mkokotoni
2023-04-19,Mkokotoni
2023-04-19,Malindi
2023-04-19,Malindi
2023-04-19,Malindi
2023-04-19,Malindi
2023-04-19,Malindi
2023-04-19,Malindi
2023-04-19,Malindi
2023-04-19,Malindi
2023-04-19,Malindi
2023-04-19,Malindi
2023-04-19,Malindi
2023-04-19,Malindi
2023-04-19,Malindi
2023-04-20,Malindi
2023-04-20,Malindi
2023-04-20,Malindi
2023-04-20,Malindi
2023-04-20,Malindi
2023-04-20,Malindi
2023-04-20,Malindi
2023-04-20,Malindi
2023-04-20,Malindi
2023-04-20,Malindi
2023-04-20,Malindi
2023-04-20,Malindi
2023-04-20,Malindi
2023-04-20,Malindi
2023-04-20,Mkokotoni
2023-04-20,Mkokotoni
2023-04-20,Mkokotoni
2023-04-20,Mkokotoni
2023-04-20,Mkokotoni
2023-04-20,Mkokotoni
2023-04-20,Mkokotoni
2023-04-20,Mkokotoni
2023-04-20,Mkokotoni
2023-04-20,Mkokotoni
2023-04-20,Mkokotoni
2023-04-20,Mkokotoni
2023-04-20,Mkokotoni
2023-04-20,Mkokotoni
2023-04-20,Mkokotoni
2023-04-20,Mkokotoni
2023-04-20,Mkokotoni
2023-04-20,Mkokotoni
2023-04-20,Mkokotoni
2023-04-21,Mkokotoni
2023-04-21,Mkokotoni
2023-04-21,Mkokotoni
2023-04-21,Mkokotoni
2023-04-21,Mkokotoni
2023-04-21,Mkokotoni
2023-04-21,Mkokotoni
2023-04-21,Mkokotoni
2023-04-21,Mkokotoni
2023-04-21,Mkokotoni
2023-04-21,Mkokotoni
2023-04-21,Mkokotoni
2023-04-21,Mkokotoni
2023-04-21,Mkokotoni
2023-04-21,Mkokotoni
2023-04-21,Mkokotoni
2023-04-21,Mkokotoni
2023-04-21,Mkokotoni
2023-04-21,Mkokotoni
2023-04-21,Mkokotoni
2023-04-21,Mkokotoni
2023-04-21,Mkokotoni
2023-04-21,Mkokotoni
2023-04-21,Mkokotoni
2023-04-21,Mkokotoni
2023-04-21,Mkokotoni
2023-04-21,Malindi
2023-04-21,Malindi
2023-04-21,Malindi
2023-04-21,Malindi
2023-04-21,Malindi
2023-04-21,Malindi
2023-04-21,Malindi
2023-04-21,Malindi
2023-04-21,Malindi
2023-04-21,Malindi
2023-04-22,Malindi
2023-04-22,Malindi
2023-04-22,Malindi
2023-04-22,Malindi
2023-04-22,Malindi
2023-04-22,Malindi
2023-04-22,Malindi
2023-04-22,Malindi
2023-04-22,Malindi
2023-04-22,Malindi
2023-04-22,Malindi
2023-04-22,Malindi
2023-04-22,Malindi
2023-04-22,Malindi
2023-04-22,Malindi
2023-04-22,Malindi
2023-04-22,Malindi
2023-04-23,Malindi
2023-04-23,Malindi
2023-04-23,Malindi
2023-04-23,Malindi
2023-04-24,Malindi
2023-04-24,Malindi
2023-04-24,Malindi
2023-04-24,Malindi
2023-04-24,Malindi
2023-04-24,Malindi
2023-04-24,Malindi
2023-04-24,Malindi
2023-04-24,Malindi
2023-04-24,Malindi
2023-04-24,Malindi
2023-04-24,Malindi
2023-04-24,Malindi
2023-04-24,Malindi
2023-04-24,Malindi
2023-04-24,Malindi
2023-04-24,Malindi
2023-04-24,Malindi
2023-04-24,Malindi
2023-04-24,Malindi
2023-04-24,Malindi
2023-04-24,Malindi
2023-04-24,Malindi
2023-04-24,Malindi
2023-04-24,Malindi
2023-04-24,Malindi
2023-04-24,Malindi
2023-04-24,Malindi
2023-04-24,Malindi
2023-04-24,Malindi
2023-04-24,Malindi
2023-04-24,Malindi
2023-04-24,Mkokotoni
2023-04-24,Mkokotoni
2023-04-24,Mkokotoni
2023-04-24,Mkokotoni
2023-04-24,Mkokotoni
2023-04-24,Mkokotoni
2023-04-25,Mkokotoni
2023-04-25,Mkokotoni
2023-04-26,Msuka
2023-04-27,Malindi
2023-04-27,Msuka
2023-04-30,Msuka
2023-04-30,Msuka
2023-05-01,Msuka
2023-05-01,Msuka
2023-05-01,Msuka
2023-05-01,Msuka
2023-04-27,Malindi
2023-04-27,Malindi
2023-05-02,Malindi
2023-05-02,Malindi
2023-05-02,Malindi
2023-05-02,Malindi
2023-05-02,Malindi
2023-05-02,Malindi
2023-05-02,Malindi
2023-05-02,Malindi
2023-04-24,Mkokotoni
2023-05-03,Mkokotoni
2023-05-03,Mkokotoni
2023-05-03,Mkokotoni
2023-05-03,Mkokotoni
2023-05-03,Mkokotoni
2023-05-03,Mkokotoni
2023-05-03,Mkokotoni
2023-05-03,Mkokotoni
2023-05-03,Mkokotoni
2023-05-03,Mkokotoni
2023-05-03,Mkokotoni
2023-05-03,Mkokotoni
2023-05-03,Malindi
2023-05-03,Malindi
2023-05-03,Malindi
2023-04-25,Tanga
2023-05-03,Tanga
2023-05-03,Tanga
2023-05-03,Tanga
2023-05-03,Malindi
2023-05-03,Malindi
2023-05-03,Malindi
2023-05-03,Malindi
2023-05-03,Malindi
2023-05-02,Mkokotoni
2023-05-02,Mkokotoni
2023-05-03,Malindi
2023-05-03,Malindi
2023-05-03,Malindi
2023-05-03,Mazizini
2023-05-03,Mazizini
2023-05-03,Malindi
2023-05-03,Mkokotoni
2023-05-03,Mkokotoni
2023-05-03,Mkokotoni
2023-05-03,Mkokotoni
2023-05-03,Mkokotoni
2023-05-03,Mkokotoni
2023-05-03,Mkokotoni
2023-05-03,Mkokotoni
2023-05-03,Mkokotoni
2023-05-03,Mkokotoni
2023-05-03,Mkokotoni
2023-05-03,Mkokotoni
2023-05-04,Mkokotoni
2023-05-04,Mkokotoni
2023-05-03,Mkokotoni
2023-05-04,Mkokotoni
2023-05-04,Mkokotoni
2023-05-04,Mkokotoni
2023-05-04,Mkokotoni
2023-05-04,Mkokotoni
2023-05-04,Mkokotoni
2023-05-04,Mkokotoni
2023-05-04,Mkokotoni
2023-05-04,Mkokotoni
2023-05-04,Mkokotoni
2023-05-04,Mkokotoni
2023-05-04,Mkokotoni
2023-05-04,Mkokotoni
2023-05-04,Mkokotoni
2023-05-04,Mkokotoni
2023-05-04,Mkokotoni
2023-05-04,Mkokotoni
2023-05-04,Mkokotoni
2023-05-04,Mkokotoni
2023-05-04,Mkokotoni
2023-05-04,Mkokotoni
2023-05-04,Mkokotoni
2023-05-04,Malindi
2023-05-04,Malindi
2023-05-04,Malindi
2023-05-04,Malindi
2023-05-04,Malindi
2023-05-04,Malindi
2023-05-04,Malindi
2023-05-04,Malindi
2023-05-04,Malindi
2023-05-04,Malindi
2023-05-04,Malindi
2023-05-04,Malindi
2023-05-04,Malindi
2023-05-04,Malindi
2023-05-04,Malindi
2023-05-04,Malindi
2023-05-04,Malindi
2023-05-04,Malindi
2023-05-04,Malindi
2023-05-04,Malindi
2023-05-04,Malindi
2023-05-04,Malindi
2023-05-04,Malindi
2023-05-04,Malindi
2023-05-04,Malindi
2023-05-04,Malindi
2023-05-04,Malindi
2023-05-04,Malindi
2023-05-04,Malindi
2023-05-04,Malindi
2023-05-04,Malindi
2023-05-04,Malindi
2023-05-04,Malindi
2023-05-04,Malindi
2023-05-04,Malindi
2023-05-04,Malindi
2023-05-04,Malindi
2023-05-04,Malindi
2023-05-04,Malindi
2023-05-04,Malindi
2023-05-04,Malindi
2023-05-04,Malindi
2023-05-04,Malindi
2023-05-04,Malindi
2023-05-04,Malindi
2023-05-04,Malindi
2023-05-04,Malindi
2023-05-04,Malindi
2023-05-04,Malindi
2023-05-05,Malindi
2023-05-05,Malindi
2023-05-05,Malindi
2023-05-05,Malindi
2023-05-05,Malindi
2023-05-05,Malindi
2023-05-05,Malindi
2023-05-05,Malindi
2023-05-05,Malindi
2023-05-05,Malindi
2023-05-05,Malindi
2023-05-05,Malindi
2023-05-05,Malindi
2023-05-05,Malindi
2023-05-05,Malindi
2023-05-05,Malindi
2023-05-05,Malindi
2023-05-05,Malindi
2023-05-05,Malindi
2023-05-05,Malindi
2023-05-05,Malindi
2023-05-05,Malindi
2023-05-05,Malindi
2023-05-05,Malindi
2023-05-05,Malindi
2023-05-05,Malindi
2023-05-05,Malindi
2023-05-05,Malindi
2023-05-05,Malindi
2023-05-05,Malindi
2023-05-05,Malindi
2023-05-05,Malindi
2023-05-05,Malindi
2023-05-05,Malindi
2023-05-05,Malindi
2023-05-05,Mkokotoni
2023-05-05,Mkokotoni
2023-05-05,Mkokotoni
2023-05-05,Mkokotoni
2023-05-05,Mkokotoni
2023-05-05,Mkokotoni
2023-05-05,Mkokotoni
2023-05-05,Mkokotoni
2023-05-05,Mkokotoni
2023-05-05,Mkokotoni
2023-05-05,Mkokotoni
2023-05-05,Mkokotoni
2023-05-05,Mkokotoni
2023-05-05,Mkokotoni
2023-05-05,Mkokotoni
2023-05-05,Mkokotoni
2023-05-05,Mkokotoni
2023-05-05,Mkokotoni
2023-05-05,Mkokotoni
2023-05-05,Mkokotoni
2023-05-05,Mkokotoni
2023-05-05,Mkokotoni
2023-05-05,Mkokotoni
2023-05-05,Mkokotoni
2023-05-05,Mkokotoni
2023-05-05,Mkokotoni
2023-05-05,Mkokotoni
2023-05-05,Mkokotoni
2023-05-05,Mkokotoni
2023-05-05,Mkokotoni
2023-05-05,Mkokotoni
2023-05-05,Mkokotoni
2023-05-05,Mkokotoni
2023-05-04,Malindi
2023-05-05,Malindi
2023-05-05,Malindi
2023-05-05,Malindi
2023-05-05,Malindi
2023-05-05,Malindi
2023-05-05,Malindi
2023-05-05,Malindi
2023-05-05,Malindi
2023-05-05,Malindi
2023-05-05,Malindi
2023-05-05,Mkokotoni
2023-05-05,Mkokotoni
2023-05-05,Mkokotoni
2023-05-05,Mkokotoni
2023-05-05,Mkokotoni
2023-05-05,Mkokotoni
2023-05-05,Mkokotoni
2023-05-05,Mkokotoni
2023-05-05,Mkokotoni
2023-05-05,Mkokotoni
2023-05-05,Mkokotoni
2023-05-05,Mkokotoni
2023-05-05,Mkokotoni
2023-05-05,Mkokotoni
2023-05-05,Mkokotoni
2023-05-05,Mkokotoni
2023-05-05,Mkokotoni
2023-05-05,Malindi
2023-05-05,Malindi
2023-05-05,Malindi
2023-05-05,Malindi
2023-05-05,Malindi
2023-05-05,Mkokotoni
2023-05-05,Mkokotoni
2023-05-05,Mkokotoni
2023-05-05,Mkokotoni
2023-05-05,Mkokotoni
2023-05-05,Mkokotoni
2023-05-05,Mkokotoni
2023-05-05,Mkokotoni
2023-05-05,Mkokotoni
2023-05-05,Mkokotoni
2023-05-05,Mkokotoni
2023-05-05,Malindi
2023-05-05,Mkokotoni
2023-05-05,Mkokotoni
2023-05-05,Mkokotoni
2023-05-05,Mkokotoni
2023-05-05,Mkokotoni
2023-05-05,Mkokotoni
2023-05-05,Mkokotoni
2023-05-05,Mkokotoni
2023-05-05,Mkokotoni
2023-05-05,Mkokotoni
2023-05-05,Mkokotoni
2023-05-05,Mkokotoni
2023-05-05,Mkokotoni
2023-05-05,Mkokotoni
2023-05-05,Mkokotoni
2023-05-05,Mkokotoni
2023-05-05,Mkokotoni
2023-05-05,Mkokotoni
2023-05-05,Mkokotoni
2023-05-05,Mkokotoni
2023-05-05,Mkokotoni
2023-05-05,Mkokotoni
2023-05-05,Mkokotoni
2023-05-05,Mkokotoni
2023-05-05,Mkokotoni
2023-05-05,Mkokotoni
2023-05-05,Mkokotoni
2023-05-06,Mkokotoni
2023-05-06,Malindi
2023-05-06,Malindi
2023-05-06,Malindi
2023-05-07,Msuka
2023-05-07,Msuka
2023-05-06,Malindi
2023-05-06,Malindi
2023-05-06,Malindi
2023-05-08,Mkokotoni
2023-05-08,Mkokotoni
2023-05-08,Mkokotoni
2023-05-08,Mkokotoni
2023-05-08,Mkokotoni
2023-05-08,Mkokotoni
2023-05-08,Mkokotoni
2023-05-08,Mkokotoni
2023-05-08,Mkokotoni
2023-05-08,Mkokotoni
2023-05-08,Mkokotoni
2023-05-08,Mkokotoni
2023-05-08,Mkokotoni
2023-05-08,Mkokotoni
2023-05-08,Mkokotoni
2023-05-08,Mkokotoni
2023-05-08,Mkokotoni
2023-05-08,Mkokotoni
2023-05-08,Mkokotoni
2023-05-08,Mkokotoni
2023-05-08,Mkokotoni
2023-05-08,Mkokotoni
2023-05-08,Mkokotoni
2023-05-08,Mkokotoni
2023-05-08,Mkokotoni
2023-05-08,Mkokotoni
2023-05-08,Mkokotoni
2023-05-08,Mkokotoni
2023-05-08,Mkokotoni
2023-05-08,Mkokotoni
2023-05-08,Mkokotoni
2023-05-08,Mkokotoni
2023-05-08,Mkokotoni
2023-05-08,Mkokotoni
2023-05-08,Mkokotoni
2023-05-08,Mkokotoni
2023-05-08,Mkokotoni
2023-05-08,Mkokotoni
2023-05-08,Mkokotoni
2023-05-08,Mkokotoni
2023-05-08,Mkokotoni
2023-05-08,Mkokotoni
2023-05-08,Mkokotoni
2023-05-08,Mkokotoni
2023-05-08,Mkokotoni
2023-05-08,Mkokotoni
2023-05-08,Mkokotoni
2023-05-08,Malindi
2023-05-08,Malindi
2023-05-08,Malindi
2023-05-08,Mkokotoni
2023-05-08,Mkokotoni
2023-05-08,Mkokotoni
2023-05-08,Mkokotoni
2023-05-08,Mkokotoni
2023-05-08,Mkokotoni
2023-05-08,Mkokotoni
2023-05-08,Mkokotoni
2023-05-08,Mkokotoni
2023-05-08,Mkokotoni
2023-05-08,Mkokotoni
2023-05-08,Mkokotoni
2023-05-08,Mkokotoni
2023-05-06,Mkokotoni
2023-05-06,Mkokotoni
2023-05-06,Mkokotoni
2023-05-06,Mkokotoni
2023-05-06,Mkokotoni
2023-05-06,Mkokotoni
2023-05-06,Mkokotoni
2023-05-06,Mkokotoni
2023-05-06,Mkokotoni
2023-05-06,Mkokotoni
2023-05-06,Mkokotoni
2023-05-06,Mkokotoni
2023-05-06,Mkokotoni
2023-05-06,Mkokotoni
2023-05-06,Mkokotoni
2023-05-06,Mkokotoni
2023-05-06,Mkokotoni
2023-05-06,Mkokotoni
2023-05-06,Mkokotoni
2023-05-06,Mkokotoni
2023-05-06,Mkokotoni
2023-05-06,Mkokotoni
2023-05-08,Mkokotoni
2023-05-08,Mkokotoni
2023-05-08,Mkokotoni
2023-05-08,Mkokotoni
2023-05-08,Mkokotoni
2023-05-08,Mkokotoni
2023-05-08,Mkokotoni
2023-05-08,Mkokotoni
2023-05-08,Mkokotoni
2023-05-08,Mkokotoni
2023-05-08,Mkokotoni
2023-05-08,Mkokotoni
2023-05-08,Mkokotoni
2023-05-08,Mkokotoni
2023-05-08,Mkokotoni
2023-05-08,Mkokotoni
2023-05-08,Mkokotoni
2023-05-08,Mkokotoni
2023-05-08,Mkokotoni
2023-05-08,Mkokotoni
2023-05-08,Mkokotoni
2023-05-08,Malindi
2023-05-08,Malindi
2023-05-08,Malindi
2023-05-08,Malindi
2023-05-08,Malindi
2023-05-08,Malindi
2023-05-08,Malindi
2023-05-08,Malindi
2023-05-08,Malindi
2023-05-08,Malindi
2023-05-08,Malindi
2023-05-08,Malindi
2023-05-08,Malindi
2023-05-08,Malindi
2023-05-08,Mkokotoni
2023-05-08,Mkokotoni
2023-05-08,Mkokotoni
2023-05-08,Mkokotoni
2023-05-09,Mkokotoni
2023-05-09,Mkokotoni
2023-05-09,Mkokotoni
2023-05-09,Mkokotoni
2023-05-09,Mkokotoni
2023-05-09,Mkokotoni
2023-05-09,Mkokotoni
2023-05-09,Mkokotoni
2023-05-09,Mkokotoni
2023-05-09,Mkokotoni
2023-05-09,Mkokotoni
2023-05-09,Mkokotoni
2023-05-09,Mkokotoni
2023-05-09,Mkokotoni
2023-05-09,Mkokotoni
2023-05-09,Mkokotoni
2023-05-09,Mkokotoni
2023-05-09,Mkokotoni
2023-05-09,Mkokotoni
2023-05-09,Mkokotoni
2023-05-09,Mkokotoni
2023-05-09,Mkokotoni
2023-05-09,Mkokotoni
2023-05-09,Mkokotoni
2023-05-09,Mkokotoni
2023-05-09,Mkokotoni
2023-05-09,Mkokotoni
2023-05-09,Mkokotoni
2023-05-09,Mkokotoni
2023-05-09,Mkokotoni
2023-05-09,Mkokotoni
2023-05-09,Mkokotoni
2023-05-09,Mkokotoni
2023-05-09,Mkokotoni
2023-05-09,Mkokotoni
2023-05-09,Mkokotoni
2023-05-09,Mkokotoni
2023-05-09,Mkokotoni
2023-05-09,Mkokotoni
2023-05-09,Mkokotoni
2023-05-09,Mkokotoni
2023-05-09,Mkokotoni
2023-05-09,Mkokotoni
2023-05-09,Mkokotoni
2023-05-09,Mkokotoni
2023-05-09,Mkokotoni
2023-05-09,Mkokotoni
2023-05-09,Mkokotoni
2023-05-09,Mkokotoni
2023-05-09,Mkokotoni
2023-05-09,Mkokotoni
2023-05-09,Mkokotoni
2023-05-09,Mkokotoni
2023-05-09,Mkokotoni
2023-05-09,Mkokotoni
2023-05-09,Mkokotoni
2023-05-04,Tanga
2023-05-04,Tanga
2023-05-09,Mkokotoni
2023-05-09,Mkokotoni
2023-05-09,Mkokotoni
2023-05-09,Mkokotoni
2023-05-09,Mkokotoni
2023-05-09,Mkokotoni
2023-05-09,Mkokotoni
2023-05-09,Mkokotoni
2023-05-09,Mkokotoni
2023-05-09,Mkokotoni
2023-05-09,Mkokotoni
2023-05-09,Mkokotoni
2023-05-09,Mkokotoni
2023-05-09,Mkokotoni
2023-05-09,Mkokotoni
2023-05-09,Mkokotoni
2023-05-09,Mkokotoni
2023-05-09,Mkokotoni
2023-05-09,Mkokotoni
2023-05-09,Mkokotoni
2023-05-09,Mkokotoni
2023-05-09,Mkokotoni
2023-05-09,Mkokotoni
2023-05-09,Mkokotoni
2023-05-09,Mkokotoni
2023-05-09,Mkokotoni
2023-05-09,Mkokotoni
2023-05-09,Mkokotoni
2023-05-09,Mkokotoni
2023-05-09,Mkokotoni
2023-05-09,Mkokotoni
2023-05-09,Mkokotoni
2023-05-09,Mkokotoni
2023-05-09,Mkokotoni
2023-05-09,Mkokotoni
2023-05-09,Mkokotoni
2023-05-09,Mkokotoni
2023-05-09,Mkokotoni
2023-05-09,Mkokotoni
2023-05-09,Mkokotoni
2023-05-09,Mkokotoni
2023-05-09,Mkokotoni
2023-05-09,Mkokotoni
2023-05-09,Mkokotoni
2023-05-09,Mkokotoni
2023-05-09,Mkokotoni
2023-05-09,Mkokotoni
2023-05-09,Mkokotoni
2023-05-09,Mkokotoni
2023-05-09,Mkokotoni
2023-05-09,Mkokotoni
2023-05-09,Mkokotoni
2023-05-09,Mkokotoni
2023-05-09,Malindi
2023-05-09,Mkokotoni
2023-05-09,Mkokotoni
2023-05-09,Mkokotoni
2023-05-09,Mkokotoni
2023-05-09,Mkokotoni
2023-05-09,Mkokotoni
2023-05-09,Mkokotoni
2023-05-09,Mkokotoni
2023-05-09,Mkokotoni
2023-05-09,Mkokotoni
2023-05-09,Mkokotoni
2023-05-09,Mkokotoni
2023-05-09,Mkokotoni
2023-05-09,Mkokotoni
2023-05-09,Mkokotoni
2023-05-09,Mkokotoni
2023-05-10,Mkokotoni
2023-05-10,Mkokotoni
2023-05-10,Mkokotoni
2023-05-10,Mkokotoni
2023-05-10,Mkokotoni
2023-05-10,Mkokotoni
2023-05-10,Mkokotoni
2023-05-10,Mkokotoni
2023-05-10,Mkokotoni
2023-05-10,Mkokotoni
2023-05-10,Mkokotoni
2023-05-10,Mkokotoni
2023-05-10,Mkokotoni
2023-05-10,Mkokotoni
2023-05-10,Mkokotoni
2023-05-10,Mkokotoni
2023-05-10,Mkokotoni
2023-05-10,Mkokotoni
2023-05-10,Mkokotoni
2023-05-10,Mkokotoni
2023-05-10,Mkokotoni
2023-05-10,Mkokotoni
2023-05-10,Mkokotoni
2023-05-10,Mkokotoni
2023-05-10,Mkokotoni
2023-05-10,Mkokotoni
2023-05-10,Mkokotoni
2023-05-10,Mkokotoni
2023-05-10,Mkokotoni
2023-05-10,Mkokotoni
2023-05-10,Mkokotoni
2023-05-10,Mkokotoni
2023-05-09,Mkokotoni
2023-05-10,Mkokotoni
2023-05-10,Mkokotoni
2023-05-10,Mkokotoni
2023-05-10,Mkokotoni
2023-05-10,Mkokotoni
2023-05-10,Mkokotoni
2023-05-10,Mkokotoni
2023-05-10,Mkokotoni
2023-05-10,Mkokotoni
2023-05-10,Mkokotoni
2023-05-10,Mkokotoni
2023-05-10,Mkokotoni
2023-05-10,Mkokotoni
2023-05-10,Mkokotoni
2023-05-10,Mkokotoni
2023-05-11,Mkokotoni
2023-05-11,Mkokotoni
2023-05-11,Mkokotoni
2023-05-11,Mkokotoni
2023-05-11,Mkokotoni
2023-05-11,Mkokotoni
2023-05-11,Mkokotoni
2023-05-11,Mkokotoni
2023-05-11,Mkokotoni
2023-05-11,Mkokotoni
2023-05-11,Mkokotoni
2023-05-11,Mkokotoni
2023-05-11,Mkokotoni
2023-05-11,Mkokotoni
2023-05-11,Mkokotoni
2023-05-11,Mkokotoni
2023-05-11,Mkokotoni
2023-05-11,Mkokotoni
2023-05-11,Mkokotoni
2023-05-11,Mkokotoni
2023-05-11,Mkokotoni
2023-05-11,Mkokotoni
2023-05-11,Mkokotoni
2023-05-11,Mkokotoni
2023-05-11,Mkokotoni
2023-05-11,Mkokotoni
2023-05-11,Mkokotoni
2023-05-11,Mkokotoni
2023-05-11,Mkokotoni
2023-05-11,Mkokotoni
2023-05-11,Mkokotoni
2023-05-11,Mkokotoni
2023-05-11,Mkokotoni
2023-05-11,Mkokotoni
2023-05-11,Mkokotoni
2023-05-11,Mkokotoni
2023-05-11,Mkokotoni
2023-05-11,Mkokotoni
2023-05-12,Mkokotoni
2023-05-12,Mkokotoni
2023-05-12,Mkokotoni
2023-05-12,Mkokotoni
2023-05-12,Mkokotoni
2023-05-12,Mkokotoni
2023-05-12,Mkokotoni
2023-05-12,Mkokotoni
2023-05-12,Mkokotoni
2023-05-12,Mkokotoni
2023-05-12,Mkokotoni
2023-05-12,Mkokotoni
2023-05-12,Mkokotoni
2023-05-12,Mkokotoni
2023-05-12,Mkokotoni
2023-05-12,Mkokotoni
2023-05-12,Mkokotoni
2023-05-12,Mkokotoni
2023-05-12,Mkokotoni
2023-05-12,Mkokotoni
2023-05-12,Mkokotoni
2023-05-12,Mkokotoni
2023-05-14,Msuka
2023-05-14,Msuka
2023-05-14,Msuka
2023-05-14,Msuka
2023-05-12,Mkokotoni
2023-05-15,Mkokotoni
2023-05-15,Tanga
2023-05-15,Tanga
2023-05-15,Tanga
2023-05-15,Tanga
2023-05-11,Mkokotoni
2023-05-11,Mkokotoni
2023-05-11,Mkokotoni
2023-05-11,Mkokotoni
2023-05-11,Mkokotoni
2023-05-11,Mkokotoni
2023-05-11,Mkokotoni
2023-05-11,Mkokotoni
2023-05-11,Mkokotoni
2023-05-11,Mkokotoni
2023-05-11,Mkokotoni
2023-05-11,Mkokotoni
2023-05-11,Mkokotoni
2023-05-11,Mkokotoni
2023-05-11,Mkokotoni
2023-05-11,Mkokotoni
2023-05-11,Mkokotoni
2023-05-11,Mkokotoni
2023-05-11,Mkokotoni
2023-05-11,Mkokotoni
2023-05-11,Mkokotoni
2023-05-11,Mkokotoni
2023-05-11,Mkokotoni
2023-05-11,Mkokotoni
2023-05-09,Mkokotoni
2023-05-11,Mkokotoni
2023-05-11,Mkokotoni
2023-05-11,Mkokotoni
2023-05-11,Mkokotoni
2023-05-11,Mkokotoni
2023-05-11,Mkokotoni
2023-05-11,Mkokotoni
2023-05-11,Mkokotoni
2023-05-11,Mkokotoni
2023-05-11,Mkokotoni
2023-05-11,Mkokotoni
2023-05-11,Mkokotoni
2023-05-11,Mkokotoni
2023-05-11,Mkokotoni
2023-05-12,Mkokotoni
2023-05-12,Mkokotoni
2023-05-13,Mkokotoni
2023-05-13,Mkokotoni
2023-05-13,Mkokotoni
2023-05-13,Mkokotoni
2023-05-13,Mkokotoni
2023-05-13,Mkokotoni
2023-05-13,Mkokotoni
2023-05-13,Mkokotoni
2023-05-13,Mkokotoni
2023-05-13,Mkokotoni
2023-05-13,Mkokotoni
2023-05-13,Mkokotoni
2023-05-13,Mkokotoni
2023-05-13,Mkokotoni
2023-05-13,Mkokotoni
2023-05-13,Mkokotoni
2023-05-13,Mkokotoni
2023-05-13,Mkokotoni
2023-05-15,Mkokotoni
2023-05-15,Mkokotoni
2023-05-15,Mkokotoni
2023-05-15,Mkokotoni
2023-05-15,Mkokotoni
2023-05-15,Mkokotoni
2023-05-15,Mkokotoni
2023-05-15,Mkokotoni
2023-05-15,Mkokotoni
2023-05-15,Mkokotoni
2023-05-15,Mkokotoni
2023-05-15,Mkokotoni
2023-05-15,Mkokotoni
2023-05-15,Mkokotoni
2023-05-15,Mkokotoni
2023-05-15,Mkokotoni
2023-05-15,Mkokotoni
2023-05-15,Mkokotoni
2023-05-15,Mkokotoni
2023-05-15,Mkokotoni
2023-05-15,Mkokotoni
2023-03-21,Malindi
2023-04-27,Malindi
2023-04-27,Malindi
2023-04-27,Malindi
2023-04-27,Malindi
2023-05-02,Malindi
2023-05-16,Malindi
2023-05-16,Malindi
2023-04-27,Malindi
2023-05-02,Malindi
2023-05-16,Malindi
2023-05-15,Mkokotoni
2023-05-15,Mkokotoni
2023-05-15,Mkokotoni
2023-05-15,Mkokotoni
2023-05-15,Mkokotoni
2023-05-15,Mkokotoni
2023-05-15,Mkokotoni
2023-05-15,Mkokotoni
2023-05-15,Mkokotoni
2023-05-15,Mkokotoni
2023-05-15,Mkokotoni
2023-05-15,Mkokotoni
2023-05-17,Msuka
2023-05-17,Msuka
2023-05-17,Mazizini
2023-05-17,Mazizini
2023-05-16,Tanga
2023-05-16,Tanga
2023-05-16,Tanga
2023-05-21,Msuka
2023-05-24,Msuka
2023-05-24,Msuka
2023-05-24,Msuka
2023-05-24,Msuka
2023-05-15,Mkokotoni
2023-05-24,Mkokotoni
2023-05-24,Mkokotoni
2023-05-24,Mkokotoni
2023-05-24,Mkokotoni
2023-05-24,Mkokotoni
2023-05-24,Mkokotoni
2023-05-24,Mkokotoni
2023-05-24,Mkokotoni
2023-05-24,Mkokotoni
2023-05-24,Mkokotoni
2023-05-24,Mkokotoni
2023-05-24,Mkokotoni
2023-05-24,Mkokotoni
2023-05-24,Mkokotoni
2023-05-24,Mkokotoni
2023-05-24,Mkokotoni
2023-05-24,Mkokotoni
2023-05-24,Mkokotoni
2023-05-25,Mkokotoni
2023-05-25,Mkokotoni
2023-05-25,Mkokotoni
2023-05-25,Mkokotoni
2023-05-25,Mkokotoni
2023-05-25,Mkokotoni
2023-05-25,Mkokotoni
2023-05-25,Mkokotoni
2023-05-25,Mkokotoni
2023-05-25,Mkokotoni
2023-05-25,Mkokotoni
2023-05-25,Mkokotoni
2023-05-25,Malindi
2023-05-25,Malindi
2023-05-25,Malindi
2023-05-25,Mkokotoni
2023-05-25,Mkokotoni
2023-05-25,Mkokotoni
2023-05-25,Mkokotoni
2023-05-25,Mkokotoni
2023-05-25,Mkokotoni
2023-05-29,Mkokotoni
2023-05-30,Mkokotoni
2023-05-30,Mkokotoni
2023-05-30,Mkokotoni
2023-05-30,Mkokotoni
2023-05-30,Mkokotoni
2023-05-17,Tanga
2023-05-17,Tanga
2023-05-17,Tanga
2023-05-30,Tanga
2023-05-30,Msuka
2023-05-30,Msuka
2023-05-25,Mkokotoni
2023-05-25,Mkokotoni
2023-06-01,Mkokotoni
2023-06-01,Mkokotoni
2023-06-01,Mkokotoni
2023-06-01,Mkokotoni
2023-06-01,Mkokotoni
2023-06-01,Mkokotoni
2023-06-01,Mkokotoni
2023-06-01,Mkokotoni
2023-06-01,Mkokotoni
2023-06-01,Mkokotoni
2023-06-01,Mkokotoni
2023-06-01,Mkokotoni
2023-06-01,Mkokotoni
2023-06-01,Mkokotoni
2023-06-01,Mkokotoni
2023-06-01,Mkokotoni
2023-06-01,Mkokotoni
2023-06-01,Mkokotoni
2023-06-01,Mkokotoni
2023-06-01,Mkokotoni
2023-06-01,Mkokotoni
2023-06-01,Mkokotoni
2023-06-01,Mkokotoni
2023-06-01,Mkokotoni
2023-05-08,Kizimkazi dimbani
2023-05-08,Kizimkazi dimbani
2023-06-01,Mkokotoni
2023-06-01,Mkokotoni
2023-06-01,Mazizini
2023-06-01,Mazizini
2023-06-01,Mazizini
2023-06-01,Mazizini
2023-06-01,Mazizini
2023-06-01,Mkokotoni
2023-06-01,Mkokotoni
2023-06-01,Mkokotoni
2023-06-01,Mkokotoni
2023-06-01,Mkokotoni
2023-06-01,Mkokotoni
2023-06-01,Mkokotoni
2023-06-01,Mkokotoni
2023-06-01,Mkokotoni
2023-06-01,Mkokotoni
2023-06-01,Mkokotoni
2023-06-01,Mkokotoni
2023-06-01,Mkokotoni
2023-06-01,Mkokotoni
2023-06-01,Mkokotoni
2023-06-01,Mkokotoni
2023-06-01,Mkokotoni
2023-06-02,Mkokotoni
2023-06-02,Mkokotoni
2023-06-02,Mkokotoni
2023-06-02,Mkokotoni
2023-06-02,Mkokotoni
2023-06-02,Mkokotoni
2023-06-02,Mkokotoni
2023-06-02,Mkokotoni
2023-06-02,Mkokotoni
2023-06-02,Mkokotoni
2023-06-02,Mkokotoni
2023-06-02,Mkokotoni
2023-06-02,Mkokotoni
2023-06-05,Malindi
2023-06-05,Malindi
2023-06-05,Malindi
2023-06-05,Malindi
2023-06-05,Malindi
2023-05-15,Mkokotoni
2023-05-24,Mkokotoni
2023-05-24,Mkokotoni
2023-05-24,Mkokotoni
2023-05-24,Mkokotoni
2023-06-05,Mkokotoni
2023-06-05,Mkokotoni
2023-06-05,Mkokotoni
2023-06-05,Mkokotoni
2023-06-05,Mkokotoni
2023-06-05,Mkokotoni
2023-06-05,Mkokotoni
2023-06-05,Mkokotoni
2023-06-05,Mkokotoni
2023-06-05,Mkokotoni
2023-06-05,Mkokotoni
2023-06-05,Mkokotoni
2023-06-05,Mkokotoni
2023-06-05,Mkokotoni
2023-06-05,Mkokotoni
2023-06-05,Mkokotoni
2023-06-05,Mkokotoni
2023-06-05,Mkokotoni
2023-06-05,Mkokotoni
2023-06-05,Mkokotoni
2023-06-05,Mkokotoni
2023-06-05,Mkokotoni
2023-06-05,Mkokotoni
2023-06-05,Mkokotoni
2023-06-05,Mkokotoni
2023-06-05,Mkokotoni
2023-06-05,Mkokotoni
2023-06-05,Mkokotoni
2023-06-05,Mkokotoni
2023-06-05,Mkokotoni
2023-06-05,Mkokotoni
2023-06-05,Mkokotoni
2023-06-05,Mkokotoni
2023-06-05,Mkokotoni
2023-06-05,Mkokotoni
2023-06-05,Mkokotoni
2023-06-02,Mkokotoni
2023-06-05,Mkokotoni
2023-06-05,Mkokotoni
2023-06-05,Mkokotoni
2023-06-05,Mkokotoni
2023-06-05,Mkokotoni
2023-06-05,Mkokotoni
2023-06-05,Mkokotoni
2023-06-05,Mkokotoni
2023-06-05,Mkokotoni
2023-06-05,Mkokotoni
2023-06-06,Mkokotoni
2023-06-06,Mkokotoni
2023-06-06,Mkokotoni
2023-06-06,Mkokotoni
2023-06-06,Mkokotoni
2023-06-06,Mkokotoni
2023-06-06,Mkokotoni
2023-06-06,Mkokotoni
2023-06-06,Mkokotoni
2023-06-06,Mkokotoni
2023-06-06,Mkokotoni
2023-06-06,Mkokotoni
2023-06-06,Mkokotoni
2023-06-06,Mkokotoni
2023-06-06,Mkokotoni
2023-06-06,Mkokotoni
2023-06-06,Mkokotoni
2023-06-06,Mkokotoni
2023-06-06,Mkokotoni
2023-06-06,Mazizini
2023-06-06,Mazizini
2023-06-06,Mazizini
2023-06-06,Mazizini
2023-06-06,Mazizini
2023-06-06,Mazizini
2023-06-06,Mazizini
2023-06-06,Mazizini
2023-06-06,Mazizini
2023-06-06,Mazizini
2023-06-06,Mazizini
2023-06-06,Mkokotoni
2023-06-06,Mkokotoni
2023-06-06,Mkokotoni
2023-06-06,Mkokotoni
2023-06-06,Mkokotoni
2023-05-30,Tanga
2023-05-30,Tanga
2023-06-07,Tanga
2023-06-07,Tanga
2023-06-08,Kizimkazi dimbani
2023-06-06,Mkokotoni
2023-06-08,Mkokotoni
2023-06-08,Mkokotoni
2023-06-08,Mkokotoni
2023-06-08,Mkokotoni
2023-06-08,Mkokotoni
2023-06-08,Mkokotoni
2023-06-08,Mkokotoni
2023-06-08,Mkokotoni
2023-06-08,Mkokotoni
2023-06-08,Mkokotoni
2023-06-08,Mkokotoni
2023-06-08,Mazizini
2023-06-08,Mazizini
2023-06-08,Mkokotoni
2023-06-08,Mkokotoni
2023-06-08,Mkokotoni
2023-06-08,Mkokotoni
2023-06-08,Mkokotoni
2023-06-09,Mkokotoni
2023-06-09,Mkokotoni
2023-06-09,Mkokotoni
2023-06-09,Mkokotoni
2023-06-09,Mkokotoni
2023-06-09,Mkokotoni
2023-06-09,Mkokotoni
2023-06-09,Mkokotoni
2023-06-09,Mkokotoni
2023-06-09,Mkokotoni
2023-06-09,Mkokotoni
2023-06-09,Mkokotoni
2023-06-09,Mkokotoni
2023-06-09,Mkokotoni
2023-06-09,Mkokotoni
2023-06-09,Mkokotoni
2023-06-09,Mkokotoni
2023-06-09,Mkokotoni
2023-06-09,Mkokotoni
2023-06-09,Mkokotoni
2023-06-09,Mkokotoni
2023-06-09,Mkokotoni
2023-06-09,Mkokotoni
2023-06-09,Mkokotoni
2023-06-09,Mkokotoni
2023-06-09,Mkokotoni
2023-06-09,Mkokotoni
2023-06-09,Mkokotoni
2023-06-11,Msuka
2023-06-11,Msuka
2023-06-11,Msuka
2023-06-12,Kizimkazi dimbani
2023-06-13,Tanga
2023-06-13,Tanga
2023-06-13,Tanga
2023-06-13,Msuka
2023-06-13,Msuka
2023-06-09,Mkokotoni
2023-06-14,Mkokotoni
2023-06-14,Mkokotoni
2023-06-14,Mkokotoni
2023-06-14,Mkokotoni
2023-06-14,Mkokotoni
2023-06-14,Mkokotoni
2023-06-14,Mkokotoni
2023-06-14,Mkokotoni
2023-06-14,Mkokotoni
2023-06-14,Mkokotoni
2023-06-14,Mkokotoni
2023-06-14,Mkokotoni
2023-06-14,Mkokotoni
2023-06-14,Mkokotoni
2023-06-14,Mkokotoni
2023-06-14,Mkokotoni
2023-06-14,Malindi
2023-06-14,Malindi
2023-06-14,Malindi
2023-06-14,Malindi
2023-06-14,Malindi
2023-06-14,Malindi
2023-06-14,Mazizini
2023-06-14,Malindi
2023-06-14,Mazizini
2023-06-14,Mazizini
2023-06-14,Mkokotoni
2023-06-14,Mkokotoni
2023-06-14,Mkokotoni
2023-06-14,Mkokotoni
2023-06-14,Mkokotoni
2023-06-14,Mkokotoni
2023-06-14,Mkokotoni
2023-06-14,Mkokotoni
2023-06-14,Mkokotoni
2023-06-14,Mkokotoni
2023-06-14,Mkokotoni
2023-06-14,Mkokotoni
2023-06-14,Mkokotoni
2023-06-14,Mkokotoni
2023-06-14,Mkokotoni
2023-06-14,Mkokotoni
2023-06-14,Mkokotoni
2023-06-14,Mkokotoni
2023-06-14,Mkokotoni
2023-06-14,Mkokotoni
2023-06-14,Mkokotoni
2023-06-14,Msuka
2023-06-14,Mkokotoni
2023-06-15,Mkokotoni
2023-06-15,Mkokotoni
2023-06-15,Mkokotoni
2023-06-15,Mkokotoni
2023-06-15,Mkokotoni
2023-06-15,Mkokotoni
2023-06-15,Mkokotoni
2023-06-15,Mkokotoni
2023-06-15,Mkokotoni
2023-06-15,Mkokotoni
2023-06-15,Mkokotoni
2023-06-15,Mkokotoni
2023-06-15,Mkokotoni
2023-06-15,Mkokotoni
2023-06-15,Mkokotoni
2023-06-15,Mkokotoni
2023-06-15,Mkokotoni
2023-06-15,Mkokotoni
2023-06-15,Mkokotoni
2023-06-15,Mkokotoni
2023-06-15,Mkokotoni
2023-06-15,Mkokotoni
2023-06-15,Mkokotoni
2023-06-15,Mkokotoni
2023-06-15,Mkokotoni
2023-06-15,Mkokotoni
2023-06-15,Mkokotoni
2023-06-15,Mazizini
2023-06-15,Mazizini
2023-06-15,Mazizini
2023-06-15,Mazizini
2023-06-15,Mazizini
2023-06-15,Mazizini
2023-06-15,Mkokotoni
2023-06-15,Mkokotoni
2023-06-15,Mkokotoni
2023-06-15,Mkokotoni
2023-06-15,Mkokotoni
2023-06-15,Mkokotoni
2023-06-15,Mkokotoni
2023-06-15,Mkokotoni
2023-06-15,Mkokotoni
2023-06-15,Mkokotoni
2023-06-15,Mkokotoni
2023-06-15,Mkokotoni
2023-06-15,Mkokotoni
2023-06-15,Mkokotoni
2023-06-16,Mkokotoni
2023-06-16,Mkokotoni
2023-06-16,Mkokotoni
2023-06-16,Mkokotoni
2023-06-16,Mkokotoni
2023-06-16,Mkokotoni
2023-06-16,Mkokotoni
2023-06-18,Msuka
2023-06-18,Msuka
2023-06-06,Mkokotoni
2023-06-19,Mkokotoni
2023-06-19,Kizimkazi dimbani
2023-06-19,Kizimkazi dimbani
2023-06-05,Mazizini
2023-06-10,Mazizini
2023-06-10,Mazizini
2023-06-10,Mkokotoni
2023-06-10,Mkokotoni
2023-06-10,Mkokotoni
2023-06-10,Mkokotoni
2023-06-10,Mkokotoni
2023-06-10,Mkokotoni
2023-06-10,Mkokotoni
2023-06-12,Mkokotoni
2023-06-12,Mkokotoni
2023-06-12,Mkokotoni
2023-06-12,Mkokotoni
2023-06-12,Mkokotoni
2023-06-12,Mkokotoni
2023-06-12,Mkokotoni
2023-06-12,Mkokotoni
2023-06-12,Mkokotoni
2023-06-12,Mkokotoni
2023-06-12,Mkokotoni
2023-06-12,Mkokotoni
2023-06-12,Mkokotoni
2023-06-12,Mkokotoni
2023-06-12,Mkokotoni
2023-06-12,Mkokotoni
2023-06-12,Mkokotoni
2023-06-12,Mkokotoni
2023-06-12,Mkokotoni
2023-06-12,Mkokotoni
2023-06-12,Mkokotoni
2023-06-13,Mkokotoni
2023-06-13,Mkokotoni
2023-06-13,Mkokotoni
2023-06-13,Mkokotoni
2023-06-20,Mkokotoni
2023-06-20,Mkokotoni
2023-06-20,Mkokotoni
2023-06-20,Mkokotoni
2023-06-20,Mkokotoni
2023-06-20,Mkokotoni
2023-06-19,Mazizini
2023-06-20,Mkokotoni
2023-06-20,Mkokotoni
2023-06-20,Mkokotoni
2023-06-20,Mkokotoni
2023-06-20,Mkokotoni
2023-06-20,Mkokotoni
2023-06-20,Mkokotoni
2023-06-20,Mkokotoni
2023-06-20,Mkokotoni
2023-06-20,Mkokotoni
2023-06-20,Mkokotoni
2023-06-20,Mkokotoni
2023-06-20,Mkokotoni
2023-06-20,Mkokotoni
2023-06-20,Mkokotoni
2023-06-20,Mkokotoni
2023-06-20,Mkokotoni
2023-06-20,Mazizini
2023-06-20,Mkokotoni
2023-06-20,Mkokotoni
2023-06-20,Msuka
2023-06-20,Mazizini
2023-06-20,Mazizini
2023-06-20,Mazizini
2023-06-20,Mkokotoni
2023-06-20,Mkokotoni
2023-06-20,Mkokotoni
2023-06-20,Mkokotoni
2023-06-20,Mkokotoni
2023-06-20,Mkokotoni
2023-06-20,Mkokotoni
2023-06-20,Mkokotoni
2023-06-20,Mkokotoni
2023-06-20,Mkokotoni
2023-06-20,Mkokotoni
2023-06-20,Mkokotoni
2023-06-20,Mkokotoni
2023-06-20,Mkokotoni
2023-06-20,Mkokotoni
2023-06-20,Mkokotoni
2023-06-20,Mkokotoni
2023-06-20,Mkokotoni
2023-06-20,Mkokotoni
2023-06-20,Mkokotoni
2023-06-20,Mkokotoni
2023-06-20,Mkokotoni
2023-06-20,Mkokotoni
2023-06-20,Mkokotoni
2023-06-20,Mkokotoni
2023-06-20,Mkokotoni
2023-06-20,Mkokotoni
2023-06-20,Mkokotoni
2023-06-20,Mkokotoni
2023-06-20,Mkokotoni
2023-06-20,Mkokotoni
2023-06-20,Mkokotoni
2023-06-20,Mkokotoni
2023-06-20,Mkokotoni
2023-06-20,Mkokotoni
2023-06-20,Mkokotoni
2023-06-20,Mkokotoni
2023-06-20,Mkokotoni
2023-06-20,Mkokotoni
2023-05-16,Malindi
2023-05-16,Malindi
2023-05-16,Malindi
2023-05-16,Malindi
2023-05-16,Malindi
2023-05-16,Malindi
2023-05-16,Malindi
2023-05-16,Malindi
2023-06-21,Malindi
2023-06-21,Malindi
2023-06-21,Malindi
2023-06-21,Tanga
2023-06-21,Tanga
2023-06-21,Msuka
2023-06-21,Msuka
2023-06-21,Msuka
2023-06-20,Mazizini
2023-06-22,Mazizini
2023-06-22,Mkokotoni
2023-06-22,Mkokotoni
2023-06-22,Mkokotoni
2023-06-22,Mkokotoni
2023-06-22,Mkokotoni
2023-06-22,Mkokotoni
2023-06-22,Mkokotoni
2023-06-22,Mazizini
2023-06-22,Mkokotoni
2023-06-22,Mkokotoni
2023-06-22,Mkokotoni
2023-06-22,Mkokotoni
2023-06-22,Mkokotoni
2023-06-22,Mkokotoni
2023-06-22,Mazizini
2023-06-22,Mkokotoni
2023-06-22,Mkokotoni
2023-06-22,Mkokotoni
2023-06-22,Mkokotoni
2023-06-22,Mkokotoni
2023-06-22,Mkokotoni
2023-06-22,Mkokotoni
2023-06-22,Mkokotoni
2023-06-22,Mkokotoni
2023-06-22,Mkokotoni
2023-06-22,Mkokotoni
2023-06-22,Mkokotoni
2023-06-22,Mkokotoni
2023-06-22,Mkokotoni
2023-06-22,Mkokotoni
2023-06-22,Mkokotoni
2023-06-22,Mkokotoni
2023-06-22,Mkokotoni
2023-06-22,Mkokotoni
2023-06-22,Mkokotoni
2023-06-22,Mkokotoni
2023-06-22,Mkokotoni
2023-06-22,Mkokotoni
2023-06-22,Mkokotoni
2023-06-22,Mkokotoni
2023-06-22,Mkokotoni
2023-06-22,Mkokotoni
2023-06-23,Mkokotoni
2023-06-23,Mkokotoni
2023-06-23,Mkokotoni
2023-06-23,Mkokotoni
2023-06-23,Mkokotoni
2023-06-23,Mkokotoni
2023-06-23,Mkokotoni
2023-06-23,Mkokotoni
2023-06-23,Mkokotoni
2023-06-23,Mkokotoni
2023-06-23,Mkokotoni
2023-06-23,Mkokotoni
2023-06-13,Mkokotoni
2023-06-13,Mkokotoni
2023-06-13,Mkokotoni
,
,
,
,
,
,
,
,
,
,
,
,
,
,
,
,
,
,
,
,
,
,
,
,
,
,
,
,
,
,
,
,
,
,
,
,
,
,
,
,
,
,
,
,
,
,
,
,
,
,
2023-06-23,Mkokotoni
,
,
,
,
,
,
,
,
,
,
,
,
,
,
,
,
,
,
,
,
,
,
,
,
,
,
,
,
,
,
,
,
,
,
,
,
,
,
,
,
,
,
,
,
,
,
,
,
,
,
,
,
,
2023-06-23,Mkokotoni
,
,
,
,
,
,
,
,
,
,
,
,
,
,
,
,
,
,
,
,
,
,
,
,
,
,
,
,
,
,
,
,
,
,
,
,
,
,
,
,
,
,
,
,
,
,
,
,
2023-06-23,Mkokotoni
,
,
,
,
,
,
,
,
,
,
,
,
,
,
,
,
,
,
,
,
,
,
,
,
,
,
,
,
,
,
,
,
,
,
,
,
,
,
,
,
,
,
,
,
,
,
,
,
,
,
,
,
,
,
,
,
,
,
,
,
,
2023-06-23,Mkokotoni
,
,
,
,
,
,
,
,
,
,
,
,
,
,
,
,
,
,
,
,
,
,
,
,
,
,
,
,
,
,
,
,
,
,
,
,
,
,
,
,
,
,
,
,
,
,
,
,
,
,
,
,
,
,
,
,
,
,
,
,
,
,
,
,
,
,
,
2023-06-23,Mkokotoni
,
,
,
,
,
,
,
,
,
,
,
,
,
,
,
,
,
,
,
,
,
,
,
,
,
,
,
,
,
,
,
,
,
,
,
,
,
,
,
,
2023-06-23,Mkokotoni
,
,
,
,
,
,
,
,
,
,
,
,
,
,
,
,
,
,
,
,
,
,
,
,
,
,
,
,
,
,
,
,
,
,
,
,
,
,
,
,
,
,
,
,
,
,
,
,
,
,
,
,
,
,
,
,
,
,
,
,
2023-06-23,Mkokotoni
,
,
,
,
,
,
,
,
,
,
,
,
,
,
,
,
,
,
,
,
,
,
,
,
,
,
,
,
,
,
,
,
,
,
,
,
,
,
,
,
,
,
,
,
,
,
,
,
,
,
,
,
,
,
,
,
,
,
,
,
,
,
,
,
,
,
,
,
,
,
,
,
,
,
,
,
,
,
,
,
,
,
,
,
,
,
,
,
,
,
,
,
,
,
,
,
,
,
,
,
,
,
,
,
,
,
,
,
,
,
,
,
,
,
,
,
,
,
,
,
,
,
,
,
,
,
,
,
,
,
,
,
,
,
,
,
,
,
,
,
,
,
,
,
,
,
,
,
,
,
,
,
,
,
,
,
,
,
,
,
,
,
,
,
,
,
,
,
,
,
,
,
,
,
,
,
,
,
,
,
,
,
,
,
,
,
,
,
,
,
,
,
,
,
,
,
,
,
,
,
,
,
,
,
,
,
,
,
,
,
,
,
,
,
,
,
,
,
,
,
,
,
,
,
,
,
,
,
,
,
,
,
,
,
,
,
,
,
,
,
,
,
,
,
,
,
,
,
,
,
,
,
,
,
,
,
,
,
,
,
,
,
,
,
,
,
,
,
,
,
,
,
,
,
,
,
,
,
,
,
,
,
,
,
,
,
,
,
,
,
,
,
,
,
,
,
,
,
,
,
,
,
,
,
,
,
,
,
,
,
,
,
,
,
,
,
,
,
,
,
,
,
,
,
,
,
,
,
,
,
,
,
,
,
,
,
,
,
,
,
,
,
,
,
,
,
,
,
,
,
,
,
,
,
,
,
,
,
,
,
,
,
,
,
,
,
,
,
,
,
,
,
,
,
,
,
,
,
,
,
,
,
,
,
,
,
,
,
,
,
,
,
,
,
,
,
,
,
,
,
,
,
,
,
,
,
,
,
,
,
,
,
,
,
,
,
,
,
,
,
,
,
,
,
,
,
,
,
,
,
,
,
,
,
,
,
,
,
,
,
,
,
,
,
,
,
,
,
,
,
,
,
,
,
,
,
,
,
,
,
,
,
,
,
,
,
,
,
,
,
,
,
,
,
,
,
,
,
,
,
,
,
,
,
,
2023-06-23,Mkokotoni
,
,
,
,
,
,
,
,
,
,
,
,
,
,
,
,
,
,
,
,
,
,
,
,
,
,
,
,
,
,
,
,
,
,
,
,
,
,
,
,
,
,
,
,
,
,
,
,
,
,
,
,
,
,
,
,
,
,
,
,
,
,
,
,
,
,
,
,
,
,
,
,
,
,
,
,
,
,
,
,
,
,
,
,
,
,
,
,
,
,
,
,
,
,
,
,
,
,
,
,
,
,
,
,
,
,
,
,
,
,
,
,
,
,
,
,
,
,
,
,
,
,
,
,
,
,
,
,
,
,
,
,
,
,
,
,
,
,
,
,
,
,
,
,
,
,
,
,
,
,
,
,
2023-06-23,Mkokotoni
,
,
,
,
,
,
,
,
,
,
,
,
,
,
,
,
,
,
,
,
,
,
,
,
,
,
,
,
,
,
,
,
,
,
,
,
,
,
,
,
,
,
,
,
,
,
,
,
,
,
,
,
,
,
,
,
,
,
,
,
,
,
,
,
,
,
,
,
,
,
,
,
,
,
,
,
,
,
,
,
,
,
,
,
,
,
,
,
,
,
,
,
,
,
,
,
,
,
,
,
,
,
,
,
,
,
,
,
,
,
,
,
,
,
,
,
,
,
,
,
,
,
,
,
,
,
,
,
,
,
,
,
,
,
,
,
,
,
,
,
,
,
,
,
,
,
,
,
,
,
,
,
,
,
,
,
,
,
,
,
,
,
,
,
,
,
,
,
,
,
,
,
,
,
,
,
,
,
,
,
,
,
,
,
,
,
,
,
,
,
,
,
,
,
,
,
,
,
,
,
,
,
,
,
,
,
,
,
,
,
,
,
,
,
,
,
,
,
,
,
,
,
,
,
,
,
,
,
,
,
,
,
,
,
,
,
,
,
,
,
,
,
2023-06-23,Mkokotoni
,
,
,
,
,
,
,
,
,
,
,
,
,
,
,
,
,
,
,
,
,
,
,
,
,
,
,
,
,
,
,
,
,
,
,
,
,
,
,
,
,
,
,
,
,
,
,
,
,
,
,
,
,
,
,
,
,
,
,
,
,
,
,
,
,
,
,
,
,
,
,
,
,
,
,
,
,
,
,
,
,
,
,
,
,
,
,
,
,
,
,
,
,
,
,
,
,
,
,
,
,
,
,
,
,
,
,
,
,
,
,
,
,
,
,
,
,
,
,
,
,
,
,
,
,
2023-06-23,Mkokotoni
,
,
,
,
,
,
,
,
,
,
,
,
,
,
,
,
,
,
,
,
,
,
,
,
,
,
,
,
,
,
,
,
,
,
,
,
,
,
,
,
,
,
,
,
,
,
,
,
,
,
,
,
,
,
,
,
,
,
,
,
,
,
,
,
,
,
,
,
,
,
,
,
,
,
,
,
,
,
,
,
,
,
,
,
,
,
,
,
,
,
,
,
,
,
,
,
,
,
,
,
,
,
,
,
,
,
,
,
,
,
,
,
,
,
,
,
,
,
,
,
,
,
,
,
,
,
,
,
,
,
,
,
,
,
,
,
,
,
,
,
,
,
,
,
,
,
,
,
,
,
,
,
,
,
,
,
,
,
,
,
,
,
,
,
,
,
,
,
,
,
,
,
,
,
,
,
,
,
2023-06-23,Mkokotoni
,
,
,
,
,
,
,
,
,
,
,
,
,
,
,
,
,
,
,
,
,
,
,
,
,
,
,
,
,
,
,
,
,
,
,
,
,
,
,
,
,
,
,
,
,
,
,
,
,
,
,
,
,
,
,
,
,
,
,
,
,
,
,
,
,
,
,
,
,
,
,
,
,
,
,
,
,
,
,
,
,
,
,
,
,
,
,
,
,
,
,
,
,
,
,
,
,
,
,
,
,
,
,
,
,
,
,
,
,
,
,
,
,
,
,
,
,
,
,
2023-06-23,Mkokotoni
,
,
,
,
,
,
,
,
,
,
,
,
,
,
,
,
,
,
,
,
,
,
,
,
,
,
,
,
,
,
,
,
,
,
,
,
,
,
,
,
,
,
,
,
,
,
,
,
,
,
,
,
,
,
,
,
,
,
,
,
,
,
,
,
,
,
,
,
,
,
,
,
,
,
,
,
,
,
,
,
,
,
,
,
,
,
,
,
,
,
,
,
,
,
,
,
,
,
,
,
,
,
,
,
,
,
,
,
,
,
,
,
2023-06-23,Mkokotoni
,
,
,
,
,
,
,
,
,
,
,
,
,
,
,
,
,
,
,
,
,
,
,
,
,
,
,
,
,
,
,
,
,
,
,
,
,
,
,
,
,
,
,
,
,
,
,
,
,
,
,
,
,
,
,
,
,
,
,
,
,
,
,
,
,
,
,
,
,
,
,
,
,
,
,
,
,
,
,
,
,
,
,
,
,
,
,
,
,
,
,
,
,
,
,
,
,
,
,
,
,
,
,
,
,
,
,
,
,
,
,
,
,
,
,
,
,
,
,
,
,
,
,
,
,
,
,
,
,
,
,
,
,
,
,
,
,
,
,
,
,
,
,
,
,
,
,
,
,
,
,
,
,
,
,
,
,
,
,
,
,
,
,
,
,
,
,
,
,
,
,
,
,
,
,
,
,
,
,
,
,
,
,
,
,
,
,
,
,
,
,
,
,
,
,
,
,
,
,
,
,
,
,
,
,
,
,
,
,
,
,
,
,
,
,
,
,
,
,
,
,
,
,
,
,
,
,
,
,
,
,
,
,
,
,
,
,
2023-06-23,Mkokotoni
,
,
,
,
,
,
,
,
,
,
,
,
,
,
,
,
,
,
,
,
,
,
,
,
,
,
,
,
,
,
,
,
,
,
,
,
,
,
,
,
,
,
,
,
,
,
,
,
,
,
,
,
,
,
,
,
,
,
,
,
,
,
,
,
,
,
,
,
,
,
,
,
,
,
,
,
,
,
,
,
,
,
,
,
,
,
,
,
,
,
,
,
,
,
,
,
,
,
,
,
,
,
,
,
,
,
,
,
,
,
,
,
,
,
,
,
,
,
,
,
,
,
,
,
,
,
,
,
,
,
,
,
,
,
,
,
,
,
,
,
,
,
,
,
,
,
,
,
,
,
,
,
,
,
,
,
,
,
,
,
,
,
,
,
,
,
,
,
,
,
,
,
,
,
,
,
,
,
,
,
,
,
,
,
,
,
,
,
,
,
,
,
,
,
,
,
,
,
,
,
,
,
,
,
,
,
,
,
,
,
,
,
,
,
,
,
,
,
,
,
,
,
,
,
,
,
,
2023-06-25,Msuka
2023-06-25,Msuka
2023-06-25,Msuka
2023-06-25,Msuka
,
,
,
,
,
,
,
,
,
,
,
,
,
,
,
,
,
,
,
,
,
,
,
,
,
,
,
,
,
,
,
,
,
,
,
,
,
,
,
,
,
,
,
,
,
,
,
,
,
,
,
,
,
,
,
,
,
,
,
,
,
,
,
,
,
,
,
,
,
,
,
,
,
,
,
,
,
,
,
,
,
,
,
,
,
,
,
,
,
,
,
,
,
,
,
,
,
,
,
,
,
,
,
,
,
,
,
,
,
,
,
,
,
,
,
,
,
,
,
,
,
,
,
,
,
,
,
,
,
,
,
,
,
,
,
,
,
,
,
,
,
,
,
,
,
,
,
,
,
,
,
,
,
,
,
,
,
,
,
,
,
,
,
,
,
,
,
,
,
,
,
,
,
,
,
,
,
,
,
,
,
,
,
,
,
,
,
,
,
,
,
,
,
,
,
,
,
,
,
,
,
,
,
,
,
,
,
,
,
,
,
,
,
,
,
,
,
,
,
,
,
,
,
,
,
,
,
,
,
,
,
,
,
,
,
,
,
,
,
,
,
,
,
,
,
,
,
,
,
,
,
,
,
,
,
,
,
,
,
,
,
,
,
,
,
,
,
,
,
,
,
,
,
,
,
,
,
,
,
,
,
,
,
,
,
,
,
,
,
,
,
,
,
,
,
,
,
,
,
,
,
,
,
,
,
,
,
,
,
,
,
,
,
,
,
,
,
,
,
,
,
,
,
,
,
,
,
,
,
,
,
,
,
,
,
,
,
,
,
,
,
,
,
,
,
,
,
,
,
,
,
,
,
,
,
,
,
,
,
,
,
,
,
,
,
,
,
,
,
,
,
,
,
,
,
,
,
,
,
,
,
,
,
,
,
,
,
,
,
,
,
,
,
,
,
,
,
,
,
,
,
,
,
,
,
,
,
,
,
,
,
,
,
,
,
,
,
,
,
,
,
,
,
,
,
,
,
,
,
,
,
,
,
,
,
,
,
,
,
,
,
,
,
,
,
,
,
,
,
,
,
,
,
,
,
,
,
,
,
,
,
,
,
,
,
,
,
,
,
,
,
,
,
,
,
,
,
,
,
,
,
,
,
,
,
,
,
,
,
,
,
,
,
,
,
,
,
,
,
,
,
,
,
,
,
,
,
,
,
,
,
,
,
,
,
,
,
,
,
,
,
,
,
,
,
,
,
,
,
,
,
,
,
,
,
,
,
,
,
,
,
,
,
,
,
,
,
,
,
,
,
,
,
,
,
,
,
,
,
,
,
,
,
,
,
,
,
,
,
,
,
,
,
,
,
,
,
,
,
,
,
,
,
,
,
,
,
,
,
,
,
,
,
,
,
,
,
,
,
,
,
,
,
,
,
,
,
,
,
,
,
,
,
,
,
,
,
,
,
,
,
,
,
,
,
,
,
,
,
,
,
,
,
,
,
,
,
,
,
,
,
,
,
,
,
,
,
,
,
,
,
,
,
,
,
,
,
,
,
,
,
,
,
,
,
,
,
,
,
,
,
,
,
,
,
,
,
,
,
,
,
,
,
,
,
,
,
,
,
,
,
,
,
,
,
,
,
,
,
,
,
,
,
,
,
,
,
,
,
,
,
,
,
,
,
,
,
,
,
,
,
,
,
,
,
,
,
,
,
,
,
,
,
,
,
,
,
,
,
,
,
,
,
,
,
,
,
,
,
,
,
,
,
,
,
,
,
,
,
,
,
,
,
,
,
,
,
,
,
,
,
,
,
,
,
,
,
,
,
,
,
,
,
,
,
,
,
,
,
,
,
,
,
,
,
,
,
,
,
,
,
,
,
,
,
,
,
,
,
,
,
,
,
,
,
,
,
,
,
,
,
,
,
,
,
,
,
,
,
,
,
,
,
,
,
,
,
,
,
,
,
,
,
,
,
,
,
,
,
,
,
,
,
,
,
,
,
,
,
,
,
,
,
,
,
,
,
,
,
,
,
,
,
,
,
,
,
,
,
,
,
,
,
,
,
,
,
,
,
,
,
,
,
,
,
,
,
,
,
,
,
,
,
,
,
,
,
,
,
,
,
,
,
,
,
,
,
,
,
,
,
,
,
,
,
,
,
,
,
,
,
,
,
,
,
,
,
,
,
,
,
,
,
,
,
,
,
,
,
,
,
,
,
,
,
,
,
,
,
,
,
,
,
,
,
,
,
,
,
,
,
,
,
,
,
,
,
,
,
,
,
,
,
,
,
,
,
,
,
,
,
,
,
,
,
,
,
,
,
,
,
,
,
,
,
,
,
,
,
,
,
,
,
,
,
,
,
,
,
,
,
,
,
,
,
,
,
,
,
,
,
,
,
,
,
,
,
,
,
,
,
,
,
,
,
,
,
,
,
,
,
,
,
,
,
,
,
,
,
,
,
,
,
,
,
,
,
,
,
,
,
,
,
,
,
,
,
,
,
,
,
,
,
,
,
,
,
,
,
,
,
,
,
,
,
,
,
,
,
,
,
,
,
,
,
,
,
,
,
,
,
,
,
,
,
,
,
,
,
,
,
,
,
,
,
,
,
,
,
,
,
,
,
,
,
,
,
,
,
,
,
,
,
,
,
,
,
,
,
,
,
,
,
,
,
,
,
,
,
,
,
,
,
,
,
,
,
,
,
,
,
,
,
,
,
,
,
,
,
,
,
,
,
,
,
,
,
,
,
,
,
,
,
,
,
,
,
,
,
,
,
,
,
,
,
,
,
,
,
,
,
,
,
,
,
,
,
,
,
,
,
,
,
,
,
,
,
,
,
,
,
,
,
,
,
,
,
,
,
,
,
,
,
,
,
,
,
,
,
,
,
,
,
,
,
,
,
,
,
,
,
,
,
,
,
,
,
,
,
,
,
,
,
,
,
,
,
,
,
,
,
,
,
,
,
,
,
,
,
,
,
,
,
,
,
,
,
,
,
,
,
,
,
,
,
,
,
,
,
,
,
,
,
,
,
,
,
,
,
,
,
,
,
,
,
,
,
,
,
,
,
,
,
,
,
,
,
,
,
,
,
,
,
,
,
,
,
,
,
,
,
,
,
,
,
,
,
,
,
,
,
,
,
,
,
,
,
,
,
,
,
,
,
,
,
,
,
,
,
,
,
,
,
,
,
,
,
,
,
,
,
,
,
,
,
,
,
,
,
,
,
,
,
,
,
,
,
,
,
,
,
,
,
,
,
,
,
,
,
,
,
,
,
,
,
,
,
,
,
,
,
,
,
,
,
,
,
,
,
,
,
,
,
,
,
,
,
,
,
,
,
,
,
,
,
,
,
,
,
,
,
,
,
,
,
,
,
,
,
,
,
,
,
,
,
,
,
,
,
,
,
,
,
,
,
,
,
,
,
,
,
,
,
,
,
,
,
,
,
,
,
,
,
,
,
,
,
,
,
,
,
,
,
,
,
,
,
,
,
,
,
,
,
,
,
,
,
,
,
,
,
,
,
,
,
,
,
,
,
,
,
,
,
,
,
,
,
,
,
,
,
,
,
,
,
,
,
,
,
,
,
,
,
,
,
,
,
,
,
,
,
,
,
,
,
,
,
,
,
,
,
,
,
,
,
,
,
,
,
,
,
,
,
,
,
,
,
,
,
,
,
,
,
,
,
,
,
,
,
,
,
,
,
,
,
,
,
,
,
,
,
,
,
,
,
,
,
,
,
,
,
,
,
,
,
,
,
,
,
,
,
,
,
,
,
,
,
,
,
,
,
,
,
,
,
,
,
,
,
,
,
,
,
,
,
,
,
,
,
,
,
,
,
,
,
,
,
,
,
,
,
,
,
,
,
,
,
,
,
,
,
,
,
,
,
,
,
,
,
,
,
,
,
,
,
,
,
,
,
,
,
,
,
,
,
,
,
,
,
,
,
,
,
,
,
,
,
,
,
,
,
,
,
,
,
,
,
,
,
,
,
,
,
,
,
,
,
,
,
,
,
,
,
,
,
,
,
,
,
,
,
,
,
,
,
,
,
,
,
,
,
,
,
,
,
,
,
,
,
,
,
,
,
,
,
,
,
,
,
,
,
,
,
,
,
,
,
,
,
,
,
,
,
,
,
,
,
,
,
,
,
,
,
,
,
,
,
,
,
,
,
,
,
,
,
,
,
,
,
,
,
,
,
,
,
,
,
,
,
,
,
,
,
,
,
,
,
,
,
,
,
,
,
,
,
,
,
,
,
,
,
,
,
,
,
,
,
,
,
,
,
,
,
,
,
,
,
,
,
,
,
,
,
,
,
,
,
,
,
,
,
,
,
,
,
,
,
,
,
,
,
,
,
,
,
,
,
,
,
,
,
,
,
,
,
,
,
,
,
,
,
,
,
,
,
,
,
,
,
,
,
,
,
,
,
,
,
,
,
,
,
,
,
,
,
,
,
,
,
,
,
,
,
,
,
,
,
,
,
,
,
,
,
,
,
,
,
,
,
,
,
,
,
,
,
,
,
,
,
,
,
,
,
,
,
,
,
,
,
,
,
,
,
,
,
,
,
,
,
,
,
,
,
,
,
,
,
,
,
,
,
,
,
,
,
,
,
,
,
,
,
,
,
,
,
,
,
,
,
,
,
,
,
,
,
,
,
,
,
,
,
,
,
,
,
,
,
,
,
,
,
,
,
,
,
,
,
,
,
,
,
,
,
,
,
,
,
,
,
,
,
,
,
,
,
,
,
,
,
,
,
,
,
,
,
,
,
,
,
,
,
,
,
,
,
,
,
,
,
,
,
,
,
,
,
,
,
,
,
,
,
,
,
,
,
,
,
,
,
,
,
,
,
,
,
,
,
,
,
,
,
,
,
,
,
,
,
,
,
,
,
,
,
,
,
,
,
,
,
,
,
,
,
,
,
,
,
,
,
,
,
,
,
,
,
,
,
,
,
,
,
,
,
,
,
,
,
,
,
,
,
,
,
,
,
,
,
,
,
,
,
,
,
,
,
,
,
,
,
,
,
,
,
,
,
,
,
,
,
,
,
,
,
,
,
,
,
,
,
,
,
,
,
,
,
,
,
,
,
,
,
,
,
,
,
,
,
,
,
,
,
,
,
,
,
,
,
,
,
,
,
,
,
,
,
,
,
,
,
,
,
,
,
,
,
,
,
,
,
,
,
,
,
,
,
,
,
,
,
,
,
,
,
,
,
,
,
,
,
,
,
,
,
,
,
,
,
,
,
,
,
,
,
,
,
,
,
,
,
,
,
,
,
,
,
,
,
,
,
,
,
,
,
,
,
,
,
,
,
,
,
,
,
,
,
,
,
,
,
,
,
,
,
,
,
,
,
,
,
,
,
,
,
,
,
,
,
,
,
,
,
,
,
,
,
,
,
,
,
,
,
,
,
,
,
,
,
,
,
,
,
,
,
,
,
,
,
,
,
,
,
,
,
,
,
,
,
,
,
,
,
,
,
,
,
,
,
,
,
,
,
,
,
,
,
,
,
,
,
,
,
,
,
,
,
,
,
,
,
,
,
,
,
,
,
,
,
,
,
,
,
,
,
,
,
,
,
,
,
,
,
,
,
,
,
,
,
,
,
,
,
,
,
,
,
,
,
,
,
,
,
,
,
,
,
,
,
,
,
,
,
,
,
,
,
,
,
,
,
,
,
,
,
,
,
,
,
,
,
,
,
,
,
,
,
,
,
,
,
,
,
,
,
,
,
,
,
,
,
,
,
,
,
,
,
,
,
,
,
,
,
,
,
,
,
,
,
,
,
,
,
,
,
,
,
,
,
,
,
,
,
,
,
,
,
,
,
,
,
,
,
,
,
,
,
,
,
,
,
,
,
,
,
,
,
,
,
,
,
,
,
,
,
,
,
,
,
,
,
,
,
,
,
,
,
,
,
,
,
,
,
,
,
,
,
,
,
,
,
,
,
,
,
,
,
,
,
,
,
,
,
,
,
,
,
,
,
,
,
,
,
,
,
,
,
,
,
,
,
,
,
,
,
,
,
,
,
,
,
,
,
,
,
,
,
,
,
,
,
,
,
,
,
,
,
,
,
,
,
,
,
,
,
,
,
,
,
,
,
,
,
,
,
,
,
,
,
,
,
,
,
,
,
,
,
,
,
,
,
,
,
,
,
,
,
,
,
,
,
,
,
,
,
,
,
,
,
,
,
,
,
,
,
,
,
,
,
,
,
,
,
,
,
,
,
,
,
,
,
,
,
,
,
,
,
,
,
,
,
,
,
,
,
,
,
,
,
,
,
,
,
,
,
,
,
,
,
,
,
,
,
,
,
,
,
,
,
,
,
,
,
,
,
,
,
,
,
,
,
,
,
,
,
,
,
,
,
,
,
,
,
,
,
,
,
,
,
,
,
,
,
,
,
,
,
,
,
,
,
,
,
,
,
,
,
,
,
,
,
,
,
,
,
,
,
,
,
,
,
,
,
,
,
,
,
,
,
,
,
,
,
,
,
,
,
,
,
,
,
,
,
,
,
,
,
,
,
,
,
,
,
,
,
,
,
,
,
,
,
,
,
,
,
,
,
,
,
,
,
,
,
,
,
,
,
,
,
,
,
,
,
,
,
,
,
,
,
,
,
,
,
,
,
,
,
,
,
,
,
,
,
,
,
,
,
,
,
,
,
,
,
,
,
,
,
,
,
,
,
,
,
,
,
,
,
,
,
,
,
,
,
,
,
,
,
,
,
,
,
,
,
,
,
,
,
,
,
,
,
,
,
,
,
,
,
,
,
,
,
,
,
,
,
,
,
,
,
,
,
,
,
,
,
,
,
,
,
,
,
,
,
,
,
,
,
,
,
,
,
,
,
,
,
,
,
,
,
,
,
,
,
,
,
,
,
,
,
,
,
,
,
,
,
,
,
,
,
,
,
,
,
,
,
,
,
,
,
,
,
,
,
,
,
,
,
,
,
,
,
,
,
,
,
,
,
,
,
,
,
,
,
,
,
,
,
,
,
,
,
,
,
,
,
,
,
,
,
,
,
,
,
,
,
,
,
,
,
,
,
,
,
,
,
,
,
,
,
,
,
,
,
,
,
,
,
,
,
,
,
,
,
,
,
,
,
,
,
,
,
,
,
,
,
,
,
,
,
,
,
,
,
,
,
,
,
,
,
,
,
,
,
,
,
,
,
,
,
,
,
,
,
,
,
,
,
,
,
,
,
,
,
,
,
,
,
,
,
,
,
,
,
,
,
,
,
,
,
,
,
,
,
,
,
,
,
,
,
,
,
,
,
,
,
,
,
,
,
,
,
,
,
,
,
,
,
,
,
,
,
,
,
,
,
,
,
,
,
,
,
,
,
,
,
,
,
,
,
,
,
,
,
,
,
,
,
,
,
,
,
,
,
,
,
,
,
,
,
,
,
,
,
,
,
,
,
,
,
,
,
,
,
,
,
,
,
,
,
,
,
,
,
,
,
,
,
,
,
,
,
,
,
,
,
,
,
,
,
,
,
,
,
,
,
,
,
,
,
,
,
,
,
,
,
,
,
,
,
,
,
,
,
,
,
,
,
,
,
,
,
,
,
,
,
,
,
,
,
,
,
,
,
,
,
,
,
,
,
,
,
,
,
,
,
,
,
,
,
,
,
,
,
,
,
,
,
,
,
,
,
,
,
,
,
,
,
,
,
,
,
,
,
,
,
,
,
,
,
,
,
,
,
,
,
,
,
,
,
,
,
,
,
,
,
,
,
,
,
,
,
,
,
,
,
,
,
,
,
,
,
,
,
,
,
,
,
,
,
,
,
,
,
,
,
,
,
,
,
,
,
,
,
,
,
,
,
,
,
,
,
,
,
,
,
,
,
,
,
,
,
,
,
,
,
,
,
,
,
,
,
,
,
,
,
,
,
,
,
,
,
,
,
,
,
,
,
,
,
,
,
,
,
,
,
,
,
,
,
,
,
,
,
,
,
,
,
,
,
,
,
,
,
,
,
,
,
,
,
,
,
,
,
,
,
,
,
,
,
,
,
,
,
,
,
,
,
,
,
,
,
,
,
,
,
,
,
,
,
,
,
,
,
,
,
,
,
,
,
,
,
,
,
,
,
,
,
,
,
,
,
,
,
,
,
,
,
,
,
,
,
,
,
,
,
,
,
,
,
,
,
,
,
,
,
,
,
,
,
,
,
,
,
,
,
,
,
,
,
,
,
,
,
,
,
,
,
,
,
,
,
,
,
,
,
,
,
,
,
,
,
,
,
,
,
,
,
,
,
,
,
,
,
,
,
,
,
,
,
,
,
,
,
,
,
,
,
,
,
,
,
,
,
,
,
,
,
,
,
,
,
,
,
,
,
,
,
,
,
,
,
,
,
,
,
,
,
,
,
,
,
,
,
,
,
,
,
,
,
,
,
,
,
,
,
,
,
,
,
,
,
,
,
,
,
,
,
,
,
,
,
,
,
,
,
,
,
,
,
,
,
,
,
,
,
,
,
,
,
,
,
,
,
,
,
,
,
,
,
,
,
,
,
,
,
,
,
,
,
,
,
,
,
,
,
,
,
,
,
,
,
,
,
,
,
,
,
,
,
,
,
,
,
,
,
,
,
,
,
,
,
,
,
,
,
,
,
,
,
,
,
,
,
,
,
,
,
,
,
,
,
,
,
,
,
,
,
,
,
,
,
,
,
,
,
,
,
,
,
,
,
,
,
,
,
,
,
,
,
,
,
,
,
,
,
,
,
,
,
,
,
,
,
,
,
,
,
,
,
,
,
,
,
,
,
,
,
,
,
,
,
,
,
,
,
,
,
,
,
,
,
,
,
,
,
,
,
,
,
,
,
,
,
,
,
,
,
,
,
,
,
,
,
,
,
,
,
,
,
,
,
,
,
,
,
,
,
,
,
,
,
,
,
,
,
,
,
,
,
,
,
,
,
,
,
,
,
,
,
,
,
,
,
,
,
,
,
,
,
,
,
,
,
,
,
,
,
,
,
,
,
,
,
,
,
,
,
,
,
,
,
,
,
,
,
,
,
,
,
,
,
,
,
,
,
,
,
,
,
,
,
,
,
,
,
,
,
,
,
,
,
,
,
,
,
,
,
,
,
,
,
,
,
,
,
,
,
,
,
,
,
,
,
,
,
,
,
,
,
,
,
,
,
,
,
,
,
,
,
,
,
,
,
,
,
,
,
,
,
,
,
,
,
,
,
,
,
,
,
,
,
,
,
,
,
,
,
,
,
,
,
,
,
,
,
,
,
,
,
,
,
,
,
,
,
,
,
,
,
,
,
,
,
,
,
,
,
,
,
,
,
,
,
,
,
,
,
,
,
,
,
,
,
,
,
,
,
,
,
,
,
,
,
,
,
,
,
,
,
,
,
,
,
,
,
,
,
,
,
,
,
,
,
,
,
,
,
,
,
,
,
,
,
,
,
,
,
,
,
,
,
,
,
,
,
,
,
,
,
,
,
,
,
,
,
,
,
,
,
,
,
,
,
,
,
,
,
,
,
,
,
,
,
,
,
,
,
,
,
,
,
,
,
,
,
,
,
,
,
,
,
,
,
,
,
,
,
,
,
,
,
,
,
,
,
,
,
,
,
,
,
,
,
,
,
,
,
,
,
,
,
,
,
,
,
,
,
,
,
,
,
,
,
,
,
,
,
,
,
,
,
,
,
,
,
,
,
,
,
,
,
,
,
,
,
,
,
,
,
,
,
,
,
,
,
,
,
,
,
,
,
,
,
,
,
,
,
,
,
,
,
,
,
,
,
,
,
,
,
,
,
,
,
,
,
,
,
,
,
,
,
,
,
,
,
,
,
,
,
,
,
,
,
,
,
,
,
,
,
,
,
,
,
,
,
,
,
,
,
,
,
,
,
,
,
,
,
,
,
,
,
,
,
,
,
,
,
,
,
,
,
,
,
,
,
,
,
,
,
,
,
,
,
,
,
,
,
,
,
,
,
,
,
,
,
,
,
,
,
,
,
,
,
,
,
,
,
,
,
,
,
,
,
,
,
,
,
,
,
,
,
,
,
,
,
,
,
,
,
,
,
,
,
,
,
,
,
,
,
,
,
,
,
,
,
,
,
,
,
,
,
,
,
,
,
,
,
,
,
,
,
,
,
,
,
,
,
,
,
,
,
,
,
,
,
,
,
,
,
,
,
,
,
,
,
,
,
,
,
,
,
,
,
,
,
,
,
,
,
,
,
,
,
,
,
,
,
,
,
,
,
,
,
,
,
,
,
,
,
,
,
,
,
,
,
,
,
,
,
,
,
,
,
,
,
,
,
,
,
,
,
,
,
,
,
,
,
,
,
,
,
,
,
,
,
,
,
,
,
,
,
,
,
,
,
,
,
,
,
,
,
,
,
,
,
,
,
,
,
,
,
,
,
,
,
,
,
,
,
,
,
,
,
,
,
,
,
,
,
,
,
,
,
,
,
,
,
,
,
,
,
,
,
,
,
,
,
,
,
,
,
,
,
,
,
,
,
,
,
,
,
,
,
,
,
,
,
,
,
,
,
,
,
,
,
,
,
,
,
,
,
,
,
,
,
,
,
,
,
,
,
,
,
,
,
,
,
,
,
,
,
,
,
,
,
,
,
,
,
,
,
,
,
,
,
,
,
,
,
,
,
,
,
,
,
,
,
,
,
,
,
,
,
,
,
,
,
,
,
,
,
,
,
,
,
,
,
,
,
,
,
,
,
,
,
,
,
,
,
,
,
,
,
,
,
,
,
,
,
,
,
,
,
,
,
,
,
,
,
,
,
,
,
,
,
,
,
,
,
,
,
,
,
,
,
,
,
,
,
,
,
,
,
,
,
,
,
,
,
,
,
,
,
,
,
,
,
,
,
,
,
,
,
,
,
,
,
,
,
,
,
,
,
,
,
,
,
,
,
,
,
,
,
,
,
,
,
,
,
,
,
,
,
,
,
,
,
,
,
,
,
,
,
,
,
,
,
,
,
,
,
,
,
,
,
,
,
,
,
,
,
,
,
,
,
,
,
,
,
,
,
,
,
,
,
,
,
,
,
,
,
,
,
,
,
,
,
,
,
,
,
,
,
,
,
,
,
,
,
,
,
,
,
,
,
,
,
,
,
,
,
,
,
,
,
,
,
,
,
,
,
,
,
,
,
,
,
,
,
,
,
,
,
,
,
,
,
,
,
,
,
,
,
,
,
,
,
,
,
,
,
,
,
,
,
,
,
,
,
,
,
,
,
,
,
,
,
,
,
,
,
,
,
,
,
,
,
,
,
,
,
,
,
,
,
,
,
,
,
,
,
,
,
,
,
,
,
,
,
,
,
,
,
,
,
,
,
,
,
,
,
,
,
,
,
,
,
,
,
,
,
,
,
,
,
,
,
,
,
,
,
,
,
,
,
,
,
,
,
,
,
,
,
,
,
,
,
,
,
,
,
,
,
,
,
,
,
,
,
,
,
,
,
,
,
,
,
,
,
,
,
,
,
,
,
,
,
,
,
,
,
,
,
,
,
,
,
,
,
,
,
,
,
,
,
,
,
,
,
,
,
,
,
,
,
,
,
,
,
,
,
,
,
,
,
,
,
,
,
,
,
,
,
,
,
,
,
,
,
,
,
,
,
,
,
,
,
,
,
,
,
,
,
,
,
,
,
,
,
,
,
,
,
,
,
,
,
,
,
,
,
,
,
,
,
,
,
,
,
,
,
,
,
,
,
,
,
,
,
,
,
,
,
,
,
,
,
,
,
,
,
,
,
,
,
,
,
,
,
,
,
,
,
,
,
,
,
,
,
,
,
,
,
,
,
,
,
,
,
,
,
,
,
,
,
,
,
,
,
,
,
,
,
,
,
,
,
,
,
,
,
,
,
,
,
,
,
,
,
,
,
,
,
2023-06-27,Kizimkazi dimbani
2023-06-27,Msuka
2023-06-27,Msuka
2023-06-27,Mazizini
2023-06-27,Mazizini
2023-07-02,Msuka
2023-07-03,Msuka
2023-07-03,Msuka
2023-07-04,Mazizini
2023-07-04,Mazizini
2023-07-05,Kizimkazi dimbani
2023-07-05,Msuka
2023-06-23,Mkokotoni
2023-06-24,Mkokotoni
2023-06-24,Mkokotoni
2023-06-24,Mkokotoni
2023-06-24,Mkokotoni
2023-06-24,Mkokotoni
2023-06-24,Mkokotoni
2023-06-24,Mkokotoni
2023-06-24,Mkokotoni
2023-06-24,Mkokotoni
2023-06-24,Mkokotoni
2023-06-24,Mkokotoni
2023-06-24,Mkokotoni
2023-06-24,Mkokotoni
2023-06-24,Mkokotoni
2023-06-24,Mkokotoni
2023-06-24,Mkokotoni
2023-06-24,Mkokotoni
2023-06-24,Mkokotoni
2023-06-24,Mkokotoni
2023-06-24,Mkokotoni
2023-06-24,Mkokotoni
2023-06-24,Mkokotoni
2023-06-24,Mkokotoni
2023-06-24,Mkokotoni
2023-06-24,Mkokotoni
2023-06-24,Mkokotoni
2023-06-24,Mkokotoni
2023-06-24,Mkokotoni
2023-06-24,Mkokotoni
2023-06-24,Mkokotoni
2023-06-24,Mkokotoni
2023-06-24,Mkokotoni
2023-06-24,Mkokotoni
2023-06-24,Mkokotoni
2023-06-24,Mkokotoni
2023-06-24,Mkokotoni
2023-06-24,Mkokotoni
2023-06-24,Mkokotoni
2023-06-24,Mkokotoni
2023-06-24,Mkokotoni
2023-06-24,Mkokotoni
2023-06-24,Mkokotoni
2023-06-24,Malindi
2023-06-24,Mazizini
2023-06-24,Mazizini
2023-06-26,Mkokotoni
2023-06-26,Mkokotoni
2023-06-26,Mkokotoni
2023-06-26,Mkokotoni
2023-06-26,Mkokotoni
2023-06-26,Mkokotoni
2023-06-26,Mkokotoni
2023-06-26,Mkokotoni
2023-06-26,Mkokotoni
2023-06-26,Mkokotoni
2023-06-26,Mkokotoni
2023-06-26,Mkokotoni
2023-06-26,Mkokotoni
2023-06-26,Mkokotoni
2023-06-26,Mkokotoni
2023-06-26,Mkokotoni
2023-06-26,Mkokotoni
2023-06-26,Mkokotoni
2023-06-26,Mkokotoni
2023-06-26,Mkokotoni
2023-06-26,Mkokotoni
2023-06-26,Mkokotoni
2023-06-26,Mkokotoni
2023-06-26,Mkokotoni
2023-06-26,Mkokotoni
2023-06-26,Mkokotoni
2023-06-26,Mkokotoni
2023-06-26,Mkokotoni
2023-06-26,Mkokotoni
2023-06-26,Mkokotoni
2023-06-26,Mkokotoni
2023-06-26,Mkokotoni
2023-06-26,Mkokotoni
2023-06-26,Mkokotoni
2023-06-26,Mkokotoni
2023-06-27,Mkokotoni
2023-06-27,Mkokotoni
2023-06-27,Mkokotoni
2023-06-27,Mkokotoni
2023-06-27,Mkokotoni
2023-06-27,Mkokotoni
2023-06-27,Mkokotoni
2023-06-27,Mkokotoni
2023-06-27,Mkokotoni
2023-06-27,Mkokotoni
2023-06-27,Mkokotoni
2023-06-27,Mkokotoni
2023-06-27,Mkokotoni
2023-06-27,Mkokotoni
2023-07-01,Mkokotoni
2023-07-01,Mkokotoni
2023-07-01,Mkokotoni
2023-07-01,Mkokotoni
2023-07-01,Mkokotoni
2023-07-01,Mkokotoni
2023-07-01,Mkokotoni
2023-07-10,Kizimkazi dimbani
2023-07-10,Kizimkazi dimbani
2023-07-11,Mazizini
2023-05-08,Mkokotoni
2023-07-15,Mkokotoni
2023-07-15,Mkokotoni
2023-07-15,Mkokotoni
2023-07-15,Mkokotoni
2023-07-15,Mkokotoni
2023-07-15,Mkokotoni
2023-07-15,Mkokotoni
2023-07-15,Mkokotoni
2023-07-15,Mkokotoni
2023-07-15,Mkokotoni
2023-07-15,Mkokotoni
2023-07-17,Kizimkazi dimbani
2023-07-15,Mkokotoni
2023-07-15,Mkokotoni
2023-07-15,Mkokotoni
2023-07-15,Mkokotoni
2023-07-15,Mkokotoni
2023-07-15,Mkokotoni
2023-07-15,Mkokotoni
2023-07-15,Mkokotoni
2023-07-15,Mkokotoni
2023-07-15,Mkokotoni
2023-07-15,Mkokotoni
2023-07-15,Mkokotoni
2023-07-15,Mkokotoni
2023-07-15,Mkokotoni
2023-07-15,Mkokotoni
2023-07-15,Mkokotoni
2023-07-15,Mkokotoni
2023-07-15,Mkokotoni
2023-07-15,Mkokotoni
2023-07-15,Mkokotoni
2023-07-15,Mkokotoni
2023-07-15,Mkokotoni
2023-07-15,Mkokotoni
2023-07-15,Mkokotoni
2023-07-16,Mkokotoni
2023-07-16,Mkokotoni
2023-07-17,Tanga
2023-07-17,Tanga
2023-07-18,Tanga
2023-07-18,Tanga
2023-07-18,Tanga
2023-07-23,Msuka
2023-07-23,Msuka
2023-07-24,Mkokotoni
2023-07-24,Mkokotoni
2023-07-24,Mkokotoni
2023-07-24,Mkokotoni
2023-07-24,Mkokotoni
2023-07-24,Mkokotoni
2023-07-24,Mkokotoni
2023-07-24,Mkokotoni
2023-07-24,Mkokotoni
2023-07-24,Mkokotoni
2023-07-24,Mkokotoni
2023-07-24,Mkokotoni
2023-07-24,Mkokotoni
2023-06-21,Malindi
2023-06-21,Malindi
2023-06-21,Malindi
2023-07-24,Malindi
2023-07-24,Malindi
2023-07-24,Mkokotoni
2023-07-24,Mkokotoni
2023-07-24,Mkokotoni
2023-07-24,Mkokotoni
2023-07-24,Mkokotoni
2023-07-24,Mkokotoni
2023-07-24,Mkokotoni
2023-07-24,Mkokotoni
2023-07-24,Mkokotoni
2023-07-24,Mkokotoni
2023-07-24,Mkokotoni
2023-07-24,Mkokotoni
2023-07-24,Mkokotoni
2023-07-24,Mkokotoni
2023-07-24,Mkokotoni
2023-07-18,Mkokotoni
2023-07-19,Mkokotoni
2023-07-19,Mkokotoni
2023-07-19,Mkokotoni
2023-07-19,Mkokotoni
2023-07-19,Mkokotoni
2023-07-19,Mkokotoni
2023-07-19,Mkokotoni
2023-07-19,Mkokotoni
2023-07-19,Mkokotoni
2023-07-19,Mkokotoni
2023-07-19,Mkokotoni
2023-07-19,Mkokotoni
2023-07-19,Mkokotoni
2023-07-19,Mkokotoni
2023-07-19,Mkokotoni
2023-07-19,Mkokotoni
2023-07-19,Mkokotoni
2023-07-19,Mkokotoni
2023-07-19,Mkokotoni
2023-07-19,Mkokotoni
2023-07-19,Mkokotoni
2023-07-19,Mkokotoni
2023-07-19,Mkokotoni
2023-07-19,Mkokotoni
2023-07-19,Mkokotoni
2023-07-19,Mkokotoni
2023-07-19,Mkokotoni
2023-07-19,Mkokotoni
2023-07-19,Mkokotoni
2023-07-25,Mkokotoni
2023-07-25,Mkokotoni
2023-07-25,Mkokotoni
2023-07-25,Mkokotoni
2023-07-25,Mkokotoni
2023-07-25,Mkokotoni
2023-07-25,Mkokotoni
2023-07-25,Mkokotoni
2023-07-25,Mkokotoni
2023-07-25,Mkokotoni
2023-07-25,Mkokotoni
2023-07-25,Mkokotoni
2023-07-25,Kizimkazi dimbani
2023-07-25,Mkokotoni
2023-07-25,Mkokotoni
2023-07-25,Mkokotoni
2023-07-25,Mkokotoni
2023-07-25,Mkokotoni
2023-07-25,Mkokotoni
2023-07-25,Mkokotoni
2023-07-25,Mkokotoni
2023-07-25,Mkokotoni
2023-07-25,Mkokotoni
2023-07-25,Mkokotoni
2023-07-25,Mkokotoni
2023-07-25,Mkokotoni
2023-07-25,Mkokotoni
2023-07-25,Mkokotoni
2023-07-25,Mkokotoni
2023-07-25,Mkokotoni
2023-07-25,Mkokotoni
2023-07-25,Mkokotoni
2023-07-25,Mkokotoni
2023-07-25,Mkokotoni
2023-07-25,Mkokotoni
2023-07-25,Mkokotoni
2023-07-25,Mkokotoni
2023-07-25,Mkokotoni
2023-07-25,Mkokotoni
2023-07-25,Mkokotoni
2023-07-25,Mkokotoni
2023-07-25,Mkokotoni
2023-07-25,Mkokotoni
2023-07-25,Mkokotoni
2023-07-25,Mkokotoni
2023-07-25,Mkokotoni
2023-07-26,Malindi
2023-07-26,Malindi
2023-07-26,Malindi
2023-07-26,Malindi
2023-07-26,Malindi
2023-07-26,Malindi
2023-07-26,Malindi
2023-07-26,Malindi
2023-07-26,Malindi
2023-07-26,Mazizini
2023-07-26,Mazizini
2023-07-26,Mkokotoni
2023-07-26,Mkokotoni
2023-07-26,Mkokotoni
2023-07-26,Mkokotoni
2023-07-26,Mkokotoni
2023-07-26,Mkokotoni
2023-07-26,Mkokotoni
2023-07-26,Mkokotoni
2023-07-26,Mkokotoni
2023-07-26,Mkokotoni
2023-07-26,Mkokotoni
2023-07-26,Mkokotoni
2023-07-26,Mkokotoni
2023-07-25,Mkokotoni
2023-07-25,Mkokotoni
2023-07-26,Mkokotoni
2023-07-26,Mkokotoni
2023-07-26,Mkokotoni
2023-07-26,Mkokotoni
2023-07-26,Mkokotoni
2023-07-26,Mkokotoni
2023-07-26,Mkokotoni
2023-07-26,Mkokotoni
2023-07-26,Mkokotoni
2023-07-26,Mkokotoni
2023-07-26,Mkokotoni
2023-07-26,Mkokotoni
2023-07-26,Mkokotoni
2023-07-26,Mkokotoni
2023-07-26,Mkokotoni
2023-07-26,Mkokotoni
2023-07-26,Mkokotoni
2023-07-26,Mkokotoni
2023-07-26,Mkokotoni
2023-07-26,Mkokotoni
2023-07-26,Mkokotoni
2023-07-26,Mkokotoni
2023-07-26,Mkokotoni
2023-07-26,Mkokotoni
2023-07-26,Mkokotoni
2023-07-26,Mkokotoni
2023-07-26,Mkokotoni
2023-07-26,Mkokotoni
2023-07-26,Mkokotoni
2023-07-26,Mkokotoni
2023-07-26,Mkokotoni
2023-07-26,Mkokotoni
2023-07-26,Mkokotoni
2023-07-26,Mkokotoni
2023-07-26,Mkokotoni
2023-07-26,Mkokotoni
2023-07-26,Mkokotoni
2023-07-26,Mkokotoni
2023-07-26,Mkokotoni
2023-07-26,Mkokotoni
2023-07-26,Mkokotoni
2023-07-26,Mkokotoni
2023-07-26,Mkokotoni
2023-07-26,Mkokotoni
2023-07-26,Mkokotoni
2023-07-26,Mkokotoni
2023-07-26,Mkokotoni
2023-07-26,Mkokotoni
2023-07-26,Mkokotoni
2023-07-26,Mkokotoni
2023-07-26,Mkokotoni
2023-07-26,Mkokotoni
2023-07-26,Mkokotoni
2023-07-26,Mkokotoni
2023-07-26,Mkokotoni
2023-07-26,Mkokotoni
2023-07-26,Mkokotoni
2023-07-26,Mkokotoni
2023-07-26,Mkokotoni
2023-07-27,Mkokotoni
2023-07-27,Mkokotoni
2023-07-27,Mkokotoni
2023-07-27,Mkokotoni
2023-07-27,Mkokotoni
2023-07-27,Mkokotoni
2023-07-27,Mkokotoni
2023-07-27,Mkokotoni
2023-07-27,Mkokotoni
2023-07-27,Mkokotoni
2023-07-27,Mkokotoni
2023-07-27,Mkokotoni
2023-07-27,Mkokotoni
2023-07-27,Mkokotoni
2023-07-27,Mkokotoni
2023-07-27,Mkokotoni
2023-07-27,Mkokotoni
2023-07-27,Mkokotoni
2023-07-27,Mkokotoni
2023-07-27,Mkokotoni
2023-07-27,Mkokotoni
2023-07-27,Mkokotoni
2023-07-27,Mkokotoni
2023-07-27,Mkokotoni
2023-07-27,Mkokotoni
2023-07-27,Mkokotoni
2023-07-27,Mkokotoni
2023-07-27,Mkokotoni
2023-07-27,Mkokotoni
2023-07-27,Mkokotoni
2023-07-27,Mkokotoni
2023-07-27,Mkokotoni
2023-07-27,Mkokotoni
2023-07-27,Mkokotoni
2023-07-27,Mkokotoni
2023-07-27,Mkokotoni
2023-07-27,Mkokotoni
2023-07-27,Mkokotoni
2023-07-27,Mkokotoni
2023-07-27,Mkokotoni
2023-07-27,Mkokotoni
2023-07-27,Mkokotoni
2023-07-27,Mkokotoni
2023-07-27,Mkokotoni
2023-07-27,Mkokotoni
2023-07-27,Mkokotoni
2023-07-27,Mkokotoni
2023-07-27,Mkokotoni
2023-07-27,Mkokotoni
2023-07-27,Mkokotoni
2023-07-27,Mkokotoni
2023-07-27,Mkokotoni
2023-07-27,Mkokotoni
2023-07-27,Mkokotoni
2023-07-27,Mkokotoni
2023-07-27,Mkokotoni
2023-07-27,Mkokotoni
2023-07-27,Mkokotoni
2023-07-27,Mkokotoni
2023-07-27,Mkokotoni
2023-07-27,Mkokotoni
2023-07-27,Mkokotoni
2023-07-27,Mkokotoni
2023-07-27,Mkokotoni
2023-07-27,Mkokotoni
2023-07-27,Mkokotoni
2023-07-27,Mkokotoni
2023-07-27,Mkokotoni
2023-07-27,Mkokotoni
2023-07-27,Mkokotoni
2023-07-27,Mkokotoni
2023-07-27,Mkokotoni
2023-07-27,Mkokotoni
2023-07-27,Mkokotoni
2023-07-27,Mkokotoni
2023-07-27,Mkokotoni
2023-07-27,Mkokotoni
2023-07-27,Mkokotoni
2023-07-27,Mkokotoni
2023-07-27,Mkokotoni
2023-07-27,Mkokotoni
2023-07-27,Mkokotoni
2023-07-27,Mkokotoni
2023-07-27,Mkokotoni
2023-07-27,Mkokotoni
2023-07-27,Mkokotoni
2023-07-27,Mkokotoni
2023-07-27,Mkokotoni
2023-07-27,Mkokotoni
2023-07-27,Mkokotoni
2023-07-27,Mkokotoni
2023-07-27,Mkokotoni
2023-07-27,Mkokotoni
2023-07-27,Mkokotoni
2023-07-27,Mkokotoni
2023-07-27,Mkokotoni
2023-07-27,Mkokotoni
2023-07-28,Mkokotoni
2023-07-27,Mkokotoni
2023-07-27,Mkokotoni
2023-07-28,Mkokotoni
2023-07-27,Mkokotoni
2023-07-27,Mkokotoni
2023-07-27,Mkokotoni
2023-07-28,Mkokotoni
2023-07-27,Mkokotoni
2023-07-28,Mkokotoni
2023-07-27,Mkokotoni
2023-07-28,Mkokotoni
2023-07-27,Mkokotoni
2023-07-27,Mkokotoni
2023-07-28,Mkokotoni
2023-07-27,Mkokotoni
2023-07-27,Mkokotoni
2023-07-27,Mkokotoni
2023-07-27,Mkokotoni
2023-07-27,Mkokotoni
2023-07-27,Mkokotoni
2023-07-28,Mkokotoni
2023-07-27,Mkokotoni
2023-07-28,Mkokotoni
2023-07-27,Mkokotoni
2023-07-27,Mkokotoni
2023-07-27,Mkokotoni
2023-07-28,Mkokotoni
2023-07-28,Mkokotoni
2023-07-27,Mkokotoni
2023-07-27,Mkokotoni
2023-07-28,Mkokotoni
2023-07-27,Mkokotoni
2023-07-27,Mkokotoni
2023-07-28,Mkokotoni
2023-07-28,Mkokotoni
2023-07-27,Mkokotoni
2023-07-27,Mkokotoni
2023-07-28,Mkokotoni
2023-07-27,Mkokotoni
2023-07-27,Mkokotoni
2023-07-28,Mkokotoni
2023-07-27,Mkokotoni
2023-07-27,Mkokotoni
2023-07-28,Mkokotoni
2023-07-28,Mkokotoni
2023-07-27,Mkokotoni
2023-07-28,Mkokotoni
2023-07-28,Mkokotoni
2023-07-28,Mkokotoni
2023-07-28,Mkokotoni
2023-07-27,Mkokotoni
2023-07-27,Mkokotoni
2023-07-27,Mkokotoni
2023-07-28,Mkokotoni
2023-07-28,Mkokotoni
2023-07-28,Mkokotoni
2023-07-28,Mkokotoni
2023-07-28,Mkokotoni
2023-07-28,Mkokotoni
2023-07-28,Mkokotoni
2023-07-28,Mkokotoni
2023-07-28,Mkokotoni
2023-07-28,Mkokotoni
2023-07-28,Mkokotoni
2023-07-28,Mkokotoni
2023-07-28,Mkokotoni
2023-07-28,Mkokotoni
2023-07-28,Mkokotoni
2023-07-28,Mkokotoni
2023-07-28,Mkokotoni
2023-07-28,Mkokotoni
2023-07-28,Mkokotoni
2023-07-28,Mkokotoni
2023-07-28,Mkokotoni
2023-07-28,Mkokotoni
2023-07-28,Mkokotoni
2023-07-28,Mkokotoni
2023-07-28,Mkokotoni
2023-07-28,Mkokotoni
2023-07-28,Mkokotoni
2023-07-28,Mkokotoni
2023-07-28,Mkokotoni
2023-07-28,Mkokotoni
2023-07-28,Mkokotoni
2023-07-28,Mkokotoni
2023-07-28,Mkokotoni
2023-07-28,Mkokotoni
2023-07-30,Msuka
2023-07-30,Msuka
2023-07-28,Mkokotoni
2023-07-28,Mkokotoni
2023-07-28,Mkokotoni
2023-07-28,Mkokotoni
2023-07-28,Mkokotoni
2023-07-28,Mkokotoni
2023-07-28,Mkokotoni
2023-07-28,Mkokotoni
2023-07-28,Mkokotoni
2023-07-28,Mkokotoni
2023-07-28,Mkokotoni
2023-07-28,Mkokotoni
2023-07-28,Mkokotoni
2023-07-28,Mkokotoni
2023-07-28,Mkokotoni
2023-07-28,Mkokotoni
2023-07-28,Mkokotoni
2023-07-28,Mkokotoni
2023-07-28,Mkokotoni
2023-07-28,Mkokotoni
2023-07-28,Mkokotoni
2023-07-28,Mkokotoni
2023-07-28,Mkokotoni
2023-07-28,Mkokotoni
2023-07-28,Mkokotoni
2023-07-28,Mkokotoni
2023-07-28,Mkokotoni
2023-07-29,Mkokotoni
2023-07-29,Mkokotoni
2023-07-29,Mkokotoni
2023-07-29,Mkokotoni
2023-07-29,Mkokotoni
2023-07-29,Mkokotoni
2023-07-29,Mkokotoni
2023-07-29,Mkokotoni
2023-07-29,Mkokotoni
2023-07-29,Mkokotoni
2023-07-29,Mkokotoni
2023-07-30,Mkokotoni
2023-07-30,Mkokotoni
2023-07-30,Mkokotoni
2023-07-30,Mkokotoni
2023-07-30,Mkokotoni
2023-07-30,Mkokotoni
2023-07-30,Mkokotoni
2023-07-30,Mkokotoni
2023-07-30,Mkokotoni
2023-07-30,Mkokotoni
2023-07-27,Mkokotoni
2023-07-29,Mkokotoni
2023-07-30,Mkokotoni
2023-07-30,Mkokotoni
2023-07-30,Mkokotoni
2023-07-31,Mkokotoni
2023-07-29,Mkokotoni
2023-07-31,Mkokotoni
2023-07-31,Mkokotoni
2023-07-31,Mkokotoni
2023-07-31,Mkokotoni
2023-07-30,Mkokotoni
2023-07-31,Mkokotoni
2023-07-31,Mkokotoni
2023-07-30,Mkokotoni
2023-07-31,Mkokotoni
2023-07-31,Mkokotoni
2023-07-31,Mkokotoni
2023-07-30,Mkokotoni
2023-07-31,Mkokotoni
2023-07-30,Mkokotoni
2023-07-31,Mkokotoni
2023-07-31,Mkokotoni
2023-07-30,Mkokotoni
2023-07-31,Mkokotoni
2023-07-31,Mkokotoni
2023-07-30,Mkokotoni
2023-07-31,Mkokotoni
2023-07-30,Mkokotoni
2023-07-31,Mkokotoni
2023-07-31,Mkokotoni
2023-07-31,Mkokotoni
2023-07-30,Mkokotoni
2023-07-31,Mkokotoni
2023-07-31,Mkokotoni
2023-07-30,Mkokotoni
2023-07-31,Kizimkazi dimbani
2023-07-30,Mkokotoni
2023-07-31,Mkokotoni
2023-07-31,Mkokotoni
2023-07-31,Mkokotoni
2023-07-31,Mkokotoni
2023-07-31,Mkokotoni
2023-07-30,Mkokotoni
2023-07-31,Mkokotoni
2023-07-31,Mkokotoni
2023-07-30,Mkokotoni
2023-07-31,Mkokotoni
2023-07-31,Mkokotoni
2023-07-30,Mkokotoni
2023-07-30,Mkokotoni
2023-07-31,Mkokotoni
2023-07-30,Mkokotoni
2023-07-31,Mkokotoni
2023-07-31,Mkokotoni
2023-07-30,Mkokotoni
2023-07-31,Mkokotoni
2023-07-30,Mkokotoni
2023-07-31,Mkokotoni
2023-07-31,Mkokotoni
2023-07-30,Mkokotoni
2023-07-31,Mkokotoni
2023-07-31,Mkokotoni
2023-07-30,Mkokotoni
2023-07-31,Mkokotoni
2023-07-30,Mkokotoni
2023-07-31,Mkokotoni
2023-07-31,Mkokotoni
2023-07-30,Mkokotoni
2023-07-31,Mkokotoni
2023-07-30,Mkokotoni
2023-07-31,Mkokotoni
2023-07-31,Mkokotoni
2023-07-30,Mkokotoni
2023-07-31,Mkokotoni
2023-07-30,Mkokotoni
2023-07-31,Mkokotoni
2023-07-31,Mkokotoni
2023-07-30,Mkokotoni
2023-07-31,Mkokotoni
2023-07-30,Mkokotoni
2023-07-31,Mkokotoni
2023-07-30,Mkokotoni
2023-07-31,Mkokotoni
2023-07-30,Mkokotoni
2023-07-31,Mkokotoni
2023-07-30,Mkokotoni
2023-07-31,Mkokotoni
2023-07-31,Mkokotoni
2023-07-30,Mkokotoni
2023-07-31,Mkokotoni
2023-07-31,Mkokotoni
2023-07-30,Mkokotoni
2023-07-31,Mkokotoni
2023-07-31,Mkokotoni
2023-07-30,Mkokotoni
2023-07-31,Mkokotoni
2023-07-30,Mkokotoni
2023-07-31,Mkokotoni
2023-07-31,Mkokotoni
2023-07-30,Mkokotoni
2023-07-31,Mkokotoni
2023-07-30,Mkokotoni
2023-07-31,Mkokotoni
2023-07-31,Mkokotoni
2023-07-30,Mkokotoni
2023-07-31,Mkokotoni
2023-07-31,Mkokotoni
2023-07-31,Mkokotoni
2023-07-31,Mkokotoni
2023-07-31,Mkokotoni
2023-07-31,Mkokotoni
2023-07-31,Mkokotoni
2023-07-31,Mkokotoni
2023-07-31,Mkokotoni
2023-07-31,Mkokotoni
2023-07-31,Mkokotoni
2023-07-31,Mkokotoni
2023-07-31,Mkokotoni
2023-07-31,Mkokotoni
2023-07-31,Mkokotoni
2023-07-31,Mkokotoni
2023-07-31,Mkokotoni
2023-07-31,Mkokotoni
2023-07-31,Mkokotoni
2023-07-31,Mkokotoni
2023-07-31,Mkokotoni
2023-07-31,Mkokotoni
2023-07-31,Mkokotoni
2023-07-31,Mkokotoni
2023-07-31,Mkokotoni
2023-07-31,Mkokotoni
2023-07-31,Mkokotoni
2023-07-31,Mkokotoni
2023-07-31,Mkokotoni
2023-07-31,Mkokotoni
2023-07-31,Mkokotoni
2023-07-31,Mkokotoni
2023-07-31,Mkokotoni
2023-07-31,Mkokotoni
2023-07-31,Mkokotoni
2023-07-31,Mkokotoni
2023-07-31,Mkokotoni
2023-07-31,Mkokotoni
2023-07-31,Mkokotoni
2023-07-31,Mkokotoni
2023-07-31,Mkokotoni
2023-07-31,Mkokotoni
2023-07-31,Mkokotoni
2023-07-31,Mkokotoni
2023-07-31,Mkokotoni
2023-07-31,Mkokotoni
2023-07-31,Mkokotoni
2023-07-31,Mkokotoni
2023-07-31,Mkokotoni
2023-07-31,Mkokotoni
2023-07-31,Mkokotoni
2023-07-31,Mkokotoni
2023-07-31,Mkokotoni
2023-07-31,Mkokotoni
2023-07-31,Mkokotoni
2023-07-31,Mkokotoni
2023-07-31,Mkokotoni
2023-07-31,Mkokotoni
2023-07-31,Mkokotoni
2023-07-31,Mkokotoni
2023-07-31,Mkokotoni
2023-07-31,Mkokotoni
2023-07-31,Mkokotoni
2023-07-31,Mkokotoni
2023-07-31,Mkokotoni
2023-07-31,Mkokotoni
2023-07-31,Mkokotoni
2023-07-31,Mkokotoni
2023-07-31,Mkokotoni
2023-07-31,Mkokotoni
2023-07-31,Mkokotoni
2023-07-31,Mkokotoni
2023-07-31,Mkokotoni
2023-07-31,Mkokotoni
2023-07-31,Mkokotoni
2023-07-31,Mkokotoni
2023-07-31,Mkokotoni
2023-07-31,Mkokotoni
2023-07-31,Mkokotoni
2023-07-31,Mkokotoni
2023-07-31,Mkokotoni
2023-07-31,Mkokotoni
2023-07-31,Mkokotoni
2023-07-31,Mkokotoni
2023-07-31,Mkokotoni
2023-07-31,Mkokotoni
2023-08-01,Mkokotoni
2023-08-01,Mkokotoni
2023-08-01,Mkokotoni
2023-08-01,Mkokotoni
2023-08-01,Mkokotoni
2023-08-01,Mkokotoni
2023-08-01,Mkokotoni
2023-08-01,Mkokotoni
2023-08-01,Mkokotoni
2023-07-31,Mkokotoni
2023-08-01,Mkokotoni
2023-07-31,Mkokotoni
2023-08-01,Mkokotoni
2023-08-01,Mkokotoni
2023-07-31,Mkokotoni
2023-08-01,Mkokotoni
2023-08-01,Mkokotoni
2023-08-01,Mkokotoni
2023-07-31,Mkokotoni
2023-08-01,Mkokotoni
2023-07-31,Mkokotoni
2023-08-01,Mkokotoni
2023-07-31,Mkokotoni
2023-08-01,Mkokotoni
2023-08-01,Mkokotoni
2023-07-31,Mkokotoni
2023-08-01,Mkokotoni
2023-07-31,Mkokotoni
2023-08-01,Mkokotoni
2023-07-31,Mkokotoni
2023-08-01,Mkokotoni
2023-07-31,Mkokotoni
2023-08-01,Mkokotoni
2023-08-01,Mkokotoni
2023-07-31,Mkokotoni
2023-08-01,Mkokotoni
2023-07-31,Mkokotoni
2023-08-01,Mkokotoni
2023-07-31,Mkokotoni
2023-08-01,Mkokotoni
2023-07-31,Mkokotoni
2023-08-01,Mkokotoni
2023-08-01,Mkokotoni
2023-08-01,Mkokotoni
2023-07-31,Mkokotoni
2023-08-01,Mkokotoni
2023-07-31,Mkokotoni
2023-08-01,Mkokotoni
2023-08-01,Mkokotoni
2023-08-01,Mkokotoni
2023-07-31,Mkokotoni
2023-08-01,Mkokotoni
2023-08-01,Mkokotoni
2023-08-01,Mkokotoni
2023-08-01,Mkokotoni
2023-07-31,Mkokotoni
2023-08-01,Mkokotoni
2023-07-31,Mkokotoni
2023-08-01,Mkokotoni
2023-08-01,Mkokotoni
2023-07-31,Mkokotoni
2023-06-20,Mkokotoni
2023-08-01,Mkokotoni
2023-08-01,Mkokotoni
2023-08-01,Mkokotoni
2023-08-01,Mkokotoni
2023-08-01,Mkokotoni
2023-07-31,Mkokotoni
2023-08-01,Mkokotoni
2023-07-31,Mkokotoni
2023-08-01,Mkokotoni
2023-08-01,Mkokotoni
2023-07-31,Mkokotoni
2023-08-01,Mkokotoni
2023-07-31,Mkokotoni
2023-07-31,Mkokotoni
2023-08-01,Mkokotoni
2023-08-01,Mkokotoni
2023-07-31,Mkokotoni
2023-08-01,Mkokotoni
2023-08-01,Mkokotoni
2023-08-01,Mkokotoni
2023-08-01,Mkokotoni
2023-07-31,Mkokotoni
2023-07-31,Mkokotoni
2023-07-31,Mkokotoni
2023-07-31,Mkokotoni
2023-06-21,Malindi
2023-06-21,Malindi
2023-06-21,Malindi
2023-06-21,Malindi
2023-08-01,Malindi
2023-08-01,Malindi
2023-08-01,Malindi
2023-08-01,Malindi
2023-08-01,Malindi
2023-07-31,Mkokotoni
2023-07-31,Mkokotoni
2023-08-01,Mkokotoni
2023-08-01,Mkokotoni
2023-07-31,Mkokotoni
2023-08-01,Mkokotoni
2023-07-31,Mkokotoni
2023-08-01,Mkokotoni
2023-08-01,Mkokotoni
2023-07-31,Mkokotoni
2023-08-01,Mkokotoni
2023-07-31,Mkokotoni
2023-08-01,Mkokotoni
2023-08-01,Mkokotoni
2023-07-31,Mkokotoni
2023-08-01,Mkokotoni
2023-07-31,Mkokotoni
2023-08-01,Mkokotoni
2023-08-01,Mkokotoni
2023-08-01,Mkokotoni
2023-07-31,Mkokotoni
2023-08-01,Mkokotoni
2023-07-31,Mkokotoni
2023-08-01,Mkokotoni
2023-08-01,Mkokotoni
2023-07-31,Mkokotoni
2023-08-01,Mkokotoni
2023-07-31,Mkokotoni
2023-08-01,Mkokotoni
2023-08-01,Mkokotoni
2023-08-01,Mkokotoni
2023-07-31,Mkokotoni
2023-08-01,Mkokotoni
2023-08-01,Mkokotoni
2023-08-01,Mkokotoni
2023-07-31,Mkokotoni
2023-08-01,Mkokotoni
2023-07-31,Mkokotoni
2023-08-01,Mkokotoni
2023-07-31,Mkokotoni
2023-08-01,Mkokotoni
2023-08-01,Mkokotoni
2023-07-31,Mkokotoni
2023-08-01,Mkokotoni
2023-08-01,Mkokotoni
2023-07-31,Mkokotoni
2023-08-01,Mkokotoni
2023-08-01,Mkokotoni
2023-07-31,Mkokotoni
2023-08-01,Mkokotoni
2023-08-01,Mkokotoni
2023-07-31,Mkokotoni
2023-08-01,Mkokotoni
2023-08-01,Mkokotoni
2023-08-01,Mkokotoni
2023-08-01,Mkokotoni
2023-08-01,Mkokotoni
2023-08-01,Mkokotoni
2023-08-01,Mkokotoni
2023-08-01,Mkokotoni
2023-08-01,Mkokotoni
2023-08-01,Mkokotoni
2023-08-01,Mkokotoni
2023-08-01,Mkokotoni
2023-08-01,Mkokotoni
2023-08-01,Mkokotoni
2023-08-01,Mkokotoni
2023-08-01,Mkokotoni
2023-08-01,Mkokotoni
2023-08-01,Mkokotoni
2023-08-01,Mkokotoni
2023-08-01,Mkokotoni
2023-08-01,Mkokotoni
2023-08-01,Mkokotoni
2023-08-01,Mkokotoni
2023-08-01,Mkokotoni
2023-08-01,Mkokotoni
2023-08-01,Mkokotoni
2023-08-01,Mkokotoni
2023-08-01,Mkokotoni
2023-08-01,Mkokotoni
2023-08-01,Mkokotoni
2023-08-01,Mkokotoni
2023-08-02,Mkokotoni
2023-08-02,Mkokotoni
2023-08-02,Mkokotoni
2023-08-02,Mkokotoni
2023-08-02,Mkokotoni
2023-08-01,Mkokotoni
2023-08-02,Mkokotoni
2023-08-02,Mkokotoni
2023-08-02,Mkokotoni
2023-08-02,Mkokotoni
2023-08-02,Mkokotoni
2023-08-02,Mkokotoni
2023-08-01,Mkokotoni
2023-08-02,Mkokotoni
2023-08-02,Mkokotoni
2023-08-02,Mkokotoni
2023-08-01,Mkokotoni
2023-08-02,Mkokotoni
2023-08-02,Mkokotoni
2023-08-02,Mkokotoni
2023-08-02,Mkokotoni
2023-08-01,Mkokotoni
2023-08-02,Mkokotoni
2023-08-02,Mkokotoni
2023-08-02,Mkokotoni
2023-08-01,Mkokotoni
2023-08-02,Mkokotoni
2023-08-02,Mkokotoni
2023-08-01,Mkokotoni
2023-08-02,Mkokotoni
2023-08-02,Mkokotoni
2023-08-01,Mkokotoni
2023-08-02,Mkokotoni
2023-08-01,Mkokotoni
2023-08-02,Mkokotoni
2023-08-01,Mkokotoni
2023-08-02,Mkokotoni
2023-08-02,Mkokotoni
2023-08-01,Mkokotoni
2023-08-02,Mkokotoni
2023-08-02,Mkokotoni
2023-08-02,Mkokotoni
2023-08-01,Mkokotoni
2023-08-02,Mkokotoni
2023-08-02,Mkokotoni
2023-08-01,Mkokotoni
2023-08-02,Mkokotoni
2023-08-02,Mkokotoni
2023-08-01,Mkokotoni
2023-08-02,Mkokotoni
2023-08-01,Mkokotoni
2023-08-02,Mkokotoni
2023-08-02,Mkokotoni
2023-08-01,Mkokotoni
2023-08-01,Mkokotoni
2023-08-02,Mkokotoni
2023-08-01,Mkokotoni
2023-08-02,Mkokotoni
2023-08-02,Mkokotoni
2023-08-02,Mkokotoni
2023-08-02,Mkokotoni
2023-08-02,Mkokotoni
2023-08-02,Mkokotoni
2023-08-02,Mkokotoni
2023-08-02,Mkokotoni
2023-08-02,Mkokotoni
2023-08-01,Mkokotoni
2023-08-02,Mkokotoni
2023-08-01,Mkokotoni
2023-08-02,Mkokotoni
2023-08-02,Mkokotoni
2023-08-01,Mkokotoni
2023-08-02,Mkokotoni
2023-08-02,Mkokotoni
2023-08-02,Mkokotoni
2023-08-01,Mkokotoni
2023-08-01,Mkokotoni
2023-08-02,Mkokotoni
2023-08-01,Mkokotoni
2023-08-02,Mkokotoni
2023-08-01,Mkokotoni
2023-08-02,Mkokotoni
2023-08-02,Mkokotoni
2023-08-02,Mkokotoni
2023-08-01,Mkokotoni
2023-08-02,Mkokotoni
2023-08-02,Mkokotoni
2023-08-02,Mkokotoni
2023-08-01,Mkokotoni
2023-08-02,Mkokotoni
2023-08-02,Mkokotoni
2023-08-01,Mkokotoni
2023-08-02,Mkokotoni
2023-08-01,Mkokotoni
2023-08-02,Mkokotoni
2023-08-01,Mkokotoni
2023-08-02,Mkokotoni
2023-08-02,Mkokotoni
2023-08-01,Mkokotoni
2023-08-02,Mkokotoni
2023-08-01,Mkokotoni
2023-08-02,Mkokotoni
2023-08-02,Mkokotoni
2023-07-24,Tanga
2023-07-24,Tanga
2023-07-24,Tanga
2023-08-01,Mkokotoni
2023-07-25,Tanga
2023-07-25,Tanga
2023-08-02,Mkokotoni
2023-08-02,Mkokotoni
2023-08-01,Mkokotoni
2023-08-02,Mkokotoni
2023-08-01,Mkokotoni
2023-08-02,Mkokotoni
2023-08-02,Mkokotoni
2023-08-01,Mkokotoni
2023-08-02,Mkokotoni
2023-08-02,Mkokotoni
2023-08-01,Mkokotoni
2023-08-02,Mkokotoni
2023-08-01,Mkokotoni
2023-08-02,Mkokotoni
2023-08-02,Mkokotoni
2023-08-01,Mkokotoni
2023-08-02,Mkokotoni
2023-08-02,Mkokotoni
2023-08-01,Mkokotoni
2023-08-02,Mkokotoni
2023-08-02,Mkokotoni
2023-08-02,Mkokotoni
2023-08-01,Mkokotoni
2023-08-02,Mkokotoni
2023-08-01,Mkokotoni
2023-08-02,Mkokotoni
2023-08-02,Mkokotoni
2023-08-02,Mkokotoni
2023-08-01,Mkokotoni
2023-08-02,Mkokotoni
2023-08-02,Mkokotoni
2023-08-01,Mkokotoni
2023-08-01,Mazizini
2023-08-02,Mkokotoni
2023-08-03,Mkokotoni
2023-08-03,Mkokotoni
2023-08-03,Mkokotoni
2023-08-02,Mkokotoni
2023-08-03,Mkokotoni
2023-08-02,Mkokotoni
2023-08-02,Mkokotoni
2023-08-03,Mkokotoni
2023-08-02,Mkokotoni
2023-08-03,Mkokotoni
2023-08-02,Mkokotoni
2023-08-02,Mkokotoni
2023-08-02,Mkokotoni
2023-08-03,Mkokotoni
2023-08-02,Mkokotoni
2023-08-03,Mkokotoni
2023-08-03,Mkokotoni
2023-08-03,Mkokotoni
2023-08-03,Mkokotoni
2023-08-03,Mkokotoni
2023-08-03,Mkokotoni
2023-08-03,Mkokotoni
2023-08-03,Mkokotoni
2023-08-03,Mkokotoni
2023-08-03,Mkokotoni
2023-08-03,Mkokotoni
2023-08-03,Mkokotoni
2023-08-03,Mkokotoni
2023-08-03,Mkokotoni
2023-08-03,Mkokotoni
2023-08-03,Mkokotoni
2023-08-03,Mkokotoni
2023-08-03,Mkokotoni
2023-08-03,Mkokotoni
2023-08-03,Mkokotoni
2023-08-03,Mkokotoni
2023-08-03,Mkokotoni
2023-08-03,Mkokotoni
2023-08-03,Mkokotoni
2023-08-03,Mkokotoni
2023-08-03,Mkokotoni
2023-08-03,Mkokotoni
2023-08-03,Mkokotoni
2023-08-03,Mkokotoni
2023-08-03,Mkokotoni
2023-08-03,Mkokotoni
2023-08-03,Mkokotoni
2023-08-03,Mkokotoni
2023-08-03,Mkokotoni
2023-08-03,Mkokotoni
2023-08-03,Mkokotoni
2023-08-03,Mkokotoni
2023-08-03,Mkokotoni
2023-08-03,Mkokotoni
2023-08-03,Mkokotoni
2023-08-03,Mkokotoni
2023-08-03,Mkokotoni
2023-08-03,Mkokotoni
2023-08-03,Mkokotoni
2023-08-03,Mkokotoni
2023-08-03,Mkokotoni
2023-08-03,Mkokotoni
2023-08-03,Mkokotoni
2023-08-03,Mkokotoni
2023-08-03,Mkokotoni
2023-08-03,Mkokotoni
2023-08-03,Mkokotoni
2023-08-03,Mkokotoni
2023-08-03,Mkokotoni
2023-08-03,Mkokotoni
2023-08-03,Mkokotoni
2023-08-03,Mkokotoni
2023-08-03,Mkokotoni
2023-08-03,Mkokotoni
2023-08-03,Mkokotoni
2023-08-03,Mkokotoni
2023-08-06,Msuka
2023-08-03,Mkokotoni
2023-08-07,Mkokotoni
2023-08-07,Mkokotoni
2023-08-07,Mkokotoni
2023-08-07,Mkokotoni
2023-08-07,Mkokotoni
2023-08-07,Mkokotoni
2023-08-07,Mkokotoni
2023-08-07,Mkokotoni
2023-08-07,Mkokotoni
2023-08-07,Mkokotoni
2023-08-07,Malindi
2023-08-07,Malindi
2023-08-07,Malindi
2023-08-07,Malindi
2023-08-07,Malindi
2023-08-07,Malindi
2023-08-07,Malindi
2023-08-07,Malindi
2023-08-07,Mkokotoni
2023-08-07,Mkokotoni
2023-08-07,Mkokotoni
2023-08-07,Mkokotoni
2023-08-07,Mkokotoni
2023-08-07,Mkokotoni
2023-08-07,Mkokotoni
2023-08-07,Mkokotoni
2023-08-07,Mkokotoni
2023-08-07,Mkokotoni
2023-08-07,Mkokotoni
2023-08-07,Mkokotoni
2023-08-07,Mkokotoni
2023-08-07,Mkokotoni
2023-08-07,Mkokotoni
2023-08-07,Mkokotoni
2023-08-07,Mkokotoni
2023-08-07,Mkokotoni
2023-08-07,Mkokotoni
2023-08-07,Mkokotoni
2023-08-07,Mkokotoni
2023-08-07,Mkokotoni
2023-08-07,Mkokotoni
2023-08-07,Mkokotoni
2023-08-07,Mkokotoni
2023-08-07,Mkokotoni
2023-08-07,Mkokotoni
2023-08-07,Mkokotoni
2023-08-07,Mkokotoni
2023-08-07,Mkokotoni
2023-08-07,Mkokotoni
2023-08-07,Mkokotoni
2023-08-07,Mkokotoni
2023-08-07,Mkokotoni
2023-08-07,Mkokotoni
2023-08-07,Mkokotoni
2023-08-07,Mkokotoni
2023-08-07,Mkokotoni
2023-08-07,Mkokotoni
2023-08-07,Mkokotoni
2023-08-07,Mkokotoni
2023-08-07,Mkokotoni
2023-08-07,Mkokotoni
2023-08-07,Mkokotoni
2023-08-07,Mkokotoni
2023-08-07,Mkokotoni
2023-08-07,Mkokotoni
2023-08-07,Mkokotoni
2023-08-07,Mkokotoni
2023-08-07,Mkokotoni
2023-08-07,Mkokotoni
2023-08-07,Mkokotoni
2023-08-07,Mkokotoni
2023-08-07,Mkokotoni
2023-08-07,Mkokotoni
2023-08-07,Mkokotoni
2023-08-07,Mkokotoni
2023-08-07,Mkokotoni
2023-08-07,Mkokotoni
2023-08-07,Mkokotoni
2023-08-07,Mkokotoni
2023-08-07,Mkokotoni
2023-08-07,Mkokotoni
2023-08-07,Mkokotoni
2023-08-07,Mkokotoni
2023-08-07,Mkokotoni
2023-08-07,Mkokotoni
2023-08-07,Mkokotoni
2023-08-07,Mkokotoni
2023-08-07,Mkokotoni
2023-08-07,Mkokotoni
2023-08-07,Mkokotoni
2023-08-07,Mkokotoni
2023-08-07,Mkokotoni
2023-08-07,Mkokotoni
2023-08-07,Mkokotoni
2023-08-07,Mkokotoni
2023-08-07,Mkokotoni
2023-08-07,Mkokotoni
2023-08-07,Mkokotoni
2023-08-07,Mkokotoni
2023-08-07,Mkokotoni
2023-08-07,Mkokotoni
2023-08-08,Mkokotoni
2023-08-08,Mkokotoni
2023-08-08,Mkokotoni
2023-08-08,Mkokotoni
2023-08-08,Mkokotoni
2023-08-08,Mkokotoni
2023-08-08,Mkokotoni
2023-08-08,Mkokotoni
2023-08-08,Mkokotoni
2023-08-08,Mkokotoni
2023-08-08,Mkokotoni
2023-08-08,Mkokotoni
2023-08-08,Mkokotoni
2023-08-08,Mkokotoni
2023-08-08,Mkokotoni
2023-08-08,Mkokotoni
2023-08-08,Mkokotoni
2023-08-08,Mkokotoni
2023-08-08,Mkokotoni
2023-08-08,Mkokotoni
2023-08-08,Mkokotoni
2023-08-08,Mkokotoni
2023-08-08,Mkokotoni
2023-08-08,Mkokotoni
2023-08-08,Mkokotoni
2023-08-08,Mkokotoni
2023-08-08,Mkokotoni
2023-08-08,Mkokotoni
2023-08-08,Mkokotoni
2023-08-08,Mkokotoni
2023-08-08,Mkokotoni
2023-08-08,Mkokotoni
2023-08-08,Mkokotoni
2023-08-08,Mkokotoni
2023-08-08,Mkokotoni
2023-08-08,Mkokotoni
2023-08-08,Mkokotoni
2023-08-08,Mkokotoni
2023-08-08,Mkokotoni
2023-08-08,Mkokotoni
2023-08-08,Mkokotoni
2023-08-08,Mkokotoni
2023-08-08,Mkokotoni
2023-08-08,Mkokotoni
2023-08-08,Mkokotoni
2023-08-08,Mkokotoni
2023-08-08,Mkokotoni
2023-08-08,Mkokotoni
2023-08-08,Mkokotoni
2023-08-08,Mkokotoni
2023-08-08,Mkokotoni
2023-08-08,Mkokotoni
2023-08-08,Mkokotoni
2023-08-08,Mkokotoni
2023-08-08,Mkokotoni
2023-08-08,Mkokotoni
2023-08-08,Mkokotoni
2023-08-08,Mkokotoni
2023-08-08,Mkokotoni
2023-08-08,Mkokotoni
2023-08-08,Mkokotoni
2023-08-08,Mkokotoni
2023-08-08,Mkokotoni
2023-08-08,Mkokotoni
2023-08-08,Mkokotoni
2023-08-08,Mkokotoni
2023-08-08,Mkokotoni
2023-08-08,Mkokotoni
2023-08-08,Mkokotoni
2023-08-08,Mkokotoni
2023-08-08,Mkokotoni
2023-08-08,Mkokotoni
2023-08-08,Mkokotoni
2023-08-08,Mkokotoni
2023-08-08,Mkokotoni
2023-08-08,Mkokotoni
2023-08-08,Mkokotoni
2023-08-08,Mkokotoni
2023-08-08,Mkokotoni
2023-08-08,Mkokotoni
2023-08-08,Mkokotoni
2023-08-08,Mkokotoni
2023-08-09,Mkokotoni
2023-08-09,Mkokotoni
2023-08-09,Mkokotoni
2023-08-09,Mkokotoni
2023-08-09,Mkokotoni
2023-08-09,Mkokotoni
2023-08-09,Mkokotoni
2023-08-09,Mkokotoni
2023-08-09,Mkokotoni
2023-08-09,Mkokotoni
2023-08-09,Mkokotoni
2023-08-09,Mkokotoni
2023-08-09,Mkokotoni
2023-08-09,Mkokotoni
2023-08-09,Mkokotoni
2023-08-09,Mkokotoni
2023-08-09,Mkokotoni
2023-08-09,Mkokotoni
2023-08-09,Mkokotoni
2023-08-09,Kizimkazi dimbani
2023-08-09,Mkokotoni
2023-08-09,Mkokotoni
2023-08-09,Mkokotoni
2023-08-09,Mkokotoni
2023-08-09,Mkokotoni
2023-08-09,Mkokotoni
2023-08-09,Mkokotoni
2023-08-09,Mkokotoni
2023-08-09,Mkokotoni
2023-08-09,Mkokotoni
2023-08-09,Mkokotoni
2023-08-09,Mkokotoni
2023-08-09,Mkokotoni
2023-08-09,Mkokotoni
2023-08-10,Shangani
2023-08-10,Shangani
2023-08-10,Shangani
2023-08-10,Shangani
2023-08-09,Mkokotoni
2023-08-13,Msuka
2023-08-13,Msuka
2023-08-03,Mkokotoni
2023-08-14,Mkokotoni
2023-08-14,Mkokotoni
2023-08-14,Mkokotoni
2023-08-14,Mkokotoni
2023-08-14,Mkokotoni
2023-08-14,Mkokotoni
2023-08-14,Mkokotoni
2023-08-14,Mkokotoni
2023-08-14,Mkokotoni
2023-08-14,Mkokotoni
2023-08-14,Mkokotoni
2023-08-14,Mkokotoni
2023-08-14,Mkokotoni
2023-08-14,Mkokotoni
2023-08-14,Mkokotoni
2023-08-14,Mkokotoni
2023-08-14,Mkokotoni
2023-08-14,Mkokotoni
2023-08-14,Mkokotoni
2023-08-14,Mkokotoni
2023-08-14,Mkokotoni
2023-08-14,Mkokotoni
2023-08-14,Mkokotoni
2023-08-14,Mkokotoni
2023-08-14,Mkokotoni
2023-08-14,Mkokotoni
2023-08-14,Mkokotoni
2023-08-14,Mkokotoni
2023-08-14,Mkokotoni
2023-08-14,Mkokotoni
2023-08-14,Mkokotoni
2023-08-14,Mkokotoni
2023-08-14,Mkokotoni
2023-08-14,Mkokotoni
2023-08-14,Mkokotoni
2023-08-14,Mkokotoni
2023-08-14,Mkokotoni
2023-08-14,Mkokotoni
2023-08-14,Mkokotoni
2023-08-14,Mkokotoni
2023-08-14,Mkokotoni
2023-08-14,Mkokotoni
2023-08-14,Mkokotoni
2023-08-14,Mkokotoni
2023-08-14,Mkokotoni
2023-08-14,Mkokotoni
2023-08-14,Mkokotoni
2023-08-14,Mkokotoni
2023-08-14,Mkokotoni
2023-08-14,Mkokotoni
2023-08-14,Mkokotoni
2023-08-14,Mkokotoni
2023-08-14,Mkokotoni
2023-08-14,Mkokotoni
2023-08-14,Mkokotoni
2023-08-14,Mkokotoni
2023-08-14,Mkokotoni
2023-08-14,Mkokotoni
2023-08-14,Mkokotoni
2023-08-14,Mkokotoni
2023-08-14,Mkokotoni
2023-08-14,Mkokotoni
2023-08-14,Mkokotoni
2023-08-14,Mkokotoni
2023-08-14,Mkokotoni
2023-08-14,Mkokotoni
2023-08-14,Mkokotoni
2023-08-14,Mkokotoni
2023-08-14,Mkokotoni
2023-08-14,Mkokotoni
2023-08-14,Mkokotoni
2023-08-14,Mkokotoni
2023-08-14,Mkokotoni
2023-08-14,Mkokotoni
2023-08-14,Mkokotoni
2023-08-14,Mkokotoni
2023-08-14,Mkokotoni
2023-08-14,Mkokotoni
2023-08-14,Mkokotoni
2023-08-14,Mkokotoni
2023-08-14,Mkokotoni
2023-08-14,Mkokotoni
2023-08-14,Mkokotoni
2023-08-14,Mkokotoni
2023-08-14,Mkokotoni
2023-08-14,Mkokotoni
2023-08-14,Mkokotoni
2023-08-14,Mkokotoni
2023-08-14,Mkokotoni
2023-08-14,Mkokotoni
2023-08-14,Mkokotoni
2023-08-14,Mkokotoni
2023-08-14,Mkokotoni
2023-08-14,Mkokotoni
2023-08-14,Mkokotoni
2023-08-14,Mkokotoni
2023-08-14,Mkokotoni
2023-08-14,Mkokotoni
2023-08-14,Mkokotoni
2023-08-14,Mkokotoni
2023-08-14,Mkokotoni
2023-08-14,Mkokotoni
2023-08-14,Mkokotoni
2023-08-14,Mkokotoni
2023-08-14,Mkokotoni
2023-08-14,Mkokotoni
2023-08-14,Mkokotoni
2023-08-14,Mkokotoni
2023-08-14,Mkokotoni
2023-08-14,Mkokotoni
2023-08-14,Mkokotoni
2023-08-14,Mkokotoni
2023-08-15,Mkokotoni
2023-08-15,Mkokotoni
2023-08-15,Mkokotoni
2023-08-15,Mkokotoni
2023-08-15,Mkokotoni
2023-08-15,Mkokotoni
2023-08-15,Mkokotoni
2023-08-15,Mkokotoni
2023-08-15,Mkokotoni
2023-08-15,Mkokotoni
2023-08-15,Mkokotoni
2023-08-15,Mkokotoni
2023-08-15,Mkokotoni
2023-08-15,Mkokotoni
2023-08-15,Mkokotoni
2023-08-15,Mkokotoni
2023-08-15,Mkokotoni
2023-08-15,Mkokotoni
2023-08-15,Mkokotoni
2023-08-15,Mkokotoni
2023-08-15,Mkokotoni
2023-08-15,Mkokotoni
2023-08-15,Mkokotoni
2023-08-15,Mkokotoni
2023-08-15,Mkokotoni
2023-08-15,Mkokotoni
2023-08-15,Mkokotoni
2023-08-15,Mkokotoni
2023-08-15,Mkokotoni
2023-08-15,Mkokotoni
2023-08-15,Mkokotoni
2023-08-15,Mkokotoni
2023-08-15,Mkokotoni
2023-08-15,Mkokotoni
2023-08-15,Mkokotoni
2023-08-15,Mkokotoni
2023-08-15,Mkokotoni
2023-08-15,Mkokotoni
2023-08-15,Mkokotoni
2023-08-15,Mkokotoni
2023-08-15,Mkokotoni
2023-08-15,Mkokotoni
2023-08-15,Mkokotoni
2023-08-15,Mkokotoni
2023-08-15,Mkokotoni
2023-08-15,Mkokotoni
2023-08-15,Mkokotoni
2023-08-15,Mkokotoni
2023-08-15,Mkokotoni
2023-08-15,Mkokotoni
2023-08-15,Mkokotoni
2023-08-15,Mkokotoni
2023-08-15,Mkokotoni
2023-08-15,Mkokotoni
2023-08-15,Mkokotoni
2023-08-03,Mkokotoni
2023-08-15,Mkokotoni
2023-08-15,Mkokotoni
2023-08-15,Mkokotoni
2023-08-15,Mkokotoni
2023-08-15,Mkokotoni
2023-08-15,Mkokotoni
2023-08-15,Mkokotoni
2023-08-15,Mkokotoni
2023-08-15,Mkokotoni
2023-08-15,Mkokotoni
2023-08-15,Mkokotoni
2023-08-15,Mkokotoni
2023-08-15,Mkokotoni
2023-08-15,Mkokotoni
2023-08-15,Mkokotoni
2023-08-15,Mkokotoni
2023-08-15,Mkokotoni
2023-08-15,Mkokotoni
2023-08-15,Mkokotoni
2023-08-15,Shangani
2023-08-15,Shangani
2023-08-15,Shangani
2023-08-16,Mkokotoni
2023-08-16,Mkokotoni
2023-08-16,Mkokotoni
2023-08-16,Mkokotoni
2023-08-15,Mkokotoni
2023-08-16,Mkokotoni
2023-08-16,Mkokotoni
2023-08-16,Mkokotoni
2023-08-16,Mkokotoni
2023-08-16,Mkokotoni
2023-08-16,Mkokotoni
2023-08-16,Mkokotoni
2023-08-16,Mkokotoni
2023-08-16,Mkokotoni
2023-08-16,Mkokotoni
2023-08-16,Mkokotoni
2023-08-16,Mkokotoni
2023-08-16,Mkokotoni
2023-08-16,Mkokotoni
2023-08-16,Mkokotoni
2023-08-16,Mkokotoni
2023-08-16,Mkokotoni
2023-08-16,Mkokotoni
2023-08-16,Mkokotoni
2023-08-16,Mkokotoni
2023-08-16,Mkokotoni
2023-08-16,Mkokotoni
2023-08-16,Mkokotoni
2023-08-16,Mkokotoni
2023-08-16,Mkokotoni
2023-08-16,Mkokotoni
2023-08-16,Mkokotoni
2023-08-16,Mkokotoni
2023-08-16,Mkokotoni
2023-08-16,Mkokotoni
2023-08-16,Mkokotoni
2023-08-16,Mkokotoni
2023-08-16,Mkokotoni
2023-08-16,Mkokotoni
2023-08-16,Mkokotoni
2023-08-16,Mkokotoni
2023-08-16,Mkokotoni
2023-08-16,Mkokotoni
2023-08-16,Mkokotoni
2023-08-16,Mkokotoni
2023-08-16,Mkokotoni
2023-08-16,Mkokotoni
2023-08-16,Mkokotoni
2023-08-16,Mkokotoni
2023-08-16,Mkokotoni
2023-08-16,Mkokotoni
2023-08-16,Mkokotoni
2023-08-16,Mkokotoni
2023-08-16,Mkokotoni
2023-08-16,Mkokotoni
2023-08-16,Mkokotoni
2023-08-16,Mkokotoni
2023-08-16,Mkokotoni
2023-08-16,Mkokotoni
2023-08-16,Mkokotoni
2023-08-16,Mkokotoni
2023-08-16,Mkokotoni
2023-08-16,Mkokotoni
2023-08-16,Mkokotoni
2023-08-16,Mkokotoni
2023-08-16,Mkokotoni
2023-08-16,Mkokotoni
2023-08-16,Mkokotoni
2023-08-16,Mkokotoni
2023-08-16,Mkokotoni
2023-08-16,Mkokotoni
2023-08-16,Mkokotoni
2023-08-16,Mkokotoni
2023-08-16,Mkokotoni
2023-08-16,Mkokotoni
2023-08-16,Mkokotoni
2023-08-16,Mkokotoni
2023-08-16,Mkokotoni
2023-08-16,Mkokotoni
2023-08-16,Mkokotoni
2023-08-16,Mkokotoni
2023-08-16,Mkokotoni
2023-08-16,Mkokotoni
2023-08-16,Mkokotoni
2023-08-16,Mkokotoni
2023-08-16,Mkokotoni
2023-08-16,Mkokotoni
2023-08-16,Mkokotoni
2023-08-16,Mkokotoni
2023-08-16,Mkokotoni
2023-08-16,Mkokotoni
2023-08-16,Mkokotoni
2023-08-16,Mkokotoni
2023-08-16,Mkokotoni
2023-08-16,Mkokotoni
2023-08-16,Mkokotoni
2023-08-16,Mkokotoni
2023-08-16,Mkokotoni
2023-08-16,Mkokotoni
2023-08-16,Mkokotoni
2023-08-16,Mkokotoni
2023-08-16,Mkokotoni
2023-08-16,Mkokotoni
2023-08-16,Mkokotoni
2023-08-16,Mkokotoni
2023-08-16,Mkokotoni
2023-06-21,Malindi
2023-08-16,Malindi
2023-08-16,Malindi
2023-08-16,Malindi
2023-08-16,Malindi
2023-08-16,Mkokotoni
2023-08-16,Mkokotoni
2023-08-16,Mkokotoni
2023-08-16,Mkokotoni
2023-08-16,Mkokotoni
2023-08-16,Mkokotoni
2023-08-16,Mkokotoni
2023-08-16,Mkokotoni
2023-08-16,Mkokotoni
2023-08-16,Mkokotoni
2023-08-16,Mkokotoni
2023-08-16,Mkokotoni
2023-08-16,Mkokotoni
2023-08-16,Mkokotoni
2023-08-16,Mkokotoni
2023-08-16,Mkokotoni
2023-08-16,Mkokotoni
2023-08-16,Mkokotoni
2023-08-16,Mkokotoni
2023-08-16,Mkokotoni
2023-08-16,Mkokotoni
2023-08-16,Mkokotoni
2023-08-16,Mkokotoni
2023-08-16,Mkokotoni
2023-08-16,Mkokotoni
2023-08-16,Mkokotoni
2023-08-16,Mkokotoni
2023-08-16,Mkokotoni
2023-08-16,Mkokotoni
2023-08-16,Mkokotoni
2023-08-16,Mkokotoni
2023-08-16,Mkokotoni
2023-08-16,Mkokotoni
2023-08-16,Mkokotoni
2023-08-16,Mkokotoni
2023-08-16,Mkokotoni
2023-08-16,Mkokotoni
2023-08-16,Mkokotoni
2023-08-16,Mkokotoni
2023-08-16,Mkokotoni
2023-08-16,Mkokotoni
2023-08-16,Mkokotoni
2023-08-16,Mkokotoni
2023-08-16,Mkokotoni
2023-08-16,Mkokotoni
2023-08-16,Mkokotoni
2023-08-16,Mkokotoni
2023-08-16,Mkokotoni
2023-08-16,Mkokotoni
2023-08-16,Mkokotoni
2023-08-16,Mkokotoni
2023-08-16,Mkokotoni
2023-08-16,Mkokotoni
2023-08-16,Mkokotoni
2023-08-16,Mkokotoni
2023-08-16,Malindi
2023-08-16,Malindi
2023-08-16,Malindi
2023-08-16,Malindi
2023-08-16,Mkokotoni
2023-08-17,Mkokotoni
2023-08-17,Mkokotoni
2023-08-17,Mkokotoni
2023-08-17,Mkokotoni
2023-08-17,Mkokotoni
2023-08-17,Mkokotoni
2023-08-17,Mkokotoni
2023-08-17,Mkokotoni
2023-08-17,Mkokotoni
2023-08-17,Mkokotoni
2023-08-17,Mkokotoni
2023-08-17,Mkokotoni
2023-08-17,Mkokotoni
2023-08-17,Mkokotoni
2023-08-17,Mkokotoni
2023-08-17,Mkokotoni
2023-08-17,Mkokotoni
2023-08-17,Mkokotoni
2023-08-17,Mkokotoni
2023-08-17,Mkokotoni
2023-08-17,Mkokotoni
2023-08-17,Mkokotoni
2023-08-17,Mkokotoni
2023-08-17,Mkokotoni
2023-08-17,Mkokotoni
2023-08-17,Mkokotoni
2023-08-17,Mkokotoni
2023-08-17,Mkokotoni
2023-08-17,Mkokotoni
2023-08-17,Mkokotoni
2023-08-17,Mkokotoni
2023-08-17,Mkokotoni
2023-08-17,Mkokotoni
2023-08-17,Mkokotoni
2023-08-17,Mkokotoni
2023-08-17,Mkokotoni
2023-08-17,Mkokotoni
2023-08-17,Mkokotoni
2023-08-17,Mkokotoni
2023-08-17,Mkokotoni
2023-08-17,Mkokotoni
2023-08-17,Mkokotoni
2023-08-17,Mkokotoni
2023-08-17,Mkokotoni
2023-08-17,Mkokotoni
2023-08-17,Mkokotoni
2023-08-17,Mkokotoni
2023-08-17,Mkokotoni
2023-08-17,Mkokotoni
2023-08-17,Mkokotoni
2023-08-17,Mkokotoni
2023-08-17,Mkokotoni
2023-08-17,Mkokotoni
2023-08-17,Mkokotoni
2023-08-17,Mkokotoni
2023-08-17,Mkokotoni
2023-08-17,Mkokotoni
2023-08-17,Mkokotoni
2023-08-17,Mkokotoni
2023-08-17,Mkokotoni
2023-08-17,Mkokotoni
2023-08-17,Mkokotoni
2023-08-17,Mkokotoni
2023-08-17,Mkokotoni
2023-08-17,Mkokotoni
2023-08-17,Mkokotoni
2023-08-17,Mkokotoni
2023-08-17,Mkokotoni
2023-08-17,Mkokotoni
2023-08-17,Mkokotoni
2023-08-17,Mkokotoni
2023-08-17,Mkokotoni
2023-08-17,Mkokotoni
2023-08-17,Mkokotoni
2023-08-17,Mkokotoni
2023-08-17,Mkokotoni
2023-08-17,Mkokotoni
2023-08-17,Mkokotoni
2023-08-17,Mkokotoni
2023-08-17,Mkokotoni
2023-08-17,Mkokotoni
2023-08-17,Mkokotoni
2023-08-17,Mkokotoni
2023-08-17,Mkokotoni
2023-08-17,Mkokotoni
2023-08-17,Mkokotoni
2023-08-17,Mkokotoni
2023-08-17,Mkokotoni
2023-08-17,Mkokotoni
2023-08-17,Mkokotoni
2023-08-17,Mkokotoni
2023-08-17,Mkokotoni
2023-08-17,Mkokotoni
2023-08-17,Mkokotoni
2023-08-17,Mkokotoni
2023-08-17,Mkokotoni
2023-08-17,Mkokotoni
2023-08-17,Mkokotoni
2023-08-17,Mkokotoni
2023-08-17,Mkokotoni
2023-08-17,Mkokotoni
2023-08-17,Mkokotoni
2023-08-17,Mkokotoni
2023-08-17,Mkokotoni
2023-08-17,Mkokotoni
2023-08-17,Mkokotoni
2023-08-17,Mkokotoni
2023-08-17,Mkokotoni
2023-08-17,Mkokotoni
2023-08-17,Mkokotoni
2023-08-17,Mkokotoni
2023-08-17,Mkokotoni
2023-08-17,Mkokotoni
2023-08-17,Mkokotoni
2023-08-17,Mkokotoni
2023-08-17,Mkokotoni
2023-08-17,Mkokotoni
2023-08-17,Mkokotoni
2023-08-17,Mkokotoni
2023-08-17,Mkokotoni
2023-08-17,Msuka
2023-08-17,Msuka
2023-08-17,Mkokotoni
2023-08-17,Mkokotoni
2023-08-17,Mkokotoni
2023-08-17,Mkokotoni
2023-08-17,Mkokotoni
2023-08-17,Mkokotoni
2023-08-17,Mkokotoni
2023-08-17,Mkokotoni
2023-08-17,Mkokotoni
2023-08-17,Mkokotoni
2023-08-17,Mkokotoni
2023-08-17,Mkokotoni
2023-08-17,Mkokotoni
2023-08-18,Mkokotoni
2023-08-18,Mkokotoni
2023-08-18,Mkokotoni
2023-08-18,Mkokotoni
2023-08-17,Mkokotoni
2023-08-18,Mkokotoni
2023-08-18,Mkokotoni
2023-08-18,Mkokotoni
2023-08-18,Mkokotoni
2023-08-18,Mkokotoni
2023-08-18,Mkokotoni
2023-08-18,Mkokotoni
2023-08-18,Mkokotoni
2023-08-18,Mkokotoni
2023-08-17,Mkokotoni
2023-08-18,Mkokotoni
2023-08-18,Mkokotoni
2023-08-18,Mkokotoni
2023-08-18,Mkokotoni
2023-08-18,Mkokotoni
2023-08-18,Mkokotoni
2023-08-18,Mkokotoni
2023-08-18,Mkokotoni
2023-08-18,Mkokotoni
2023-08-18,Mkokotoni
2023-08-18,Mkokotoni
2023-08-18,Shangani
2023-08-18,Shangani
2023-08-18,Shangani
2023-08-20,Msuka
2023-08-18,Mkokotoni
2023-08-19,Mkokotoni
2023-08-19,Mkokotoni
2023-08-19,Mkokotoni
2023-08-19,Mkokotoni
2023-08-19,Mkokotoni
2023-08-19,Mkokotoni
2023-08-19,Mkokotoni
2023-08-19,Mkokotoni
2023-08-19,Mkokotoni
2023-08-19,Mkokotoni
2023-08-19,Mkokotoni
2023-08-19,Mkokotoni
2023-08-19,Mkokotoni
2023-08-19,Mkokotoni
2023-08-19,Mkokotoni
2023-08-19,Mkokotoni
2023-08-19,Mkokotoni
2023-08-19,Mkokotoni
2023-08-19,Mkokotoni
2023-08-19,Mkokotoni
2023-08-19,Mkokotoni
2023-08-19,Mkokotoni
2023-08-19,Mkokotoni
2023-08-19,Mkokotoni
2023-08-19,Mkokotoni
2023-08-19,Mkokotoni
2023-08-19,Mkokotoni
2023-08-19,Mkokotoni
2023-08-19,Mkokotoni
2023-08-19,Mkokotoni
2023-08-19,Mkokotoni
2023-08-19,Mkokotoni
2023-08-19,Mkokotoni
2023-08-19,Mkokotoni
2023-08-19,Mkokotoni
2023-08-19,Mkokotoni
2023-08-19,Mkokotoni
2023-08-19,Mkokotoni
2023-08-19,Mkokotoni
2023-08-19,Mkokotoni
2023-08-19,Mkokotoni
2023-08-19,Mkokotoni
2023-08-19,Mkokotoni
2023-08-19,Mkokotoni
2023-08-19,Mkokotoni
2023-08-19,Mkokotoni
2023-08-19,Mkokotoni
2023-08-19,Mkokotoni
2023-08-19,Mkokotoni
2023-08-20,Mkokotoni
2023-08-20,Mkokotoni
2023-08-20,Mkokotoni
2023-08-20,Mkokotoni
2023-08-20,Mkokotoni
2023-08-20,Mkokotoni
2023-08-20,Mkokotoni
2023-08-20,Mkokotoni
2023-08-20,Mkokotoni
2023-08-20,Mkokotoni
2023-08-20,Mkokotoni
2023-08-20,Mkokotoni
2023-08-20,Mkokotoni
2023-08-20,Mkokotoni
2023-08-20,Mkokotoni
2023-08-20,Mkokotoni
2023-08-20,Mkokotoni
2023-08-20,Mkokotoni
2023-08-20,Mkokotoni
2023-08-21,Kizimkazi dimbani
2023-08-21,Mkokotoni
2023-08-21,Mkokotoni
2023-08-21,Mkokotoni
2023-08-21,Malindi
2023-08-21,Malindi
2023-08-21,Malindi
2023-08-21,Malindi
2023-08-21,Malindi
2023-08-21,Malindi
2023-08-21,Malindi
2023-08-22,Mkokotoni
2023-08-22,Mkokotoni
2023-08-22,Mkokotoni
2023-08-22,Mkokotoni
2023-08-22,Mkokotoni
2023-08-22,Mkokotoni
2023-08-22,Mkokotoni
2023-08-22,Mkokotoni
2023-08-22,Mkokotoni
2023-08-22,Mkokotoni
2023-08-22,Mkokotoni
2023-08-22,Mkokotoni
2023-08-22,Mkokotoni
2023-08-22,Mkokotoni
2023-08-22,Mkokotoni
2023-08-22,Mkokotoni
2023-08-22,Mkokotoni
2023-08-22,Mkokotoni
2023-08-22,Mkokotoni
2023-08-22,Mkokotoni
2023-08-22,Mkokotoni
2023-08-22,Mkokotoni
2023-08-22,Mkokotoni
2023-08-22,Mkokotoni
2023-08-22,Mkokotoni
2023-08-22,Mkokotoni
2023-08-22,Mkokotoni
2023-08-22,Mkokotoni
2023-08-22,Mkokotoni
2023-08-22,Mkokotoni
2023-08-22,Mkokotoni
2023-08-22,Mkokotoni
2023-08-22,Mkokotoni
2023-08-22,Mkokotoni
2023-08-22,Mkokotoni
2023-08-22,Mkokotoni
2023-08-22,Mkokotoni
2023-08-22,Mkokotoni
2023-08-22,Mkokotoni
2023-08-22,Mkokotoni
2023-08-22,Mkokotoni
2023-08-22,Mkokotoni
2023-08-22,Mkokotoni
2023-08-22,Mkokotoni
2023-08-22,Mkokotoni
2023-08-22,Mkokotoni
2023-08-22,Mkokotoni
2023-08-22,Mkokotoni
2023-08-22,Mkokotoni
2023-08-22,Mkokotoni
2023-08-22,Mkokotoni
2023-08-22,Mkokotoni
2023-08-22,Mkokotoni
2023-08-22,Mkokotoni
2023-08-22,Mkokotoni
2023-08-22,Malindi
2023-08-22,Malindi
2023-08-22,Malindi
2023-08-22,Malindi
2023-08-22,Mkokotoni
2023-08-22,Mkokotoni
2023-08-22,Mkokotoni
2023-08-22,Mkokotoni
2023-08-22,Mkokotoni
2023-08-22,Mkokotoni
2023-08-22,Mkokotoni
2023-08-22,Mkokotoni
2023-08-22,Mkokotoni
2023-08-22,Mkokotoni
2023-08-22,Mkokotoni
2023-08-22,Mkokotoni
2023-08-22,Mkokotoni
2023-08-22,Mkokotoni
2023-08-22,Mkokotoni
2023-08-22,Mkokotoni
2023-08-22,Mkokotoni
2023-08-22,Mkokotoni
2023-08-22,Mkokotoni
2023-08-22,Mkokotoni
2023-08-22,Mkokotoni
2023-08-22,Mkokotoni
2023-08-22,Mkokotoni
2023-08-22,Mkokotoni
2023-08-22,Mkokotoni
2023-08-22,Mkokotoni
2023-08-22,Mkokotoni
2023-08-22,Mkokotoni
2023-08-22,Mkokotoni
2023-08-22,Mkokotoni
2023-08-22,Mkokotoni
2023-08-22,Mkokotoni
2023-08-22,Mkokotoni
2023-08-22,Mkokotoni
2023-08-22,Mkokotoni
2023-08-22,Mkokotoni
2023-08-22,Mkokotoni
2023-08-22,Mkokotoni
2023-08-22,Mkokotoni
2023-08-22,Mkokotoni
2023-08-22,Mkokotoni
2023-08-22,Mkokotoni
2023-08-22,Mazizini
2023-08-22,Mazizini
2023-08-23,Malindi
2023-08-23,Malindi
2023-08-23,Malindi
2023-08-23,Malindi
2023-08-23,Malindi
2023-08-23,Malindi
2023-08-23,Malindi
2023-08-23,Malindi
2023-08-19,Shangani
2023-08-19,Shangani
2023-08-19,Shangani
2023-08-19,Shangani
2023-08-23,Shangani
2023-08-23,Shangani
2023-08-23,Shangani
2023-08-23,Shangani
2023-08-23,Shangani
2023-08-27,Msuka
2023-08-28,Mkokotoni
2023-08-28,Mkokotoni
2023-08-28,Mkokotoni
2023-08-22,Mkokotoni
2023-08-22,Mkokotoni
2023-08-22,Mkokotoni
2023-08-22,Mkokotoni
2023-08-22,Mkokotoni
2023-08-22,Mkokotoni
2023-08-23,Mkokotoni
2023-08-23,Mkokotoni
2023-08-23,Mkokotoni
2023-08-23,Mkokotoni
2023-08-23,Mkokotoni
2023-08-23,Mkokotoni
2023-08-23,Mkokotoni
2023-08-23,Mkokotoni
2023-08-23,Mkokotoni
2023-08-23,Mkokotoni
2023-08-23,Mkokotoni
2023-08-23,Mkokotoni
2023-08-23,Mkokotoni
2023-08-29,Mkokotoni
2023-08-29,Mkokotoni
2023-08-29,Mazizini
2023-08-28,Kizimkazi dimbani
2023-08-28,Kizimkazi dimbani
2023-08-23,Mkokotoni
2023-08-23,Mkokotoni
2023-08-24,Mkokotoni
2023-08-24,Mkokotoni
2023-08-24,Mkokotoni
2023-08-24,Mkokotoni
2023-08-24,Mkokotoni
2023-08-30,Mazizini
2023-08-24,Mkokotoni
2023-08-24,Mkokotoni
2023-08-24,Mkokotoni
2023-08-24,Mkokotoni
2023-08-24,Mkokotoni
2023-08-24,Mkokotoni
2023-08-24,Mkokotoni
2023-08-24,Mkokotoni
2023-08-24,Mkokotoni
2023-08-24,Mkokotoni
2023-08-24,Mkokotoni
2023-08-24,Mkokotoni
2023-08-24,Mkokotoni
2023-08-26,Mkokotoni
2023-08-26,Mkokotoni
2023-08-26,Mkokotoni
2023-08-26,Mkokotoni
2023-08-26,Mkokotoni
2023-08-26,Mkokotoni
2023-08-26,Mkokotoni
2023-08-26,Mkokotoni
2023-08-26,Mkokotoni
2023-08-26,Mkokotoni
2023-08-26,Mkokotoni
2023-08-26,Mkokotoni
2023-08-26,Mkokotoni
2023-08-26,Mkokotoni
2023-08-26,Mkokotoni
2023-08-26,Mkokotoni
2023-08-26,Mkokotoni
2023-08-26,Mkokotoni
2023-08-26,Mkokotoni
2023-08-26,Mkokotoni
2023-08-26,Mkokotoni
2023-08-26,Mkokotoni
2023-08-26,Mkokotoni
2023-08-26,Mkokotoni
2023-08-26,Mkokotoni
2023-08-26,Mkokotoni
2023-08-26,Mkokotoni
2023-08-26,Mkokotoni
2023-08-26,Mkokotoni
2023-08-26,Mkokotoni
2023-08-26,Mkokotoni
2023-08-26,Mkokotoni
2023-08-26,Mkokotoni
2023-08-26,Mkokotoni
2023-08-26,Mkokotoni
2023-08-26,Mkokotoni
2023-08-26,Mkokotoni
2023-08-26,Mkokotoni
2023-08-26,Mkokotoni
2023-08-26,Mkokotoni
2023-08-26,Mkokotoni
2023-08-26,Mkokotoni
2023-08-26,Mkokotoni
2023-08-26,Mkokotoni
2023-08-26,Mkokotoni
2023-08-26,Mkokotoni
2023-08-26,Mkokotoni
2023-08-26,Mkokotoni
2023-08-26,Mkokotoni
2023-08-26,Mkokotoni
2023-08-26,Mkokotoni
2023-08-26,Mkokotoni
2023-08-26,Mkokotoni
2023-08-26,Mkokotoni
2023-08-26,Mkokotoni
2023-08-26,Mkokotoni
2023-08-26,Mkokotoni
2023-08-26,Mkokotoni
2023-08-26,Mkokotoni
2023-08-26,Mkokotoni
2023-08-26,Mkokotoni
2023-08-26,Mkokotoni
2023-08-26,Mkokotoni
2023-08-26,Mkokotoni
2023-08-26,Mkokotoni
2023-08-26,Mkokotoni
2023-08-26,Mkokotoni
2023-08-26,Mkokotoni
2023-08-26,Mkokotoni
2023-08-26,Mkokotoni
2023-08-26,Mkokotoni
2023-08-26,Mkokotoni
2023-08-26,Mkokotoni
2023-08-26,Mkokotoni
2023-08-26,Mkokotoni
2023-08-26,Mkokotoni
2023-08-26,Mkokotoni
2023-08-26,Mkokotoni
2023-08-26,Mkokotoni
2023-08-26,Mkokotoni
2023-08-26,Mkokotoni
2023-08-27,Mkokotoni
2023-08-27,Mkokotoni
2023-08-27,Mkokotoni
2023-08-27,Mkokotoni
2023-08-27,Mkokotoni
2023-08-27,Mkokotoni
2023-08-27,Mkokotoni
2023-08-27,Mkokotoni
2023-08-27,Mkokotoni
2023-08-27,Mkokotoni
2023-08-27,Mkokotoni
2023-08-27,Mkokotoni
2023-08-27,Mkokotoni
2023-08-27,Mkokotoni
2023-08-27,Mkokotoni
2023-08-27,Mkokotoni
2023-08-27,Mkokotoni
2023-08-27,Mkokotoni
2023-08-27,Mkokotoni
2023-08-27,Mkokotoni
2023-08-27,Mkokotoni
2023-08-27,Mkokotoni
2023-08-27,Mkokotoni
2023-08-27,Mkokotoni
2023-08-27,Mkokotoni
2023-08-27,Mkokotoni
2023-08-27,Mkokotoni
2023-08-27,Mkokotoni
2023-08-28,Mkokotoni
2023-08-28,Mkokotoni
2023-08-28,Mkokotoni
2023-08-28,Mkokotoni
2023-08-28,Mkokotoni
2023-08-28,Mkokotoni
2023-08-28,Mkokotoni
2023-08-28,Mkokotoni
2023-08-28,Mkokotoni
2023-08-28,Mkokotoni
2023-08-28,Mkokotoni
2023-08-28,Mkokotoni
2023-08-28,Mkokotoni
2023-08-28,Mkokotoni
2023-08-28,Mkokotoni
2023-08-28,Mkokotoni
2023-08-28,Mkokotoni
2023-08-28,Mkokotoni
2023-08-28,Mkokotoni
2023-08-28,Mkokotoni
2023-08-28,Mkokotoni
2023-08-28,Mkokotoni
2023-08-28,Mkokotoni
2023-08-28,Mkokotoni
2023-08-28,Mkokotoni
2023-08-29,Mkokotoni
2023-08-29,Mkokotoni
2023-08-29,Mkokotoni
2023-08-29,Mkokotoni
2023-08-29,Mkokotoni
2023-08-29,Mkokotoni
2023-08-29,Mkokotoni
2023-08-29,Mkokotoni
2023-08-29,Mkokotoni
2023-08-29,Mkokotoni
2023-08-29,Mkokotoni
2023-08-29,Mkokotoni
2023-08-29,Mkokotoni
2023-08-29,Mkokotoni
2023-08-29,Mkokotoni
2023-08-29,Mkokotoni
2023-08-29,Mkokotoni
2023-08-29,Mkokotoni
2023-08-29,Mkokotoni
2023-08-29,Mkokotoni
2023-08-29,Mkokotoni
2023-08-29,Mkokotoni
2023-08-29,Mkokotoni
2023-08-29,Mkokotoni
2023-08-29,Mkokotoni
2023-08-29,Mkokotoni
2023-08-29,Mkokotoni
2023-08-22,Mkokotoni
2023-08-22,Mkokotoni
2023-08-22,Mkokotoni
2023-08-22,Mkokotoni
2023-08-22,Mkokotoni
2023-08-22,Mkokotoni
2023-08-22,Mkokotoni
2023-08-22,Mkokotoni
2023-08-22,Mkokotoni
2023-08-22,Mkokotoni
2023-08-22,Mkokotoni
2023-08-22,Mkokotoni
2023-08-22,Mkokotoni
2023-08-22,Mkokotoni
2023-08-22,Mkokotoni
2023-08-22,Mkokotoni
2023-08-22,Mkokotoni
2023-08-22,Mkokotoni
2023-08-22,Mkokotoni
2023-08-22,Mkokotoni
2023-08-22,Mkokotoni
2023-08-22,Mkokotoni
2023-08-22,Mkokotoni
2023-08-22,Mkokotoni
2023-08-22,Mkokotoni
2023-08-22,Mkokotoni
2023-08-22,Mkokotoni
2023-09-03,Malindi
2023-09-03,Malindi
2023-09-03,Malindi
2023-09-03,Malindi
2023-09-04,Malindi
2023-09-03,Malindi
2023-09-04,Malindi
2023-09-03,Malindi
2023-09-03,Malindi
2023-09-04,Malindi
2023-09-03,Malindi
2023-09-04,Malindi
2023-09-03,Malindi
2023-09-04,Malindi
2023-09-04,Malindi
2023-09-03,Malindi
2023-09-04,Malindi
2023-09-04,Malindi
2023-09-04,Malindi
2023-09-04,Malindi
2023-08-16,Malindi
2023-08-16,Malindi
2023-08-28,Malindi
2023-08-30,Malindi
2023-09-04,Malindi
2023-09-04,Malindi
2023-09-04,Malindi
2023-09-04,Malindi
2023-09-04,Malindi
2023-09-04,Malindi
2023-09-04,Malindi
2023-09-04,Malindi
2023-09-04,Malindi
2023-09-04,Mkokotoni
2023-09-04,Msuka
2023-09-04,Msuka
2023-09-05,Kizimkazi dimbani
2023-09-05,Kizimkazi dimbani
2023-09-05,Mkokotoni
2023-09-05,Mkokotoni
2023-09-05,Mkokotoni
2023-09-05,Mkokotoni
2023-09-05,Malindi
2023-09-05,Malindi
2023-09-05,Malindi
2023-09-05,Malindi
2023-09-05,Malindi
2023-09-05,Malindi
2023-09-05,Malindi
2023-09-05,Malindi
2023-09-05,Malindi
2023-09-05,Malindi
2023-09-05,Malindi
2023-09-05,Malindi
2023-09-05,Malindi
2023-09-05,Malindi
2023-09-11,Mkokotoni
2023-09-11,Kizimkazi dimbani
2023-09-11,Mkokotoni
2023-09-08,Malindi
2023-09-08,Malindi
2023-09-11,Mkokotoni
2023-09-11,Msuka
2023-09-12,Malindi
2023-09-13,Msuka
2023-09-18,Malindi
2023-09-18,Malindi
2023-09-18,Msuka
2023-09-19,Malindi
2023-09-19,Malindi
2023-09-19,Malindi
2023-09-18,Mkokotoni
2023-09-21,Shangani
2023-09-21,Shangani
2023-09-21,Shangani
2023-09-23,Msuka
2023-09-23,Msuka
2023-09-23,Msuka
2023-09-25,Mkokotoni
2023-09-25,Mkokotoni
2023-08-16,Malindi
2023-09-25,Malindi
2023-09-26,Malindi
2023-09-26,Malindi
2023-09-26,Malindi
2023-09-26,Malindi
2023-09-26,Malindi
2023-09-26,Malindi
2023-09-26,Malindi
2023-09-26,Malindi
2023-09-26,Malindi
2023-09-26,Malindi
2023-09-26,Malindi
2023-09-26,Malindi
2023-09-26,Malindi
2023-09-25,Msuka
2023-09-26,Msuka
2023-09-26,Msuka
2023-09-26,Mkokotoni
2023-09-26,Mkokotoni
2023-09-26,Mazizini
2023-08-16,Mazizini
2023-09-25,Kizimkazi dimbani
2023-09-25,Kizimkazi dimbani
2023-08-16,Malindi
2023-08-28,Malindi
2023-08-28,Malindi
2023-08-28,Malindi
2023-08-28,Malindi
2023-08-28,Malindi
2023-08-28,Malindi
2023-09-27,Mazizini
2023-09-27,Msuka
2023-09-28,Msuka
2023-09-28,Msuka
2023-09-30,Msuka
2023-10-03,Mkokotoni
2023-09-27,Tanga
2023-09-27,Tanga
2023-09-27,Tanga
2023-09-27,Tanga
2023-10-02,Tanga
2023-10-02,Tanga
2023-10-03,Tanga
2023-10-03,Tanga
2023-10-03,Tanga
2023-10-10,Kizimkazi dimbani
2023-08-28,Malindi
2023-08-28,Malindi
2023-10-02,Malindi
2023-10-02,Malindi
2023-10-02,Malindi
2023-10-09,Mkokotoni
2023-10-09,Mkokotoni
2023-10-10,Mkokotoni
2023-10-10,Mkokotoni
2023-10-10,Mkokotoni
2023-10-10,Mkokotoni
2023-10-10,Msuka
2023-10-10,Msuka
2023-10-10,Mazizini
2023-10-10,Mazizini
2023-10-02,Shangani
2023-10-02,Shangani
2023-10-02,Shangani
2023-10-02,Shangani
2023-10-12,Shangani
2023-10-12,Shangani
2023-10-12,Shangani
2023-10-12,Shangani
2023-10-12,Shangani
2023-10-12,Shangani
2023-08-27,Mkokotoni
2023-08-29,Mkokotoni
2023-08-29,Mkokotoni
2023-08-29,Mkokotoni
2023-08-29,Mkokotoni
2023-08-29,Mkokotoni
2023-08-29,Mkokotoni
2023-08-29,Mkokotoni
2023-08-29,Mkokotoni
2023-08-29,Mkokotoni
2023-08-29,Mkokotoni
2023-08-29,Mkokotoni
2023-08-29,Mkokotoni
2023-08-29,Mkokotoni
2023-08-29,Mkokotoni
2023-08-30,Mkokotoni
2023-08-30,Mkokotoni
2023-08-30,Mkokotoni
2023-08-30,Mkokotoni
2023-08-30,Mkokotoni
2023-08-30,Mkokotoni
2023-08-30,Mkokotoni
2023-08-30,Mkokotoni
2023-08-30,Mkokotoni
2023-08-30,Mkokotoni
2023-08-30,Mkokotoni
2023-08-30,Mkokotoni
2023-08-30,Mkokotoni
2023-08-30,Mkokotoni
2023-08-30,Mkokotoni
2023-08-30,Mkokotoni
2023-08-30,Mkokotoni
2023-08-30,Mkokotoni
2023-08-30,Mkokotoni
2023-08-30,Mkokotoni
2023-08-30,Mkokotoni
2023-08-30,Mkokotoni
2023-08-30,Mkokotoni
2023-08-30,Mkokotoni
2023-08-30,Mkokotoni
2023-08-30,Mkokotoni
2023-08-30,Mkokotoni
2023-08-30,Mkokotoni
2023-08-30,Mkokotoni
2023-08-30,Mkokotoni
2023-08-30,Mkokotoni
2023-08-30,Mkokotoni
2023-08-30,Mkokotoni
2023-08-30,Mkokotoni
2023-08-30,Mkokotoni
2023-08-30,Mkokotoni
2023-08-30,Mkokotoni
2023-08-30,Mkokotoni
2023-08-30,Mkokotoni
2023-08-30,Mkokotoni
2023-08-30,Mkokotoni
2023-08-30,Mkokotoni
2023-08-30,Mkokotoni
2023-08-30,Mkokotoni
2023-10-14,Msuka
2023-10-14,Msuka
2023-10-14,Msuka
2023-10-16,Mkokotoni
2023-10-16,Mkokotoni
2023-10-16,Kizimkazi dimbani
2023-10-16,Kizimkazi dimbani
2023-10-16,Msuka
2023-10-16,Mkokotoni
2023-10-17,Mkokotoni
2023-10-17,Mkokotoni
2023-10-17,Mkokotoni
2023-10-17,Mkokotoni
2023-10-17,Mkokotoni
2023-10-17,Mkokotoni
2023-10-17,Mkokotoni
2023-10-17,Mkokotoni
2023-10-17,Mkokotoni
2023-10-17,Mkokotoni
2023-10-17,Mkokotoni
2023-10-17,Mkokotoni
2023-10-17,Mkokotoni
2023-10-17,Mkokotoni
2023-10-17,Mkokotoni
2023-10-17,Mkokotoni
2023-10-17,Mkokotoni
2023-10-17,Mkokotoni
2023-10-17,Mkokotoni
2023-10-17,Mkokotoni
2023-10-17,Mkokotoni
2023-10-17,Mkokotoni
2023-10-17,Mkokotoni
2023-10-17,Mkokotoni
2023-10-17,Mkokotoni
2023-10-17,Mkokotoni
2023-10-17,Mkokotoni
2023-10-17,Mkokotoni
2023-10-17,Mkokotoni
2023-10-17,Mkokotoni
2023-10-17,Mkokotoni
2023-10-17,Mkokotoni
2023-10-17,Mkokotoni
2023-10-17,Mkokotoni
2023-10-17,Mkokotoni
2023-10-17,Mkokotoni
2023-10-17,Mkokotoni
2023-10-17,Mkokotoni
2023-10-17,Mkokotoni
2023-10-17,Mkokotoni
2023-10-17,Malindi
2023-10-17,Malindi
2023-10-17,Malindi
2023-10-17,Malindi
2023-10-17,Malindi
2023-10-17,Malindi
2023-10-17,Malindi
2023-10-17,Malindi
2023-10-17,Malindi
2023-10-17,Malindi
2023-10-17,Malindi
2023-10-17,Malindi
2023-10-17,Malindi
2023-10-17,Malindi
2023-10-17,Malindi
2023-10-17,Malindi
2023-10-12,Shangani
2023-10-12,Shangani
2023-10-12,Shangani
2023-10-17,Shangani
2023-10-17,Shangani
2023-10-17,Shangani
2023-10-17,Mkokotoni
2023-10-18,Mkokotoni
2023-10-18,Mkokotoni
2023-10-18,Mkokotoni
2023-10-18,Mkokotoni
2023-10-18,Mkokotoni
2023-10-18,Mkokotoni
2023-10-18,Mkokotoni
2023-10-18,Mkokotoni
2023-10-18,Mkokotoni
2023-10-18,Mkokotoni
2023-10-18,Mkokotoni
2023-10-18,Mkokotoni
2023-10-18,Mkokotoni
2023-10-18,Mkokotoni
2023-10-18,Mkokotoni
2023-10-18,Mkokotoni
2023-10-18,Mkokotoni
2023-10-18,Mkokotoni
2023-10-18,Mkokotoni
2023-10-18,Malindi
2023-10-19,Msuka
2023-10-19,Msuka
2023-10-19,Msuka
2023-10-19,Msuka
2023-10-19,Msuka
2023-10-20,Mkokotoni
2023-10-20,Mkokotoni
2023-10-20,Mkokotoni
2023-10-20,Mkokotoni
2023-10-20,Mkokotoni
2023-10-20,Mkokotoni
2023-10-20,Mkokotoni
2023-10-23,Kizimkazi dimbani
2023-10-23,Mkokotoni
2023-10-23,Mkokotoni
2023-10-23,Kizimkazi dimbani
2023-10-23,Kizimkazi dimbani
2023-10-23,Mkokotoni
2023-10-23,Mkokotoni
2023-10-23,Mkokotoni
2023-10-23,Mkokotoni
2023-10-23,Mkokotoni
2023-10-23,Mkokotoni
2023-10-23,Mkokotoni
2023-10-23,Mkokotoni
2023-10-24,Malindi
2023-10-24,Mkokotoni
2023-10-24,Mkokotoni
2023-10-24,Mazizini
2023-10-24,Mkokotoni
2023-10-24,Mkokotoni
2023-10-24,Mkokotoni
2023-10-24,Mkokotoni
2023-10-24,Mkokotoni
2023-10-24,Mkokotoni
2023-10-24,Mkokotoni
2023-10-24,Mkokotoni
2023-10-09,Tanga
2023-10-16,Tanga
2023-10-16,Tanga
2023-10-16,Tanga
2023-10-16,Tanga
2023-10-24,Tanga
2023-10-24,Mkokotoni
2023-10-24,Mkokotoni
2023-10-24,Mkokotoni
2023-10-24,Mazizini
2023-10-24,Msuka
2023-10-24,Mazizini
2023-10-24,Mkokotoni
2023-10-24,Mkokotoni
2023-10-24,Mkokotoni
2023-10-24,Shangani
2023-10-24,Mkokotoni
2023-10-25,Mkokotoni
2023-10-25,Mkokotoni
2023-10-25,Mkokotoni
2023-10-25,Mkokotoni
2023-10-25,Mkokotoni
2023-10-25,Mkokotoni
2023-10-25,Mkokotoni
2023-10-25,Mkokotoni
2023-10-25,Mkokotoni
2023-10-25,Mkokotoni
2023-10-25,Mkokotoni
2023-10-25,Mkokotoni
2023-10-25,Mkokotoni
2023-10-25,Mkokotoni
2023-10-25,Mkokotoni
2023-10-25,Mkokotoni
2023-10-25,Mkokotoni
2023-10-25,Mkokotoni
2023-10-25,Mkokotoni
2023-10-25,Mkokotoni
2023-10-25,Mkokotoni
2023-10-25,Mkokotoni
2023-10-25,Mkokotoni
2023-10-25,Mkokotoni
2023-10-25,Mkokotoni
2023-10-25,Mkokotoni
2023-10-25,Msuka
2023-10-26,Mkokotoni
2023-10-26,Mkokotoni
2023-10-26,Mkokotoni
2023-10-27,Mkokotoni
2023-10-29,Msuka
2023-08-28,Malindi
2023-09-08,Malindi
2023-09-08,Malindi
2023-09-08,Malindi
2023-09-08,Malindi
2023-09-08,Malindi
2023-10-25,Malindi
2023-10-31,Malindi
2023-10-31,Malindi
2023-10-31,Malindi
2023-10-31,Malindi
2023-10-31,Mkokotoni
2023-10-31,Mazizini
2023-11-01,Kizimkazi dimbani
2023-11-01,Malindi
2023-11-01,Malindi
2023-11-01,Malindi
2023-11-01,Malindi
2023-11-01,Malindi
2023-11-01,Malindi
2023-10-27,Shangani
2023-10-27,Shangani
2023-11-05,Msuka
2023-11-05,Msuka
2023-11-06,Mkokotoni
2023-11-06,Mkokotoni
2023-11-06,Mkokotoni
2023-11-07,Kizimkazi dimbani
2023-11-07,Kizimkazi dimbani
2023-11-13,Mkokotoni
2023-11-13,Kizimkazi dimbani
2023-11-13,Kizimkazi dimbani
2023-11-13,Kizimkazi dimbani
2023-11-07,Msuka
2023-11-12,Shangani
2023-11-12,Shangani
2023-11-12,Shangani
2023-11-21,Msuka
2023-11-20,Mkokotoni
2023-11-20,Mkokotoni
2023-11-21,Mkokotoni
2023-11-21,Mkokotoni
2023-11-21,Mkokotoni
2023-11-21,Mkokotoni
2023-09-25,Malindi
2023-09-25,Malindi
2023-09-25,Malindi
2023-09-25,Malindi
2023-11-23,Shangani
2023-11-23,Shangani
2023-11-23,Shangani
2023-11-23,Shangani
2023-11-23,Shangani
2023-11-23,Shangani
2023-11-27,Shangani
2023-11-27,Shangani
2023-11-27,Shangani
2023-11-28,Shangani
2023-11-28,Shangani
2023-11-28,Shangani
2023-11-28,Shangani
2023-11-29,Malindi
2023-11-29,Malindi
2023-11-29,Malindi
2023-11-29,Malindi
2023-11-29,Malindi
2023-11-29,Mkokotoni
2023-11-29,Mazizini
2023-11-29,Mazizini
2023-12-04,Kizimkazi dimbani
2023-12-04,Mkokotoni
2023-12-04,Mkokotoni
2023-09-25,Malindi
2023-09-25,Malindi
2023-09-25,Malindi
2023-09-25,Malindi
2023-12-04,Malindi
2023-12-04,Malindi
2023-12-05,Mkokotoni
2023-12-05,Malindi
2023-12-05,Malindi
2023-12-05,Malindi
2023-12-05,Malindi
2023-12-05,Malindi
2023-09-25,Malindi
2023-12-06,Mkokotoni
2023-12-07,Msuka
2023-12-07,Msuka
2023-12-07,Msuka
2023-12-05,Msuka
2023-11-23,Msuka
2023-12-09,Msuka
2023-12-10,Msuka
2023-11-28,Shangani
2023-11-28,Shangani
2023-11-28,Shangani
2023-11-28,Shangani
2023-12-12,Mkokotoni
2023-12-12,Mkokotoni
2023-09-25,Malindi
2023-12-05,Malindi
2023-12-05,Malindi
2023-12-05,Malindi
2023-12-05,Malindi
2023-12-05,Malindi
2023-12-11,Malindi
2023-12-11,Malindi
2023-12-11,Malindi
2023-12-11,Malindi
2023-12-11,Malindi
2023-12-11,Malindi
2023-12-11,Malindi
2023-12-13,Malindi
2023-12-13,Malindi
2023-12-13,Malindi
2023-12-13,Msuka
2023-11-09,Tanga
2023-11-23,Tanga
2023-11-08,Tanga
2023-12-16,Msuka
2023-12-16,Msuka
2023-12-18,Kizimkazi dimbani
2023-12-18,Kizimkazi dimbani
2023-12-18,Kizimkazi dimbani
2023-12-18,Kizimkazi dimbani
2023-12-13,Mkokotoni
2023-12-16,Mkokotoni
2023-12-19,Mkokotoni
2023-12-19,Mkokotoni
2023-12-19,Msuka
2023-12-05,Malindi
2023-12-05,Malindi
2023-12-19,Malindi
2023-12-19,Malindi
2023-12-19,Malindi
2023-12-19,Malindi
2023-12-19,Malindi
2023-12-19,Malindi
2023-12-19,Malindi
2023-12-21,Shangani
2023-12-21,Shangani
2023-12-21,Shangani
2023-12-21,Shangani
2023-12-21,Shangani
2023-12-21,Shangani
2023-12-21,Shangani
2023-12-21,Shangani
2023-12-21,Shangani
2023-12-21,Shangani
2023-12-21,Shangani
2023-12-21,Shangani
2023-12-21,Shangani
2023-12-21,Shangani
2024-01-02,Msuka
2023-12-05,Malindi
2023-12-05,Malindi
2023-12-05,Malindi
2023-12-13,Malindi
2024-01-02,Malindi
2024-01-02,Malindi
2024-01-02,Malindi
2024-01-02,Malindi
2024-01-02,Malindi
2024-01-02,Malindi
2024-01-03,Malindi
2023-12-20,Mkokotoni
2023-12-20,Mkokotoni
2024-01-04,Shangani
2024-01-04,Shangani
2024-01-04,Shangani
2024-01-04,Shangani
2024-01-04,Shangani
2024-01-04,Shangani
2024-01-04,Shangani
2024-01-04,Kizimkazi dimbani
2024-01-04,Kizimkazi dimbani
2024-01-08,Mkokotoni
2024-01-02,Malindi
2024-01-09,Malindi
2024-01-09,Malindi
2024-01-09,Malindi
2024-01-09,Malindi
2024-01-09,Malindi
2024-01-09,Kizimkazi dimbani
2024-01-09,Mkokotoni
2024-01-09,Mkokotoni
2024-01-10,Mkokotoni
2024-01-10,Malindi
2024-01-10,Malindi
2024-01-10,Malindi
2024-01-10,Malindi
2024-01-10,Malindi
2023-12-19,Tanga
2023-12-19,Tanga
2023-12-19,Tanga
2024-01-10,Tanga
2024-01-10,Tanga
2024-01-10,Tanga
2024-01-10,Tanga
2024-01-11,Mazizini
2024-01-11,Mazizini
2024-01-15,Malindi
2024-01-15,Malindi
2024-01-15,Kizimkazi dimbani
2024-01-15,Kizimkazi dimbani
2024-01-15,Kizimkazi dimbani
2024-01-15,Mkokotoni
2024-01-17,Mazizini
2024-01-18,Msuka
2024-01-22,Mazizini
2024-01-21,Msuka
2024-01-09,Malindi
2024-01-09,Malindi
2024-01-09,Malindi
2024-01-09,Malindi
2024-01-09,Malindi
2024-01-17,Malindi
2024-01-23,Malindi
2024-01-23,Mkokotoni
2024-01-23,Shangani
2024-01-23,Shangani
2024-01-23,Shangani
2024-01-23,Shangani
2024-01-23,Shangani
2024-01-23,Shangani
2024-01-24,Kizimkazi dimbani
2024-01-24,Kizimkazi dimbani
2024-01-24,Mkokotoni
2024-01-26,Shangani
2024-01-26,Shangani
2024-01-26,Shangani
2024-01-26,Shangani
2024-01-29,Tanga
2024-01-29,Tanga
2024-01-29,Tanga
2024-01-30,Mkokotoni
2024-01-31,Mkokotoni
2024-01-31,Mkokotoni
2024-01-31,Mkokotoni
2024-02-05,Mkokotoni
2024-02-05,Mkokotoni
2024-01-09,Malindi
2024-01-23,Malindi
2024-01-29,Malindi
2024-01-29,Malindi
2024-01-29,Malindi
2024-01-29,Malindi
2024-02-05,Malindi
2024-02-05,Malindi
2024-02-05,Malindi
2024-02-05,Malindi
2024-02-05,Malindi
2024-02-05,Malindi
2024-01-30,Tanga
2024-01-30,Tanga
2024-01-30,Tanga
2024-01-31,Tanga
2024-02-01,Tanga
2024-02-01,Tanga
2024-02-05,Tanga
2024-02-05,Tanga
2024-02-05,Tanga
2024-02-05,Tanga
2024-02-05,Kizimkazi dimbani
2024-02-07,Malindi
2024-02-07,Malindi
2024-02-07,Malindi
2024-02-07,Malindi
2024-02-07,Malindi
2024-02-07,Malindi
2024-02-07,Malindi
2024-02-12,Kizimkazi dimbani
2024-02-12,Kizimkazi dimbani
2024-02-12,Malindi
2024-02-12,Malindi
2024-02-12,Malindi
2024-02-12,Malindi
2024-02-14,Malindi
2024-02-14,Malindi
2024-02-14,Malindi
2024-02-14,Malindi
2024-02-19,Malindi
2024-02-19,Malindi
2024-02-23,Kizimkazi dimbani
2024-02-23,Shangani
2024-02-23,Shangani
2024-02-23,Shangani
2024-02-23,Shangani
2024-02-23,Shangani
2024-02-05,Tanga
2024-02-05,Tanga
2024-02-12,Tanga
2024-02-12,Tanga
2024-02-12,Tanga
2024-02-12,Tanga
2024-02-13,Tanga
2024-02-13,Tanga
2024-02-14,Tanga
2024-02-19,Tanga
2024-02-19,Tanga
2024-02-20,Tanga
2024-02-26,Msuka
2024-02-26,Msuka
2024-02-26,Msuka
2024-02-26,Msuka
2024-02-20,Mkokotoni
2024-02-20,Mkokotoni
2024-02-20,Mkokotoni
2024-02-21,Mkokotoni
2024-02-21,Mkokotoni
2024-02-27,Mkokotoni
2024-02-20,Mkokotoni
2024-02-27,Shangani
2024-02-27,Shangani
2024-02-27,Shangani
2024-02-28,Tanga
2024-02-28,Tanga
2024-02-29,Tanga
2024-02-29,Tanga
2024-02-27,Msuka
2024-03-04,Mkokotoni
2024-03-04,Mkokotoni
2024-03-04,Tanga
2024-03-04,Tanga
2024-03-04,Tanga
2024-03-04,Tanga
2024-03-04,Tanga
2024-03-05,Mkokotoni
2024-03-05,Mkokotoni
2024-03-05,Mkokotoni
2024-03-05,Mkokotoni
2024-03-05,Mkokotoni
2024-03-04,Msuka
2024-03-05,Msuka
2024-03-05,Msuka
2024-03-05,Msuka
2024-03-05,Msuka
2024-03-05,Mazizini
2024-03-06,Mazizini
2024-03-06,Mazizini
2024-03-06,Mkokotoni
2024-03-06,Mkokotoni
2024-03-07,Kizimkazi dimbani
2024-03-07,Kizimkazi dimbani
2024-03-11,Kizimkazi dimbani
2024-03-11,Kizimkazi dimbani
2024-03-11,Mkokotoni
2024-03-11,Mkokotoni
2024-03-11,Mkokotoni
2024-03-12,Mkokotoni
2024-03-09,Msuka
2024-02-27,Shangani
2024-03-12,Shangani
2024-03-12,Shangani
2024-03-12,Shangani
2024-03-12,Mkokotoni
2024-03-13,Mkokotoni
2024-03-13,Mkokotoni
2024-03-14,Msuka
2024-03-14,Msuka
2024-03-14,Msuka
2024-03-14,Msuka
2024-03-18,Msuka
2024-03-18,Msuka
2024-03-19,Mazizini
2024-02-05,Malindi
2024-02-05,Malindi
2024-02-05,Malindi
2024-02-05,Malindi
2024-02-05,Malindi
2024-02-05,Malindi
2024-02-05,Malindi
2024-02-05,Malindi
2024-02-05,Malindi
2024-03-04,Malindi
2024-03-05,Malindi
2024-03-05,Malindi
2024-03-05,Malindi
2024-03-05,Malindi
2024-03-05,Malindi
2024-03-20,Msuka
2024-03-20,Msuka
2024-03-21,Msuka
2024-03-25,Mazizini
2024-03-28,Msuka
2024-03-28,Msuka
2024-03-28,Mazizini
2024-03-30,Msuka
2024-03-30,Msuka
2024-04-01,Kizimkazi dimbani
2024-04-01,Msuka
2024-03-25,Mkokotoni
2024-04-02,Mkokotoni
2024-04-03,Mkokotoni
2024-04-03,Mkokotoni
2024-04-03,Mkokotoni
2024-04-07,Msuka
2024-04-07,Msuka
2024-04-07,Msuka
2024-04-07,Msuka
2024-04-08,Mazizini
2024-04-08,Mazizini
2024-04-09,Msuka
2024-04-09,Msuka
2024-04-09,Msuka
2024-04-09,Msuka
2024-04-17,Mkokotoni
2024-04-17,Mkokotoni
2024-04-17,Mazizini
2024-04-17,Mazizini
2024-04-18,Msuka
2024-04-18,Msuka
2024-04-18,Msuka
2024-04-21,Msuka
2024-04-22,Kizimkazi dimbani
2024-02-05,Malindi
2024-02-05,Malindi
2024-02-05,Malindi
2024-03-27,Malindi
2024-04-22,Malindi
2024-04-23,Msuka
2024-04-24,Mazizini
2024-03-05,Tanga
2024-03-05,Tanga
2024-03-05,Tanga
2024-05-01,Msuka
2024-05-01,Msuka
2024-03-19,Shangani
2024-03-19,Shangani
2024-04-19,Shangani
2024-05-03,Shangani
2024-05-04,Msuka
2024-05-05,Msuka
2024-05-05,Msuka
2024-05-05,Msuka
2024-05-06,Mkokotoni
2024-05-06,Msuka
2024-05-06,Msuka
2024-05-06,Msuka
2024-05-06,Kizimkazi dimbani
2024-05-07,Shangani
2024-05-07,Shangani
2024-04-24,Malindi
2024-04-29,Malindi
2024-04-29,Malindi
2024-04-29,Malindi
2024-04-29,Malindi
2024-05-07,Malindi
2024-05-07,Shangani
2024-05-07,Shangani
2024-05-07,Msuka
2024-05-10,Shangani
2024-04-29,Malindi
2024-04-29,Malindi
2024-04-29,Malindi
2024-05-13,Malindi
2024-05-13,Malindi
2024-05-13,Malindi
2024-05-13,Malindi
2024-05-13,Kizimkazi dimbani
2024-05-13,Kizimkazi dimbani
2024-05-16,Msuka
2024-05-16,Msuka
2024-05-16,Msuka
2024-05-16,Msuka
2024-05-19,Msuka
2024-05-21,Mazizini
2024-05-21,Msuka
2024-05-23,Shangani
2024-05-23,Msuka
2024-05-27,Kizimkazi dimbani
2024-05-27,Kizimkazi dimbani
2024-05-28,Tanga
2024-05-28,Tanga
2024-05-29,Tanga
2024-05-29,Tanga
2024-06-01,Msuka
2024-06-02,Msuka
2024-06-02,Msuka
2024-05-29,Tanga
2024-06-03,Tanga
2024-06-03,Tanga
2024-06-04,Kizimkazi dimbani
2024-06-04,Kizimkazi dimbani
2024-06-05,Msuka
2024-06-05,Msuka
2024-06-05,Msuka
2024-06-05,Msuka
2024-06-05,Msuka
2024-06-04,Mkokotoni
2024-06-04,Mkokotoni
2024-06-05,Mkokotoni
2024-06-05,Mkokotoni
2024-06-10,Mkokotoni
2024-06-10,Mkokotoni
2024-06-11,Mkokotoni
2024-06-11,Mkokotoni
2024-06-11,Mkokotoni
2024-06-19,Kizimkazi dimbani
2024-06-20,Shangani
2024-06-20,Shangani
2024-06-20,Shangani
2024-06-20,Shangani
2024-06-25,Mkokotoni
2024-07-01,Mkokotoni
2024-07-01,Msuka
2024-07-02,Mkokotoni
2024-07-03,Msuka
2024-07-03,Msuka
2024-07-04,Msuka
2024-07-04,Msuka
2024-07-04,Msuka
2024-07-04,Msuka
2024-06-05,Tanga
2024-06-05,Tanga
2024-06-05,Tanga
2024-07-03,Tanga
2024-07-03,Tanga
2024-07-07,Msuka
2024-07-07,Msuka
2024-07-07,Msuka
2024-07-07,Msuka
2024-07-04,Tanga
2024-07-08,Tanga
2024-07-04,Tanga
2024-07-09,Msuka
2024-07-10,Mazizini
2024-07-10,Mazizini
2024-06-27,Malindi
2024-07-11,Malindi
2024-07-11,Malindi
2024-04-29,Malindi
2024-04-29,Malindi
2024-04-29,Malindi
2024-07-11,Msuka
2024-07-09,Kizimkazi dimbani
2024-07-13,Msuka
2024-07-14,Msuka
2024-07-14,Msuka
2024-07-14,Msuka
2024-07-14,Msuka
2024-07-14,Msuka
2024-07-15,Kizimkazi dimbani
2024-07-15,Mazizini
2024-07-10,Tanga
2024-07-10,Tanga
2024-07-16,Tanga
2024-07-16,Tanga
2024-07-16,Tanga
2024-07-17,Shangani
2024-07-17,Shangani
2024-07-18,Shangani
2024-07-18,Shangani
2024-07-18,Shangani
2024-07-03,Shangani
2024-07-03,Shangani
2024-07-11,Shangani
2024-07-20,Msuka
2024-07-20,Msuka
2024-07-21,Msuka
2024-07-21,Msuka
2024-07-23,Shangani
2024-07-23,Shangani
2024-05-14,Malindi
2024-05-14,Malindi
2024-05-14,Malindi
2024-05-14,Malindi
2024-06-27,Malindi
2024-07-23,Malindi
2024-07-23,Malindi
2024-07-23,Malindi
2024-07-24,Shangani
2024-07-24,Shangani
2024-07-23,Msuka
2024-07-27,Msuka
2024-07-29,Shangani
2024-07-31,Msuka
2024-07-31,Msuka
2024-07-31,Msuka
2024-06-27,Malindi
2024-06-27,Malindi
2024-06-27,Malindi
2024-06-27,Malindi
2024-07-23,Malindi
2024-08-01,Malindi
2024-08-01,Malindi
2024-08-01,Malindi
2024-07-16,Malindi
2024-07-16,Malindi
2024-07-16,Malindi
2024-07-16,Malindi
2024-07-16,Malindi
2024-08-03,Msuka
2024-08-04,Msuka
2024-07-16,Tanga
2024-07-16,Tanga
2024-07-17,Tanga
2024-07-17,Tanga
2024-07-29,Tanga
2024-07-30,Tanga
2024-07-30,Tanga
2024-07-30,Tanga
2024-08-06,Malindi
2024-08-06,Malindi
2024-08-06,Malindi
2024-08-06,Malindi
2024-08-06,Malindi
2024-08-06,Mazizini
2024-08-06,Mazizini
2024-08-06,Mazizini
2024-08-07,Mkokotoni
2024-08-07,Mazizini
2024-08-10,Msuka
2024-08-10,Msuka
2024-08-11,Msuka
2024-08-12,Kizimkazi dimbani
2024-08-14,Mkokotoni
2024-08-14,Mkokotoni
2024-08-14,Mkokotoni
2024-08-14,Shangani
2024-08-14,Shangani
2024-08-14,Mkokotoni
2024-08-14,Msuka
2024-08-14,Msuka
2024-08-14,Msuka
2024-08-14,Mazizini
2024-08-16,Shangani
2024-08-16,Shangani
2024-08-18,Msuka
2024-08-19,Kizimkazi dimbani
2024-08-19,Kizimkazi dimbani
2024-08-20,Shangani
2024-08-20,Mkokotoni
2024-07-23,Tanga
2024-07-30,Tanga
2024-07-30,Tanga
2024-08-25,Msuka
2024-08-25,Msuka
2024-06-27,Malindi
2024-06-27,Malindi
2024-06-27,Malindi
2024-06-27,Malindi
2024-08-15,Malindi
2024-08-15,Malindi
2024-08-15,Malindi
2024-08-15,Malindi
2024-08-15,Malindi
2024-08-19,Malindi
2024-08-19,Malindi
2024-08-22,Malindi
2024-08-22,Malindi
2024-08-22,Malindi
2024-08-26,Malindi
2024-08-26,Malindi
2024-08-01,Tanga
2024-08-01,Tanga
2024-08-05,Tanga
2024-08-05,Tanga
2024-08-06,Tanga
2024-08-06,Tanga
2024-08-07,Tanga
2024-08-07,Tanga
2024-08-07,Tanga
2024-08-07,Tanga
2024-08-14,Tanga
2024-08-14,Tanga
2024-08-14,Tanga
2024-08-14,Tanga
2024-08-15,Tanga
2024-08-20,Tanga
2024-08-20,Tanga
2024-08-21,Tanga
2024-08-21,Tanga
2024-08-28,Malindi
2024-08-28,Malindi
2024-08-28,Malindi
2024-08-28,Msuka
2024-08-28,Msuka
2024-08-28,Msuka
2024-09-02,Kizimkazi dimbani
2024-09-05,Shangani
2024-08-27,Shangani
2024-08-27,Shangani
2024-09-06,Shangani
2024-09-06,Shangani
2024-09-09,Kizimkazi dimbani
2024-09-03,Tanga
2024-09-03,Tanga
2024-09-10,Malindi
2024-09-10,Malindi
2024-09-10,Malindi
2024-09-10,Malindi
2024-09-09,Msuka
2024-09-09,Msuka
2024-09-09,Mkokotoni
2024-09-10,Mkokotoni
2024-09-11,Mkokotoni
2024-09-16,Msuka
2024-09-16,Msuka
2024-09-16,Msuka
2024-09-19,Shangani
2024-09-04,Tanga
2024-09-04,Tanga
2024-09-04,Tanga
2024-09-04,Tanga
2024-09-04,Tanga
2024-09-09,Tanga
2024-09-10,Tanga
2024-09-10,Tanga
2024-09-10,Tanga
2024-09-11,Tanga
2024-09-17,Tanga
2024-09-17,Tanga
2024-09-17,Tanga
2024-09-18,Tanga
2024-09-18,Tanga
2024-09-18,Tanga
2024-09-09,Tanga
2024-09-23,Kizimkazi dimbani
2024-09-23,Msuka
2024-09-24,Msuka
2024-09-26,Msuka
2024-10-01,Msuka
2024-10-01,Msuka
2024-09-30,Mkokotoni
2024-09-30,Mkokotoni
2024-09-23,Tanga
2024-09-23,Tanga
2024-09-23,Tanga
2024-09-24,Tanga
2024-09-24,Tanga
2024-09-24,Tanga
2024-09-24,Tanga
2024-09-26,Tanga
2024-09-26,Tanga
2024-10-09,Shangani
2024-08-15,Malindi
2024-08-15,Malindi
2024-09-18,Malindi
2024-09-18,Malindi
2024-09-24,Malindi
2024-09-24,Malindi
2024-09-30,Malindi
2024-09-30,Malindi
2024-10-03,Malindi
2024-10-03,Malindi
2024-10-07,Malindi
2024-10-07,Malindi
2024-10-07,Malindi
2024-10-09,Malindi
2024-10-09,Malindi
2024-10-09,Malindi
2024-10-09,Malindi
2024-10-15,Malindi
2024-10-15,Malindi
2024-10-15,Malindi
2024-10-15,Malindi
2024-10-15,Malindi
2024-10-15,Malindi
2024-10-15,Malindi
2024-10-16,Malindi
2024-10-16,Malindi
2024-10-16,Malindi
2024-10-16,Mazizini
2024-10-16,Mazizini
2024-10-17,Msuka
2024-10-17,Msuka
2024-10-17,Msuka
2024-10-15,Mkokotoni
2024-10-16,Mkokotoni
2024-10-16,Mkokotoni
2024-10-21,Mkokotoni
2024-10-21,Msuka
2024-10-21,Msuka
2024-10-21,Msuka
2024-10-21,Kizimkazi dimbani
2024-10-23,Mazizini
2024-10-24,Msuka
2024-10-24,Msuka
2024-10-24,Msuka
2024-10-28,Mkokotoni
2024-10-28,Mkokotoni
2024-10-30,Kizimkazi dimbani
2024-10-30,Kizimkazi dimbani
2024-08-15,Malindi
2024-10-21,Malindi
2024-10-21,Malindi
2024-10-23,Malindi
2024-10-23,Malindi
2024-10-28,Malindi
2024-10-30,Malindi
2024-10-30,Malindi
2024-10-31,Malindi
2024-10-31,Malindi
2024-10-29,Shangani
2024-10-29,Shangani
2024-10-29,Shangani
2024-11-04,Shangani
2024-11-04,Kizimkazi dimbani
2024-08-15,Malindi
2024-08-15,Malindi
2024-11-04,Malindi
2024-11-02,Msuka
2024-11-04,Tanga
2024-11-05,Tanga
2024-10-30,Tanga
2024-10-30,Tanga
2024-10-30,Tanga
2024-11-04,Tanga
2024-11-04,Tanga
2024-11-06,Msuka
2024-11-06,Msuka
2024-11-06,Msuka
2024-11-07,Shangani
2024-11-09,Msuka
2024-11-09,Msuka
2024-11-09,Msuka
2024-11-05,Mkokotoni
2024-11-05,Mkokotoni
2024-11-05,Mkokotoni
2024-11-10,Mkokotoni
2024-11-11,Mkokotoni
2024-11-11,Malindi
2024-11-11,Malindi
2024-11-11,Malindi
2024-11-11,Msuka
2024-11-11,Msuka
2024-11-12,Mkokotoni
2024-11-13,Shangani
2024-11-13,Shangani
2024-11-15,Shangani
2024-11-11,Malindi
2024-11-11,Malindi
2024-11-11,Malindi
2024-11-11,Malindi
2024-11-19,Msuka
2024-11-19,Msuka
2024-11-19,Msuka
2024-11-19,Msuka
2024-11-19,Mazizini
2024-11-19,Mazizini
2024-11-22,Kizimkazi dimbani
2024-11-22,Kizimkazi dimbani
2024-11-23,Msuka
2024-11-23,Msuka
2024-11-24,Msuka
2024-11-24,Msuka
2024-11-24,Msuka
2024-11-20,Mkokotoni
2024-11-20,Mkokotoni
2024-11-25,Mkokotoni
2024-11-25,Mkokotoni
2024-11-25,Mkokotoni
2024-11-25,Mkokotoni
2024-11-26,Kizimkazi dimbani
2024-11-26,Kizimkazi dimbani
2024-11-26,Kizimkazi dimbani
2024-11-26,Kizimkazi dimbani
2024-11-11,Malindi
2024-11-11,Malindi
2024-11-11,Malindi
2024-12-03,Kizimkazi dimbani
2024-12-03,Kizimkazi dimbani
2024-11-25,Malindi
2024-11-25,Malindi
2024-11-25,Malindi
2024-11-25,Malindi
2024-11-25,Malindi
2024-11-25,Malindi
2024-12-04,Shangani
2024-12-04,Shangani
2024-12-04,Shangani
2024-12-05,Msuka
2024-12-04,Msuka
2024-12-09,Kizimkazi dimbani
2024-12-09,Kizimkazi dimbani
2024-12-09,Msuka
2024-12-14,Msuka
2024-12-14,Msuka
2024-12-16,Mazizini
2024-12-16,Mazizini
2024-12-21,Msuka
2025-01-08,Mkokotoni
2025-01-08,Mkokotoni
2025-01-08,Msuka
2025-01-07,Msuka
2025-01-07,Msuka
2024-11-25,Malindi
2024-11-25,Malindi
2024-11-25,Malindi
2024-11-25,Malindi
2024-11-25,Malindi
2025-01-13,Kizimkazi dimbani
2025-01-13,Kizimkazi dimbani
2025-01-13,Mkokotoni
2025-01-13,Mkokotoni
2025-01-18,Kukuu
2025-01-20,Kizimkazi dimbani
2025-01-20,Mkokotoni
2025-01-20,Mkokotoni
2025-01-22,Mkokotoni
2025-01-26,Msuka
2025-01-25,Msuka
2025-01-27,Mkokotoni
2024-11-12,Tanga
2024-11-12,Tanga
2024-11-12,Tanga
2024-11-18,Tanga
2024-11-18,Tanga
2024-11-18,Tanga
2024-11-19,Tanga
2024-11-19,Tanga
2024-11-26,Tanga
2024-11-26,Tanga
2024-12-03,Tanga
2024-12-05,Tanga
2024-12-05,Tanga
2024-12-05,Tanga
2024-12-14,Tanga
2025-01-06,Tanga
2025-01-13,Tanga
2025-01-13,Tanga
2025-01-22,Tanga
2025-01-22,Tanga
2025-01-22,Tanga
2025-01-22,Tanga
2025-01-27,Tanga
2025-01-27,Tanga
2025-01-27,Tanga
2025-01-28,Msuka
2025-01-27,Shangani
2025-01-31,Shangani
2025-01-31,Shangani
2025-01-27,Malindi
2025-01-30,Malindi
2025-01-30,Malindi
2024-11-25,Malindi
2025-02-03,Malindi
2025-02-03,Malindi
2025-01-20,Malindi
2025-01-27,Malindi
2025-01-27,Malindi
2025-01-27,Malindi
2025-02-04,Mkokotoni
2025-02-04,Msuka
2025-02-05,Mkokotoni
2025-02-12,Mazizini
2025-02-12,Mazizini
2025-02-19,Mkokotoni
2025-02-19,Mazizini
2025-02-19,Mazizini
2025-02-24,Tanga
2025-02-24,Tanga
2025-02-24,Msuka
2025-02-24,Msuka
2025-02-24,Tanga
2025-02-24,Tanga
2025-02-25,Tanga
2025-02-26,Mazizini
2025-02-26,Mazizini
2025-02-27,Mazizini
2025-02-27,Mazizini
2025-03-03,Mkokotoni
2025-03-03,Tanga
2025-03-04,Mkokotoni
2025-03-04,Mkokotoni
2025-03-05,Msuka
2025-03-05,Msuka
2025-03-05,Msuka
2025-03-05,Tanga
2025-03-05,Mkokotoni
2025-03-10,Mkokotoni
2025-03-10,Mkokotoni
2025-03-11,Msuka
2025-03-11,Msuka
2025-03-11,Msuka
2025-03-12,Mazizini
2025-03-12,Mazizini
2025-03-12,Msuka
2025-02-12,Malindi
2025-02-13,Malindi
2025-02-13,Malindi
2025-02-13,Malindi
2025-02-18,Malindi
2025-02-18,Malindi
2025-01-29,Tanga
2025-02-03,Tanga
2025-02-05,Tanga
2025-02-05,Tanga
2025-02-05,Tanga
2025-02-10,Tanga
2025-02-10,Tanga
2025-02-11,Tanga
2025-02-18,Tanga
2025-02-18,Tanga
2025-02-18,Tanga
2025-02-19,Tanga
2025-02-19,Tanga
2025-02-19,Tanga
2025-02-24,Tanga
2025-02-28,Shangani
2025-02-28,Shangani
2025-03-04,Shangani
2025-03-12,Mkokotoni
2025-03-18,Mkokotoni
2025-03-19,Mkokotoni
2025-03-19,Tanga
2025-03-23,Msuka
2025-03-23,Msuka
2025-03-23,Msuka
2025-03-23,Msuka
2025-03-25,Mkokotoni
2025-03-25,Mkokotoni
2025-03-25,Msuka
2025-03-25,Msuka
2025-03-25,Msuka
2025-03-25,Mkokotoni
2025-03-26,Mkokotoni
2025-03-25,Shangani
2025-03-25,Shangani
2025-04-03,Mazizini
2025-04-08,Msuka
2025-04-08,Msuka
2025-04-08,Tanga
2025-04-08,Tanga
2025-04-10,Msuka
2025-04-10,Msuka
2025-04-14,Msuka
2025-04-15,Malindi
2025-02-18,Malindi
2025-02-18,Malindi
2025-02-18,Malindi
2025-03-03,Malindi
2025-03-04,Malindi
2025-03-04,Malindi
2025-03-10,Malindi
2025-03-10,Malindi
2025-03-13,Malindi
2025-03-13,Malindi
2025-03-13,Malindi
2025-03-24,Malindi
2025-01-27,Malindi
2025-03-24,Malindi
2025-04-04,Malindi
2025-04-08,Malindi
2025-04-08,Malindi
2025-04-15,Malindi
2025-04-16,kigombe
2025-04-21,Msuka
2025-04-21,Msuka
2025-04-21,Msuka
2025-04-21,Msuka
2025-04-22,Msuka
2025-04-22,Msuka
2025-04-22,Msuka
2025-04-22,Msuka
2025-04-13,Shangani
2025-04-13,Shangani
2025-04-22,Mazizini
2025-04-23,Mazizini
2025-04-24,Shangani
2025-04-24,Mazizini
2025-04-24,Mazizini
2025-04-10,Tanga
2025-04-14,Tanga
2025-04-14,Tanga
2025-04-22,Tanga
2025-04-22,Tanga
2025-04-22,Tanga
2025-04-23,Tanga
2025-03-22,Tanga
2025-03-24,Tanga
2025-04-27,Msuka
2025-04-27,Msuka
2025-04-25,Shangani
2025-05-02,Shangani
2025-05-02,Shangani
,
,
,
,
,
,
,
,
,
,
,
,
,
,
,
,
,
,
,
,
,
,
,
,
,
,
,
,
,
,
,
,
,
,
,
,
,
,
,
,
,
,
,
,
,
,
,
,
,
,
,
,
,
,
,
,
,
,
,
,
,
,
,
,
,
,
,
,
,
,
,
,
,
,
,
,
,
,
,
,
,
,
,
,
,
,
,
,
,
,
,
,
,
,
,
,
,
,
,
,
,
,
,
,
,
,
,
,
,
,
,
,
,
,
,
,
,
,
,
,
,
,
,
,
,
,
,
,
,
,
,
,
,
,
,
,
,
,
,
,
,
,
,
,
,
,
,
,
,
,
,
,
,
,
,
,
,
,
,
,
,
,
,
,
,
,
,
,
,
,
,
,
,
,
,
,
,
,
,
,
,
,
,
,
,
,
,
,
,
,
,
,
,
,
,
,
,
,
,
,
,
,
,
,
,
,
,
,
,
,
,
,
,
,
,
,
,
,
,
,
,
,
,
,
,
,
,
,
,
,
,
,
,
,
,
,
,
,
,
,
,
,
,
,
,
,
,
,
,
,
,
,
,
,
,
,
,
,
,
,
,
,
,
,
,
,
,
,
,
,
,
,
,
,
,
,
,
,
,
,
,
,
,
,
,
,
,
,
,
,
,
,
,
,
,
,
,
,
,
,
,
,
,
,
,
,
,
,
,
,
,
,
,
,
,
,
,
,
,
,
,
,
,
,
,
,
,
,
,
,
,
,
,
,
,
,
,
,
,
,
,
,
,
,
,
,
,
,
,
,
,
,
,
,
,
,
,
,
,
,
,
,
,
,
,
,
,
,
,
,
,
,
,
,
,
,
,
,
,
,
,
,
,
,
,
,
,
,
,
,
,
,
,
,
,
,
,
,
,
,
,
,
,
,
,
,
,
,
,
,
,
,
,
,
,
,
,
,
,
,
,
,
,
,
,
,
,
,
,
,
,
,
,
,
,
,
,
,
,
,
,
,
,
,
,
,
,
,
,
,
,
,
,
,
,
,
,
,
,
,
,
,
,
,
,
,
,
,
,
,
,
,
,
,
,
,
,
,
,
,
,
,
,
,
,
,
,
,
,
,
,
,
,
,
,
,
,
,
,
,
,
,
,
,
,
,
,
,
,
,
,
,
,
,
,
,
,
,
,
,
,
,
,
,
,
,
,
,
,
,
,
,
,
,
,
,
,
,
,
,
,
,
,
,
,
,
,
,
,
,
,
,
,
,
,
,
,
,
,
,
,
,
,
,
,
,
,
,
,
,
,
,
,
,
,
,
,
,
,
,
,
,
,
,
,
,
,
,
,
,
,
,
,
,
,
,
,
,
,
,
,
,
,
,
,
,
,
,
,
,
,
,
,
,
,
,
,
,
,
,
,
,
,
,
,
,
,
,
,
,
,
,
,
,
,
,
,
,
,
,
,
,
,
,
,
,
,
,
,
,
,
,
,
,
,
,
,
,
,
,
,
,
,
,
,
,
,
,
,
,
,
,
,
,
,
,
,
,
,
,
,
,
,
,
,
,
,
,
,
,
,
,
,
,
,
,
,
,
,
,
,
,
,
,
,
,
,
,
,
,
,
,
,
,
,
,
,
,
,
,
,
,
,
,
,
,
,
,
,
,
,
,
,
,
,
,
,
,
,
,
,
,
,
,
,
,
,
,
,
,
,
,
,
,
,
,
,
,
,
,
,
,
,
,
,
,
,
,
,
,
,
,
,
,
,
,
,
,
,
,
,
,
,
,
,
,
,
,
,
,
,
,
,
,
,
,
,
,
,
,
,
,
,
,
,
,
,
,
,
,
,
,
,
,
,
,
,
,
,
,
,
,
,
,
,
,
,
,
,
,
,
,
,
,
,
,
,
,
,
,
,
,
,
,
,
,
,
,
,
,
,
,
,
,
,
,
,
,
,
,
,
,
,
,
,
,
,
,
,
,
,
,
,
,
,
,
,
,
,
,
,
,
,
,
,
,
,
,
,
,
,
,
,
,
,
,
,
,
,
,
,
,
,
,
,
,
,
,
,
,
,
,
,
,
,
,
,
,
,
,
,
,
,
,
,
,
,
,
,
,
,
,
,
,
,
,
,
,
,
,
,
,
,
,
,
,
,
,
,
,
,
,
,
,
,
,
,
,
,
,
,
,
,
,
,
,
,
,
,
,
,
,
,
,
,
,
,
,
,
,
,
,
,
,
,
,
,
,
,
,
,
,
,
,
,
,
,
,
,
,
,
,
,
,
,
,
,
,
,
,
,
,
,
,
,
,
,
,
,
,
,
,
,
,
,
,
,
,
,
,
,
,
,
,
,
,
,
,
,
,
,
,
,
,
,
,
,
,
,
,
,
,
,
,
,
,
,
,
,
,
,
,
,
,
,
,
,
,
,
,
,
,
,
,
,
,
,
,
,
,
,
,
,
,
,
,
,
,
,
,
,
,
,
,
,
,
,
,
,
,
,
,
,
,
,
,
,
,
,
,
,
,
,
,
,
,
,
,
,
,
,
,
,
,
,
,
,
,
,
,
,
,
,
,
,
,
,
,
,
,
,
,
,
,
,
,
,
,
,
,
,
,
,
,
,
,
,
,
,
,
,
,
,
,
,
,
,
,
,
,
,
,
,
,
,
,
,
,
,
,
,
,
,
,
,
,
,
,
,
,
,
,
,
,
,
,
,
,
,
,
,
,
,
,
,
,
,
,
,
,
,
,
,
,
,
,
,
,
,
,
,
,
,
,
,
,
,
,
,
,
,
,
,
,
,
,
,
,
,
,
,
,
,
,
,
,
,
,
,
,
,
,
,
,
,
,
,
,
,
,
,
,
,
,
,
,
,
,
,
,
,
,
,
,
,
,
,
,
,
,
,
,
,
,
,
,
,
,
,
,
,
,
,
,
,
,
,
,
,
,
,
,
,
,
,
,
,
,
,
,
,
,
,
,
,
,
,
,
,
,
,
,
,
,
,
,
,
,
,
,
,
,
,
,
,
,
,
,
,
,
,
,
,
,
,
,
,
,
,
,
,
,
,
,
,
,
,
,
,
,
,
,
,
,
,
,
,
,
,
,
,
,
,
,
,
,
,
,
,
,
,
,
,
,
,
,
,
,
,
,
,
,
,
,
,
,
,
,
,
,
,
,
,
,
,
,
,
,
,
,
,
,
,
,
,
,
,
,
,
,
,
,
,
,
,
,
,
,
,
,
,
,
,
,
,
,
,
,
,
,
,
,
,
,
,
,
,
,
,
,
,
,
,
,
,
,
,
,
,
,
,
,
,
,
,
,
,
,
,
,
,
,
,
,
,
,
,
,
,
,
,
,
,
,
,
,
,
,
,
,
,
,
,
,
,
,
,
,
,
,
,
,
,
,
,
,
,
,
,
,
,
,
,
,
,
,
,
,
,
,
,
,
,
,
,
,
,
,
,
,
,
,
,
,
,
,
,
,
,
,
,
,
,
,
,
,
,
,
,
,
,
,
,
,
,
,
,
,
,
,
,
,
,
,
,
,
,
,
,
,
,
,
,
,
,
,
,
,
,
,
,
,
,
,
,
,
,
,
,
,
,
,
,
,
,
,
,
,
,
,
,
,
,
,
,
,
,
,
,
,
,
,
,
,
,
,
,
,
,
,
,
,
,
,
,
,
,
,
,
,
,
,
,
,
,
,
,
,
,
,
,
,
,
,
,
,
,
,
,
,
,
,
,
,
,
,
,
,
,
,
,
,
,
,
,
,
,
,
,
,
,
,
,
,
,
,
,
,
,
,
,
,
,
,
,
,
,
,
,
,
,
,
,
,
,
,
,
,
,
,
,
,
,
,
,
,
,
,
,
,
,
,
,
,
,
,
,
,
,
,
,
,
,
,
,
,
,
,
,
,
,
,
,
,
,
,
,
,
,
,
,
,
,
,
,
,
,
,
,
,
,
,
,
,
,
,
,
,
,
,
,
,
,
,
,
,
,
,
,
,
,
,
,
,
,
,
,
,
,
,
,
,
,
,
,
,
,
,
,
,
,
,
,
,
,
,
,
,
,
,
,
,
,
,
,
,
,
,
,
,
,
,
,
,
,
,
,
,
,
,
,
,
,
,
,
,
,
,
,
,
,
,
,
,
,
,
,
,
,
,
,
,
,
,
,
,
,
,
,
,
,
,
,
,
,
,
,
,
,
,
,
,
,
,
,
,
,
,
,
,
,
,
,
,
,
,
,
,
,
,
,
,
,
,
,
,
,
,
,
,
,
,
,
,
,
,
,
,
,
,
,
,
,
,
,
,
,
,
,
,
,
,
,
,
,
,
,
,
,
,
,
,
,
,
,
,
,
,
,
,
,
,
,
,
,
,
,
,
,
,
,
,
,
,
,
,
,
,
,
,
,
,
,
,
,
,
,
,
,
,
,
,
,
,
,
,
,
,
,
,
,
,
,
,
,
,
,
,
,
,
,
,
,
,
,
,
,
,
,
,
,
,
,
,
,
,
,
,
,
,
,
,
,
,
,
,
,
,
,
,
,
,
,
,
,
,
,
,
,
,
,
,
,
,
,
,
,
,
,
,
,
,
,
,
,
,
,
,
,
,
,
,
,
,
,
,
,
,
,
,
,
,
,
,
,
,
,
,
,
,
,
,
,
,
,
,
,
,
,
,
,
,
,
,
,
,
,
,
,
,
,
,
,
,
,
,
,
,
,
,
,
,
,
,
,
,
,
,
,
,
,
,
,
,
,
,
,
,
,
,
,
,
,
,
,
,
,
,
,
,
,
,
,
,
,
,
,
,
,
,
,
,
,
,
,
,
,
,
,
,
,
,
,
,
,
,
,
,
,
,
,
,
,
,
,
,
,
,
,
,
,
,
,
,
,
,
,
,
,
,
,
,
,
,
,
,
,
,
,
,
,
,
,
,
,
,
,
,
,
,
,
,
,
,
,
,
,
,
,
,
,
,
,
,
,
,
,
,
,
,
,
,
,
,
,
,
,
,
,
,
,
,
,
,
,
,
,
,
,
,
,
,
,
,
,
,
,
,
,
,
,
,
,
,
,
,
,
,
,
,
,
,
,
,
,
,
,
,
,
,
,
,
,
,
,
,
,
,
,
,
,
,
,
,
,
,
,
,
,
,
,
,
,
,
,
,
,
,
,
,
,
,
,
,
,
,
,
,
,
,
,
,
,
,
,
,
,
,
,
,
,
,
,
,
,
,
,
,
,
,
,
,
,
,
,
,
,
,
,
,
,
,
,
,
,
,
,
,
,
,
,
,
,
,
,
,
,
,
,
,
,
,
,
,
,
,
,
,
,
,
,
,
,
,
,
,
,
,
,
,
,
,
,
,
,
,
,
,
,
,
,
,
,
,
,
,
,
,
,
,
,
,
,
,
,
,
,
,
,
,
,
,
,
,
,
,
,
,
,
,
,
,
,
,
,
,
,
,
,
,
,
,
,
,
,
,
,
,
,
,
,
,
,
,
,
,
,
,
,
,
,
,
,
,
,
,
,
,
,
,
,
,
,
,
,
,
,
,
,
,
,
,
,
,
,
,
,
,
,
,
,
,
,
,
,
,
,
,
,
,
,
,
,
,
,
,
,
,
,
,
,
,
,
,
,
,
,
,
,
,
,
,
,
,
,
,
,
,
,
,
,
,
,
,
,
,
,
,
,
,
,
,
,
,
,
,
,
,
,
,
,
,
,
,
,
,
,
,
,
,
,
,
,
,
,
,
,
,
,
,
,
,
,
,
,
,
,
,
,
,
,
,
,
,
,
,
,
,
,
,
,
,
,
,
,
,
,
,
,
,
,
,
,
,
,
,
,
,
,
,
,
,
,
,
,
,
,
,
,
,
,
,
,
,
,
,
,
,
,
,
,
,
,
,
,
,
,
,
,
,
,
,
,
,
,
,
,
,
,
,
,
,
,
,
,
,
,
,
,
,
,
,
,
,
,
,
,
,
,
,
,
,
,
,
,
,
,
,
,
,
,
,
,
,
,
,
,
,
,
,
,
,
,
,
,
,
,
,
,
,
,
,
,
,
,
,
,
,
,
,
,
,
,
,
,
,
,
,
,
,
,
,
,
,
,
,
,
,
,
,
,
,
,
,
,
,
,
,
,
,
,
,
,
,
,
,
,
,
,
,
,
,
,
,
,
,
,
,
,
,
,
,
,
,
,
,
,
,
,
,
,
,
,
,
,
,
,
,
,
,
,
,
,
,
,
,
,
,
,
,
,
,
,
,
,
,
,
,
,
,
,
,
,
,
,
,
,
,
,
,
,
,
,
,
,
,
,
,
,
,
,
,
,
,
,
,
,
,
,
,
,
,
,
,
,
,
,
,
,
,
,
,
,
,
,
,
,
,
,
,
,
,
,
,
,
,
,
,
,
,
,
,
,
,
,
,
,
,
,
,
,
,
,
,
,
,
,
,
,
,
,
,
,
,
,
,
,
,
,
,
,
,
,
,
,
,
,
,
,
,
,
,
,
,
,
,
,
,
,
,
,
,
,
,
,
,
,
,
,
,
,
,
,
,
,
,
,
,
,
,
,
,
,
,
,
,
,
,
,
,
,
,
,
,
,
,
,
,
,
,
,
,
,
,
,
,
,
,
,
,
,
,
,
,
,
,
,
,
,
,
,
,
,
,
,
,
,
,
,
,
,
,
,
,
,
,
,
,
,
,
,
,
,
,
,
,
,
,
,
,
,
,
,
,
,
,
,
,
,
,
,
,
,
,
,
,
,
,
,
,
,
,
,
,
,
,
,
,
,
,
,
,
,
,
,
,
,
,
,
,
,
,
,
,
,
,
,
,
,
,
,
,
,
,
,
,
,
,
,
,
,
,
,
,
,
,
,
,
,
,
,
,
,
,
,
,
,
,
,
,
,
,
,
,
,
,
,
,
,
,
,
,
,
,
,
,
,
,
,
,
,
,
,
,
,
,
,
,
,
,
,
,
,
,
,
,
,
,
,
,
,
,
,
,
,
,
,
,
,
,
,
,
,
,
,
,
,
,
,
,
,
,
,
,
,
,
,
,
,
,
,
,
,
,
,
,
,
,
,
,
,
,
,
,
,
,
,
,
,
,
,
,
,
,
,
,
,
,
,
,
,
,
,
,
,
,
,
,
,
,
,
,
,
,
,
,
,
,
,
,
,
,
,
2025-05-06,Msuka
2025-05-06,Msuka
2025-05-06,Msuka
2025-05-06,Msuka
2025-05-06,Msuka
2025-05-07,sahare
2025-05-08,Msuka
2025-05-08,Shangani
2025-05-12,Shangani
2025-05-12,sahare
2025-05-13,sahare
2025-05-13,sahare
2025-05-14,Shangani
2025-05-12,Kizimkazi dimbani
2025-05-19,Msuka
2025-05-19,Msuka
2025-05-19,Msuka
2025-05-19,Msuka
2025-05-20,Msuka
2025-05-20,Msuka
2025-05-20,Msuka
2025-05-20,Shangani
2025-05-21,Shangani
2025-05-21,Shangani
2025-05-24,Msuka
2025-05-24,Msuka
2025-04-28,Tanga
2025-05-08,Tanga
2025-05-08,Tanga
2025-05-12,Tanga
2025-05-12,Tanga
2025-05-13,Tanga
2025-05-13,Tanga
2025-05-14,Tanga
2025-05-20,Tanga
2025-05-20,Tanga
2025-05-20,Tanga
2025-06-01,Kizimkazi dimbani
2025-06-02,Msuka
2025-06-02,Msuka
2025-06-02,Msuka
2025-06-03,Msuka
2025-06-03,Msuka
2025-05-21,Shangani
2025-05-28,Shangani
2025-06-12,Malindi
2025-06-16,Msuka
2025-06-16,Msuka
2025-06-17,tongoni
2025-01-27,Malindi
2025-01-27,Malindi
2025-04-16,Malindi
2025-04-16,Malindi
2025-04-16,Malindi
2025-06-23,Mazizini
2025-06-23,Mazizini
2025-06-25,Mazizini
2025-06-30,Mazizini
2025-06-13,Shangani
2025-07-03,Malindi
2025-04-15,Malindi
2025-01-27,Malindi
2025-04-16,Malindi
2025-01-27,Malindi
2025-04-16,Malindi
2025-04-16,Malindi
2025-04-16,Malindi
2025-06-12,Malindi
2025-07-01,Malindi
2025-07-03,Malindi
2025-07-03,Malindi
2025-07-03,Msuka
2025-07-03,Msuka
2025-07-03,Msuka
2025-07-01,Malindi
2025-07-01,Malindi
2025-07-08,Mazizini
2025-07-08,Mazizini
2025-07-09,Somanga
2025-07-09,Somanga
2025-07-09,Msuka
2025-07-09,Moa
2025-07-08,Malindi
2025-07-09,Malindi
2025-07-10,Malindi
2025-07-10,Somanga
2025-07-12,Somanga
2025-07-12,Somanga
2025-07-12,Somanga
2025-07-12,Somanga
2025-07-14,Shangani
2025-06-13,Shangani
2025-06-13,Shangani
2025-07-14,Mazizini
2025-07-14,Mazizini
2025-07-14,Malindi
2025-07-14,Malindi
2025-07-14,Malindi
2025-07-14,Somanga
2025-07-14,Somanga
2025-07-15,Malindi
2025-07-15,Malindi
2025-07-15,Malindi
2025-07-16,sahare
2025-07-16,sahare
2025-07-15,Msuka
2025-07-16,Malindi
2025-07-16,Malindi
2025-07-16,Malindi
2025-07-16,kigombe
2025-07-14,tongoni
2025-07-16,tongoni
2025-07-17,Mazizini
2025-07-17,Mazizini
2025-07-18,Somanga
2025-07-19,Somanga
2025-07-20,Kizimkazi dimbani
2025-07-20,Kizimkazi dimbani
2025-07-20,Kizimkazi dimbani
2025-07-09,Malindi
2025-07-09,Malindi
2025-07-15,Malindi
2025-07-22,Malindi
2025-07-09,Malindi
2025-07-22,Malindi
2025-07-22,Malindi
2025-07-23,Shangani
2025-07-23,Shangani
2025-07-23,Msuka
2025-07-23,Msuka
2025-07-23,sahare
2025-07-23,sahare
2025-07-23,Somanga
2025-07-21,tongoni
2025-07-24,wesha
2025-07-24,wesha
2025-07-23,Malindi
2025-07-24,Malindi
2025-07-24,Malindi
2025-07-24,Malindi
2025-07-22,Malindi
2025-07-23,Malindi
2025-07-23,Malindi
2025-07-23,Malindi
2025-07-23,Malindi
2025-05-13,Mkokotoni
2025-05-14,Mkokotoni
2025-05-19,Mkokotoni
2025-05-19,Mkokotoni
2025-05-19,Mkokotoni
2025-05-20,Mkokotoni
2025-05-20,Mkokotoni
2025-05-21,Mkokotoni
2025-05-21,Mkokotoni
2025-05-21,Mkokotoni
2025-05-27,Mkokotoni
2025-05-29,Mkokotoni
2025-06-03,Mkokotoni
2025-06-03,Mkokotoni
2025-06-03,Mkokotoni
2025-06-04,Mkokotoni
2025-06-04,Mkokotoni
2025-06-04,Mkokotoni
2025-06-04,Mkokotoni
2025-06-17,Mkokotoni
2025-06-18,Mkokotoni
2025-06-19,Mkokotoni
2025-06-30,Mkokotoni
2025-06-30,Mkokotoni
2025-06-30,Mkokotoni
2025-07-01,Mkokotoni
2025-07-08,Mkokotoni
2025-07-08,Mkokotoni
2025-07-09,Mkokotoni
2025-07-15,Mkokotoni
2025-07-15,Mkokotoni
2025-07-16,Mkokotoni
2025-07-16,Mkokotoni
2025-07-16,Mkokotoni
2025-07-21,Mkokotoni
2025-07-22,Mkokotoni
2025-07-22,Mkokotoni
2025-07-23,Mkokotoni
2025-07-25,Shangani
2025-07-24,Shangani
2025-07-26,Somanga
2025-07-27,Kizimkazi dimbani
2025-07-16,Moa
2025-07-16,Moa
2025-07-21,Moa
2025-07-21,Moa
2025-07-22,Moa
2025-07-23,Moa
2025-07-23,Moa
2025-07-28,Moa
2025-06-30,Tanga
2025-06-30,Tanga
2025-07-28,Somanga
2025-07-29,Moa
2025-07-29,Moa
2025-07-29,Somanga
2025-07-30,tongoni
2025-07-30,tongoni
2025-07-30,tongoni
2025-07-21,tongoni
2025-07-30,sahare
2025-07-31,Shangani
2025-07-31,Somanga
2025-07-31,Malindi
2025-07-31,Malindi
2025-07-31,Malindi
2025-07-31,Malindi
2025-07-31,Malindi
2025-07-28,Malindi
2025-07-28,Malindi
2025-07-28,Malindi
2025-07-28,Malindi
2025-07-29,Malindi
2025-07-29,Malindi
2025-07-29,Malindi
2025-07-29,Malindi
2025-07-31,Malindi
2025-07-31,Malindi
2025-07-31,Malindi
2025-07-31,Malindi
2025-07-31,Msuka
2025-07-31,Msuka
2025-08-04,Mkokotoni
2025-08-04,Mkokotoni
2025-08-04,Malindi
2025-08-04,Malindi
2025-08-05,Malindi
2025-08-05,Malindi
2025-08-05,Malindi
2025-08-03,Shangani
2025-08-04,Mkokotoni
2025-08-06,tongoni
2025-07-30,tongoni
2025-08-07,Malindi
2025-08-07,Malindi
2025-08-07,Malindi
2025-08-07,Mtangani
2025-08-07,kigombe
2025-08-08,Somanga
2025-08-11,Moa
2025-08-11,Moa
2025-08-13,Shangani
2025-08-13,Shangani
2025-08-12,sahare
2025-08-13,Mazizini
2025-08-14,Shangani
2025-08-11,Mkokotoni
2025-08-11,Mkokotoni
2025-08-12,Mkokotoni
2025-08-13,Mkokotoni
2025-08-14,Somanga
2025-08-15,Somanga
2025-08-16,Somanga
2025-08-18,Malindi
2025-08-18,Malindi
2025-08-18,Malindi
2025-08-18,Malindi
2025-08-18,Malindi
2025-07-22,Malindi
2025-07-22,Malindi
2025-07-22,Malindi
2025-07-22,Malindi
2025-08-12,Malindi
2025-08-12,Malindi
2025-08-19,Mkokotoni
2025-08-19,Mkokotoni
2025-08-19,Mkokotoni
2025-08-19,Msuka
2025-08-19,Msuka
2025-08-20,Shangani
2025-08-20,Malindi
2025-08-20,Malindi
2025-08-20,Malindi
2025-08-20,Malindi
2025-08-19,Malindi
2025-08-19,Malindi
2025-08-19,Malindi
2025-08-19,Malindi
2025-08-19,Malindi
2025-08-20,Malindi
2025-08-20,Msuka
2025-08-20,Mkokotoni
2025-08-20,Mkokotoni
2025-08-20,Mkokotoni
2025-08-19,Kizimkazi dimbani
2025-08-19,Kizimkazi dimbani
2025-08-19,Kizimkazi dimbani
2025-08-20,Mazizini
2025-08-20,Mazizini
2025-08-20,Mazizini
2025-08-21,Shangani
2025-08-18,Moa
2025-08-18,Moa
2025-08-25,Mkokotoni
2025-08-25,Mkokotoni
2025-08-25,Mkokotoni
2025-08-25,Malindi
2025-08-25,Malindi
2025-08-25,Malindi
2025-08-25,Malindi
2025-08-26,Shangani
2025-08-27,Shangani
2025-08-27,Shangani
2025-08-27,Malindi
2025-08-27,Malindi
2025-08-27,Mazizini
2025-08-27,kigombe
2025-08-27,Mtangani
2025-08-27,sahare
2025-08-29,Somanga
2025-08-29,Somanga
2025-08-29,Somanga
2025-08-30,Somanga
2025-09-01,Msuka
2025-09-01,Msuka
2025-09-02,Mkokotoni
2025-09-02,Mazizini
2025-09-02,Moa
2025-09-02,Moa
2025-09-02,Moa
2025-09-02,Somanga
2025-09-02,Somanga
2025-09-02,Somanga
2025-09-01,Malindi
2025-09-01,Malindi
2025-09-01,Malindi
2025-09-01,Malindi
2025-09-01,Malindi
2025-09-02,Malindi
2025-09-02,Malindi
2025-09-02,Malindi
2025-09-01,Malindi
2025-09-03,Shangani
2025-09-03,Somanga
2025-09-03,Mazizini
2025-09-03,Somanga
2025-09-03,Msuka
2025-09-02,kigombe
2025-09-02,kigombe
2025-09-04,Malindi
2025-09-01,Malindi
2025-07-22,Malindi
2025-09-01,Malindi
2025-09-04,Moa
2025-09-03,Moa
2025-09-08,Somanga
2025-09-09,Somanga
2025-09-10,Shangani
2025-09-10,Shangani
2025-09-10,Mkokotoni
2025-09-11,wesha
2025-09-11,Shangani
2025-09-11,Shangani
2025-09-12,Shangani
2025-09-12,Shangani
2025-09-13,Somanga
2025-09-15,Mkokotoni
2025-09-15,Mkokotoni
2025-09-15,Mkokotoni
2025-09-15,Somanga
2025-09-16,Mkokotoni
2025-09-16,Mkokotoni
2025-09-16,Mkokotoni
2025-09-16,Somanga
2025-09-16,Msuka
2025-09-16,Msuka
2025-09-16,Somanga
2025-09-16,Somanga
2025-09-09,Moa
2025-09-09,Moa
2025-09-15,Moa
2025-09-15,Moa
2025-09-17,Moa
2025-09-16,Malindi
2025-09-16,Malindi
2025-09-16,Malindi
2025-09-17,Malindi
2025-09-17,Msuka
2025-09-17,Mazizini
2025-09-20,Shangani
2025-09-20,Shangani
2025-09-20,Shangani
2025-09-23,Somanga
2025-09-23,Moa
2025-09-23,kigombe
2025-09-23,kigombe
2025-09-23,kigombe
2025-09-24,Somanga
2025-09-24,Somanga
2025-09-25,wesha
2025-09-24,Shangani
2025-09-25,Somanga
2025-09-25,Msuka
2025-09-25,Somanga
2025-09-29,Mkokotoni
2025-09-30,Mkokotoni
2025-09-30,Mkokotoni
2025-09-30,Somanga
2025-09-30,Somanga
2025-09-30,Somanga
2025-10-01,Somanga
2025-10-01,Somanga
2025-10-01,Msuka
2025-10-01,Msuka
2025-09-30,kigombe
2025-09-30,kigombe
2025-09-25,Malindi
2025-09-25,Malindi
2025-09-30,Malindi
2025-09-30,Malindi
2025-09-30,Malindi
2025-10-01,Malindi
2025-10-01,Malindi
2025-10-02,Shangani
2025-10-02,Msuka
2025-10-06,Malindi
2025-08-19,Malindi
2025-10-06,sahare
2025-10-06,Malindi
2025-10-07,Malindi
2025-10-07,Mkokotoni
2025-10-08,Mkokotoni
2025-10-08,Malindi
2025-10-08,Malindi
2025-10-08,Malindi
2025-10-08,Malindi
2025-10-08,Somanga
2025-10-07,kigombe
2025-09-18,tongoni
2025-10-10,Somanga
2025-10-08,Mkokotoni
2025-10-11,Somanga
2025-10-13,Shangani
2025-09-01,kigombe
2025-10-15,Mkokotoni
2025-10-15,Msuka
2025-10-15,Msuka
2025-10-15,Msuka
2025-10-16,Msuka
2025-10-16,Somanga
2025-10-16,Somanga
2025-10-16,Somanga
2025-10-15,sahare
2025-10-15,Malindi
2025-10-15,Malindi
2025-10-15,Malindi
2025-10-15,Malindi
2025-10-16,Malindi
2025-10-16,Malindi
2025-10-16,Malindi
2025-10-16,Malindi
2025-10-16,Malindi
2025-10-17,Shangani
2025-10-17,Shangani
2025-10-17,Shangani
2025-10-17,Somanga
