Index,landing_site
,
,
,
2021-04-17,nungwi
2021-04-17,nungwi
,
,
,
,
,
,
,
,
2021-07-15,kizimkazi dimbani
2021-07-15,kizimkazi dimbani
2021-07-15,kizimkazi dimbani
2021-07-15,kizimkazi dimbani
2021-07-19,kizimkazi dimbani
2021-07-19,kizimkazi dimbani
,
,
,
,
2021-07-21,kizimkazi dimbani
2021-07-21,kizimkazi dimbani
2021-07-21,kizimkazi dimbani
2021-07-22,kizimkazi dimbani
2021-07-22,kizimkazi dimbani
2021-07-22,kizimkazi dimbani
2021-07-22,kizimkazi dimbani
,
2021-07-29,kizimkazi dimbani
,
,
,
,
,
,
,
,
,
,
,
,
,
,
,
,
2021-08-04,kizimkazi dimbani
2021-08-04,kizimkazi dimbani
2021-08-04,kizimkazi dimbani
2021-08-04,kizimkazi dimbani
,
,
,
2021-08-05,kizimkazi dimbani
2021-08-05,kizimkazi dimbani
,
,
,
,
,
,
,
,
,
,
,
,
,
,
,
2021-08-09,kizimkazi dimbani
,
,
,
2021-08-09,mazizini
,
,
,
,
,
,
,
,
,
,
,
,
,
,
,
,
,
,
,
,
,
2021-08-11,kizimkazi dimbani
2021-08-11,kizimkazi dimbani
2021-08-10,tumbuyu
,
,
,
,
,
,
,
,
,
,
2021-08-12,kizimkazi dimbani
,
2021-08-16,kizimkazi dimbani
2021-08-16,kizimkazi dimbani
,
,
,
,
,
,
,
,
,
,
,
2021-08-17,kukuu
,
,
,
,
,
,
2021-08-17,tumbuyu
,
,
,
,
,
,
,
,
2021-08-22,sumbauranga
,
,
,
,
,
,
,
2021-08-23,kizimkazi dimbani
,
,
,
,
,
,
,
,
,
,
,
,
,
,
,
,
,
,
,
,
,
,
,
,
,
,
,
2021-08-28,tumbuyu
,
2021-08-30,kizimkazi dimbani
2021-08-30,kizimkazi dimbani
,
,
2021-08-30,kizimkazi dimbani
,
,
,
,
,
,
,
,
,
,
,
,
,
,
,
,
,
2021-08-30,kizimkazi dimbani
2021-08-30,kizimkazi dimbani
,
,
,
,
,
,
,
,
,
,
,
,
,
,
,
,
,
,
,
,
,
,
,
,
,
,
,
,
,
,
,
2021-09-01,kizimkazi dimbani
,
,
,
,
,
2021-09-02,kizimkazi dimbani
2021-09-02,kizimkazi dimbani
2021-09-02,kizimkazi dimbani
,
,
,
,
,
,
2021-08-28,tumbuyu
,
,
,
,
,
,
,
,
,
,
,
,
,
,
,
,
,
,
,
,
,
,
,
,
2021-09-07,sumbauranga
,
,
,
,
,
2021-09-08,kizimkazi dimbani
,
,
,
,
,
,
,
,
,
,
,
,
,
,
,
,
,
,
,
,
,
,
,
,
,
,
,
,
,
2021-09-13,kizimkazi dimbani
2021-09-13,kizimkazi dimbani
2021-09-13,kizimkazi dimbani
,
,
,
,
,
,
,
,
,
,
,
,
,
,
,
,
,
,
,
,
,
,
,
,
,
,
,
,
,
,
,
,
,
,
2021-09-16,kizimkazi dimbani
,
,
,
,
,
,
,
,
,
,
,
,
2021-09-20,kizimkazi dimbani
2021-09-20,kizimkazi dimbani
,
,
,
,
,
,
,
,
,
,
,
,
,
,
,
,
,
,
,
,
,
,
2021-09-27,kizimkazi dimbani
2021-09-27,kizimkazi dimbani
2021-09-27,kizimkazi dimbani
,
,
,
,
,
,
,
,
,
,
,
,
,
,
,
,
,
,
,
,
,
,
,
,
,
,
,
,
,
,
,
,
2021-09-30,kizimkazi dimbani
,
,
,
,
,
,
,
,
,
,
,
2021-10-01,nungwi
,
,
,
,
,
,
,
,
,
,
,
,
,
,
,
,
,
,
,
,
,
,
,
,
,
,
,
,
,
,
,
,
2021-10-06,mazizini
,
,
,
,
,
,
,
,
,
,
,
,
,
2021-10-08,nungwi
,
2021-10-06,kukuu
,
,
,
,
,
,
,
,
,
,
,
,
,
,
,
,
,
,
,
,
,
,
,
,
,
,
,
,
,
,
,
,
,
,
,
,
,
,
,
,
,
,
,
,
,
,
,
,
,
,
,
,
,
,
,
,
,
,
,
,
,
,
,
,
,
,
,
,
,
,
,
,
,
,
,
,
,
2021-10-21,msuka
2021-10-21,msuka
,
,
,
,
,
2021-10-25,msuka
,
,
,
,
,
,
,
,
,
,
,
,
,
,
2021-10-28,msuka
2021-10-28,msuka
2021-10-28,msuka
2021-10-28,msuka
2021-10-28,msuka
2021-10-28,msuka
,
,
,
2021-11-01,msuka
2021-11-01,msuka
2021-11-01,msuka
,
,
,
,
,
,
,
,
,
,
,
,
,
,
,
,
,
,
,
,
,
,
,
,
,
,
,
,
,
,
,
,
,
,
,
,
,
,
,
,
2021-11-03,msuka
2021-11-03,msuka
2021-11-03,msuka
2021-11-03,msuka
,
,
,
,
,
2021-11-03,mazizini
,
,
2021-11-04,msuka
2021-11-04,msuka
,
,
,
,
,
,
,
,
,
,
,
,
,
,
,
,
,
,
,
,
,
,
2021-11-10,msuka
2021-11-10,msuka
2021-11-10,msuka
2021-11-10,msuka
,
,
,
2021-11-11,msuka
,
2021-11-10,sumbauranga
2021-11-10,sumbauranga
2021-11-10,sumbauranga
,
,
,
,
,
,
,
,
,
,
,
,
,
,
,
,
,
,
,
,
,
,
,
,
,
,
2021-11-15,msuka
,
,
,
,
,
,
,
,
,
,
,
,
,
,
,
,
,
,
,
,
,
,
,
,
2021-11-17,msuka
2021-11-17,msuka
,
,
,
,
,
,
2021-11-18,msuka
2021-10-18,tumbuyu
,
,
,
2021-11-22,kizimkazi dimbani
,
,
,
,
,
,
,
,
,
,
,
,
,
,
,
,
,
2021-11-22,msuka
2021-11-22,msuka
,
,
,
,
,
,
,
,
,
,
,
,
,
,
,
,
,
,
,
,
,
,
,
,
,
,
,
,
,
,
,
,
,
,
,
,
,
,
,
,
,
,
,
2021-11-10,kukuu
,
2021-11-19,sumbauranga
2021-11-19,sumbauranga
2021-11-19,sumbauranga
2021-11-19,sumbauranga
2021-11-21,sumbauranga
2021-11-21,sumbauranga
2021-11-21,sumbauranga
2021-11-22,sumbauranga
2021-11-22,sumbauranga
2021-11-22,sumbauranga
2021-11-22,sumbauranga
2021-11-24,tumbuyu
2021-09-30,tumbuyu
,
,
,
,
,
,
,
,
2021-11-29,msuka
2021-11-29,msuka
,
,
,
,
,
2021-11-29,kizimkazi dimbani
2021-11-29,kizimkazi dimbani
,
,
,
,
,
,
,
,
,
,
,
,
,
,
,
,
,
,
2021-12-01,msuka
2021-12-01,msuka
2021-12-01,msuka
2021-12-02,kizimkazi dimbani
2021-12-02,kizimkazi dimbani
2021-12-02,msuka
,
,
,
,
,
,
,
2021-12-08,kizimkazi dimbani
,
,
,
,
2021-12-08,msuka
2021-12-08,msuka
2021-12-09,kizimkazi dimbani
2021-12-09,kizimkazi dimbani
2021-12-09,kizimkazi dimbani
,
,
,
,
,
,
,
,
,
,
,
,
,
2021-12-13,msuka
,
,
,
,
,
,
,
,
,
,
,
,
,
,
,
,
,
,
,
,
,
,
,
,
,
,
,
2021-12-15,msuka
,
,
,
,
,
,
,
,
,
,
,
,
2021-12-16,kizimkazi dimbani
,
,
,
,
,
2021-12-16,msuka
,
,
2021-12-18,sumbauranga
2021-12-18,sumbauranga
2021-12-18,sumbauranga
2021-12-17,sumbauranga
2021-12-17,sumbauranga
2021-12-17,sumbauranga
2021-12-17,sumbauranga
,
,
,
,
,
,
,
,
,
,
,
,
,
,
,
,
,
,
,
,
,
,
,
,
,
,
,
2021-12-22,msuka
2021-12-22,msuka
,
2021-12-22,sumbauranga
2021-12-22,sumbauranga
2021-12-22,sumbauranga
2021-12-20,sumbauranga
,
2022-01-03,kizimkazi dimbani
,
2022-01-03,mazizini
,
,
,
,
,
2022-01-04,mazizini
2022-01-04,mazizini
2022-01-04,mazizini
,
,
,
,
,
,
,
,
,
2022-01-05,msuka
2022-01-06,kizimkazi dimbani
,
2022-01-06,msuka
,
2022-01-05,kizimkazi dimbani
,
,
2022-01-10,kizimkazi dimbani
2022-01-10,kizimkazi dimbani
2022-01-10,msuka
2022-01-10,msuka
2022-01-10,msuka
2022-01-10,msuka
,
,
,
,
,
,
2021-12-20,sumbauranga
2021-12-20,sumbauranga
,
,
,
,
,
,
,
,
,
,
,
,
,
,
,
,
,
,
,
,
,
,
,
,
,
,
2022-01-12,mazizini
,
2022-01-13,msuka
2022-01-13,msuka
,
,
,
,
2022-01-16,sumbauranga
2022-01-16,sumbauranga
2022-01-16,sumbauranga
,
,
,
,
,
,
,
,
2022-01-17,msuka
,
,
,
,
,
,
2021-11-24,shangani
2021-11-24,shangani
2021-11-24,shangani
2021-11-29,shangani
2021-11-29,shangani
2021-11-29,shangani
2021-12-01,shangani
2021-12-01,shangani
2021-12-01,shangani
2021-12-13,shangani
2021-12-13,shangani
2021-12-15,shangani
2021-12-21,shangani
2021-11-12,shangani
2021-11-12,shangani
2021-11-13,shangani
2021-11-13,shangani
2021-11-13,shangani
2021-12-06,shangani
2021-10-21,shangani
2021-10-22,shangani
2021-10-27,shangani
2021-10-08,shangani
2021-10-04,shangani
2021-10-06,shangani
2021-10-13,shangani
2021-10-13,shangani
2021-10-13,shangani
2021-09-22,shangani
2021-09-22,shangani
2021-09-13,shangani
2021-09-27,shangani
2021-09-27,shangani
2021-08-30,shangani
2021-08-30,shangani
,
2022-01-19,msuka
,
,
,
,
,
,
,
,
,
,
2022-01-19,mazizini
,
,
,
,
,
,
,
2022-01-24,kizimkazi dimbani
2022-01-24,kizimkazi dimbani
2022-01-24,kizimkazi dimbani
2022-01-24,kizimkazi dimbani
,
,
,
,
,
,
,
,
,
,
,
2022-01-26,kizimkazi dimbani
2022-01-26,kizimkazi dimbani
2021-08-11,shangani
2021-08-11,shangani
2021-08-16,shangani
2021-08-16,shangani
2021-08-20,shangani
2021-08-20,shangani
2021-09-01,shangani
2021-09-01,shangani
2021-09-01,shangani
2021-09-03,shangani
2021-09-03,shangani
2021-09-03,shangani
2022-01-24,shangani
2022-01-24,shangani
2022-01-27,kizimkazi dimbani
2022-01-27,kizimkazi dimbani
,
,
,
,
,
2022-01-31,kizimkazi dimbani
,
,
,
,
,
2022-02-01,msuka
,
,
,
,
,
,
,
,
,
,
,
,
,
2022-02-02,kizimkazi dimbani
,
,
,
,
,
,
,
2022-02-03,msuka
2022-02-03,msuka
,
,
2022-02-07,kizimkazi dimbani
2022-02-07,kizimkazi dimbani
,
,
,
,
,
,
,
,
,
,
,
,
,
,
,
,
,
,
,
,
,
,
2022-02-08,msuka
2022-02-08,msuka
2022-02-09,kizimkazi dimbani
2022-02-09,kizimkazi dimbani
2022-02-09,kizimkazi dimbani
2022-02-09,kizimkazi dimbani
,
,
,
,
,
,
,
,
2022-02-14,kizimkazi dimbani
2022-02-14,kizimkazi dimbani
,
,
,
,
,
,
,
,
,
2022-02-16,kizimkazi dimbani
2022-02-16,kizimkazi dimbani
,
,
,
,
,
2022-02-17,msuka
2022-02-18,mazizini
2022-02-21,kizimkazi dimbani
2022-02-21,kizimkazi dimbani
,
,
,
,
,
,
,
,
,
,
,
2022-02-15,shangani
2022-02-15,shangani
,
,
,
,
,
2022-02-23,kizimkazi dimbani
2022-02-23,kizimkazi dimbani
2022-02-23,kizimkazi dimbani
2022-02-28,kizimkazi dimbani
2022-03-01,bwawani
2022-03-01,bwawani
2022-03-01,bwawani
2022-03-01,bwawani
2022-03-01,bwawani
2022-03-01,bwawani
2022-03-01,bwawani
2022-03-01,bwawani
2022-03-01,msuka
2022-03-01,msuka
2022-03-01,msuka
2022-03-01,msuka
,
2022-03-03,kizimkazi dimbani
2022-03-03,msuka
2022-03-03,msuka
2022-03-03,msuka
2022-03-03,msuka
2022-03-04,shangani
,
,
,
,
,
,
2022-03-08,msuka
2022-03-08,bwawani
2022-03-08,bwawani
2022-03-08,bwawani
2022-03-08,bwawani
2022-03-08,bwawani
2022-03-08,bwawani
2022-03-08,bwawani
2022-03-08,bwawani
2022-03-08,bwawani
2022-03-08,bwawani
2022-03-08,bwawani
2022-03-08,bwawani
2022-03-08,bwawani
2022-03-09,kizimkazi dimbani
,
,
2022-03-10,msuka
2022-03-10,msuka
2022-03-10,msuka
2022-03-10,msuka
2022-03-10,msuka
2022-03-09,shangani
2022-03-08,bwawani
2022-03-14,bwawani
2022-03-14,bwawani
2022-03-14,bwawani
2022-03-14,bwawani
2022-03-14,bwawani
2022-03-14,bwawani
2022-03-14,bwawani
2022-03-14,bwawani
,
2022-03-12,shangani
2022-03-14,kizimkazi dimbani
2022-03-08,bwawani
2022-03-15,bwawani
2022-03-15,bwawani
2022-03-15,bwawani
2022-03-15,bwawani
2022-03-15,bwawani
2022-03-15,bwawani
2022-03-15,bwawani
2022-03-15,bwawani
2022-03-15,bwawani
,
,
2022-03-15,msuka
2022-03-15,msuka
2022-03-15,msuka
2022-03-15,msuka
2022-03-07,tumbuyu
,
2022-03-08,bwawani
2022-03-08,bwawani
2022-03-08,bwawani
2022-03-08,bwawani
2022-03-08,bwawani
2022-03-08,bwawani
2022-03-21,shangani
2022-03-21,shangani
,
2022-03-22,bwawani
2022-03-22,bwawani
2022-03-22,bwawani
2022-03-22,bwawani
2022-03-22,bwawani
2022-03-22,bwawani
2022-03-22,bwawani
2022-03-22,bwawani
2022-03-24,msuka
,
2022-03-24,msuka
2022-03-24,msuka
2022-03-24,kizimkazi dimbani
2022-03-24,kizimkazi dimbani
2022-03-24,kizimkazi dimbani
2022-03-24,kizimkazi dimbani
2022-03-20,tumbuyu
2022-03-23,shangani
2022-03-26,shangani
,
,
2022-03-28,kizimkazi dimbani
2022-03-22,bwawani
2022-03-22,bwawani
2022-03-29,bwawani
2022-03-29,bwawani
,
2022-03-29,msuka
,
2022-03-29,msuka
2022-03-29,msuka
2022-03-29,msuka
2022-03-29,bwawani
2022-03-29,bwawani
2022-03-29,bwawani
2022-03-31,msuka
2022-03-31,msuka
2022-03-31,mazizini
2022-03-31,mazizini
,
2022-04-04,bwawani
2022-04-04,bwawani
2022-04-04,bwawani
2022-04-04,bwawani
2022-04-04,bwawani
2022-03-29,bwawani
2022-03-29,bwawani
2022-03-29,bwawani
2022-04-04,bwawani
2022-04-04,bwawani
2022-04-05,msuka
2022-04-03,shangani
2022-04-03,shangani
2022-04-07,kizimkazi dimbani
2022-04-07,kizimkazi dimbani
,
,
2022-04-07,msuka
,
,
,
2022-04-07,msuka
2022-03-29,bwawani
2022-03-29,bwawani
2022-03-29,bwawani
2022-03-29,bwawani
2022-04-11,bwawani
2022-04-07,tanga
,
,
2022-04-12,tanga
2022-03-29,bwawani
2022-03-29,bwawani
2022-04-11,bwawani
2022-04-11,bwawani
2022-04-11,bwawani
2022-04-14,kizimkazi dimbani
,
,
,
,
,
,
,
,
,
2022-04-19,shangani
2022-04-19,shangani
2022-04-20,kizimkazi dimbani
2022-04-20,kizimkazi dimbani
,
2022-04-21,msuka
2022-04-22,shangani
2022-04-25,bwawani
2022-04-25,bwawani
2022-04-25,bwawani
2022-04-11,bwawani
2022-04-11,bwawani
,
,
,
2022-04-26,kizimkazi dimbani
2022-04-26,kizimkazi dimbani
,
,
,
,
2022-04-30,tanga
2022-05-09,kizimkazi dimbani
2022-05-09,kizimkazi dimbani
2022-05-09,kizimkazi dimbani
2022-05-09,kizimkazi dimbani
2022-05-09,shangani
2022-05-10,msuka
2022-05-10,msuka
2022-05-10,msuka
2022-05-11,tanga
2022-05-11,shangani
2022-05-12,msuka
2022-05-12,msuka
2022-05-12,msuka
2022-05-12,msuka
2022-05-12,msuka
2022-05-12,msuka
2022-05-12,msuka
2022-04-11,bwawani
2022-04-11,bwawani
2022-04-11,bwawani
2022-04-11,nungwi
2022-05-16,bwawani
2022-05-16,bwawani
2022-05-18,msuka
2022-05-17,tanga
2022-05-18,shangani
2022-05-19,shangani
2022-05-20,shangani
2022-05-20,shangani
2022-05-16,bwawani
2022-05-16,bwawani
2022-05-16,bwawani
2022-05-16,bwawani
2022-05-16,bwawani
2022-05-16,bwawani
2022-05-16,bwawani
2022-05-16,bwawani
2022-05-16,bwawani
2022-05-16,bwawani
2022-05-23,tanga
2022-05-23,tanga
2022-05-23,shangani
2022-05-23,shangani
2022-05-24,kizimkazi dimbani
2022-05-19,mkokotoni
2022-05-24,kizimkazi dimbani
2022-05-23,bwawani
2022-05-23,bwawani
2022-05-23,bwawani
2022-05-23,bwawani
2022-05-23,bwawani
2022-05-23,bwawani
2022-05-23,bwawani
2022-05-23,bwawani
2022-05-24,msuka
2022-05-25,mkokotoni
2022-05-25,mkokotoni
2022-05-25,mkokotoni
2022-05-25,kizimkazi dimbani
2022-05-25,mkokotoni
2022-05-26,msuka
2022-05-26,msuka
2022-05-26,msuka
2022-05-26,msuka
2022-05-26,msuka
2022-05-26,msuka
2022-05-23,bwawani
2022-05-23,bwawani
2022-05-23,bwawani
2022-05-30,kizimkazi dimbani
2022-05-30,kizimkazi dimbani
2022-05-31,bwawani
2022-05-31,bwawani
2022-05-31,bwawani
2022-05-31,msuka
2022-05-31,msuka
2022-05-31,msuka
2022-05-31,msuka
2022-05-31,msuka
2022-05-31,msuka
2022-05-30,mkokotoni
2022-05-31,bwawani
2022-05-31,bwawani
2022-05-31,bwawani
2022-05-31,bwawani
2022-06-02,msuka
2022-06-02,msuka
2022-06-07,msuka
2022-06-07,tanga
2022-06-07,tanga
2022-06-09,kizimkazi dimbani
2022-06-09,msuka
2022-06-09,msuka
2022-06-09,msuka
2022-06-09,msuka
2022-06-09,msuka
2022-06-09,msuka
2022-05-31,bwawani
2022-05-31,bwawani
2022-05-31,bwawani
2022-06-13,bwawani
2022-06-13,bwawani
2022-06-13,bwawani
2022-06-14,kizimkazi dimbani
2022-06-14,kizimkazi dimbani
2022-06-14,kizimkazi dimbani
2022-06-14,kizimkazi dimbani
2022-06-14,kizimkazi dimbani
2022-05-31,bwawani
2022-05-31,bwawani
2022-05-31,bwawani
2022-06-14,msuka
2022-06-14,msuka
2022-06-14,msuka
2022-06-14,msuka
2022-06-16,msuka
2022-05-31,bwawani
2022-05-31,bwawani
2022-05-31,bwawani
2022-06-20,shangani
2022-06-20,shangani
2022-06-21,kizimkazi dimbani
2022-06-21,msuka
2022-06-21,msuka
2022-06-21,bwawani
2022-06-21,bwawani
2022-06-21,bwawani
2022-06-21,bwawani
2022-06-20,tanga
2022-06-21,tanga
2022-06-21,tanga
2022-06-21,tanga
2022-06-21,tanga
2022-06-22,tanga
2022-06-23,msuka
2022-06-23,msuka
2022-06-21,bwawani
2022-06-21,bwawani
2022-06-27,shangani
2022-06-27,shangani
2022-06-23,msuka
2022-06-23,msuka
2022-06-21,bwawani
2022-06-21,bwawani
2022-06-21,bwawani
2022-06-28,msuka
2022-06-28,msuka
2022-06-21,bwawani
2022-06-21,bwawani
2022-06-29,bwawani
2022-06-29,bwawani
2022-06-29,bwawani
2022-06-29,bwawani
2022-06-29,bwawani
2022-07-04,kizimkazi dimbani
2022-07-04,kizimkazi dimbani
2022-06-21,bwawani
2022-06-29,bwawani
2022-06-29,bwawani
2022-06-29,bwawani
2022-06-29,bwawani
2022-07-04,bwawani
2022-07-04,bwawani
2022-07-04,bwawani
2022-07-04,bwawani
2022-07-04,bwawani
2022-07-05,msuka
2022-07-05,msuka
2022-07-05,msuka
2022-07-05,msuka
2022-07-05,msuka
2022-06-21,bwawani
2022-06-21,bwawani
2022-06-21,bwawani
2022-06-21,bwawani
2022-06-21,bwawani
2022-07-04,bwawani
2022-07-04,bwawani
2022-07-04,bwawani
2022-07-05,msuka
2022-07-06,kizimkazi dimbani
2022-07-06,kizimkazi dimbani
2022-07-04,bwawani
2022-07-04,bwawani
2022-07-04,bwawani
2022-07-04,bwawani
2022-07-04,bwawani
2022-07-07,msuka
2022-07-07,msuka
2022-07-07,msuka
2022-07-07,msuka
2022-07-12,msuka
2022-07-12,msuka
2022-06-14,tanga
2022-06-14,tanga
,
,
,
,
2022-07-14,kizimkazi dimbani
2022-07-14,kizimkazi dimbani
2022-07-14,kizimkazi dimbani
2022-07-14,msuka
2022-07-14,msuka
2022-07-05,shangani
2022-07-05,shangani
2022-07-11,shangani
2022-07-11,shangani
2022-07-15,shangani
2022-07-15,shangani
2022-07-15,shangani
2022-07-15,shangani
2022-07-04,bwawani
2022-07-04,bwawani
2022-07-04,bwawani
2022-07-18,tanga
,
,
2022-07-19,bwawani
2022-07-19,bwawani
2022-07-19,bwawani
2022-07-19,bwawani
2022-07-19,bwawani
2022-07-19,msuka
2022-07-19,msuka
2022-07-19,msuka
2022-07-20,kizimkazi dimbani
2022-07-20,kizimkazi dimbani
2022-07-20,kizimkazi dimbani
2022-07-20,kizimkazi dimbani
2022-07-20,kizimkazi dimbani
2022-07-19,bwawani
2022-07-19,bwawani
2022-07-21,msuka
2022-07-21,msuka
2022-07-21,msuka
2022-07-25,kizimkazi dimbani
2022-07-19,bwawani
2022-07-19,bwawani
2022-07-19,bwawani
2022-07-28,msuka
2022-07-28,msuka
2022-07-28,msuka
2022-07-28,msuka
2022-07-28,msuka
2022-07-28,msuka
2022-07-29,kizimkazi dimbani
2022-07-29,kizimkazi dimbani
2022-07-29,kizimkazi dimbani
2022-07-19,bwawani
2022-07-26,bwawani
2022-08-02,bwawani
2022-08-02,bwawani
2022-08-02,bwawani
2022-08-02,bwawani
2022-08-02,bwawani
2022-08-03,bwawani
2022-08-03,bwawani
2022-08-03,bwawani
2022-07-26,bwawani
2022-07-26,bwawani
2022-07-26,bwawani
2022-07-26,bwawani
2022-08-09,bwawani
2022-07-21,shangani
2022-07-22,shangani
2022-07-22,shangani
2022-07-28,shangani
2022-07-28,shangani
2022-08-01,shangani
2022-08-09,shangani
2022-08-09,shangani
2022-07-26,bwawani
2022-07-26,bwawani
2022-08-11,tanga
2022-08-13,tanga
2022-08-17,msuka
2022-08-17,bwawani
2022-08-17,bwawani
2022-08-17,bwawani
2022-08-17,bwawani
2022-08-17,bwawani
2022-08-17,bwawani
2022-08-17,bwawani
2022-08-17,bwawani
2022-08-17,bwawani
2022-08-17,bwawani
2022-08-17,bwawani
2022-08-17,bwawani
2022-08-17,bwawani
2022-08-18,msuka
2022-08-18,msuka
2022-08-18,msuka
2022-08-18,msuka
2022-08-18,msuka
2022-08-22,kizimkazi dimbani
2022-08-22,kizimkazi dimbani
2022-08-22,kizimkazi dimbani
2022-08-22,kizimkazi dimbani
2022-08-22,msuka
2022-08-22,bwawani
2022-08-22,bwawani
2022-08-22,bwawani
2022-08-22,bwawani
2022-08-22,bwawani
2022-08-22,bwawani
2022-08-22,bwawani
2022-08-22,bwawani
2022-08-17,shangani
2022-08-17,shangani
2022-08-22,shangani
2022-08-25,kizimkazi dimbani
2022-08-30,kizimkazi dimbani
2022-09-05,tanga
2022-07-26,bwawani
2022-09-05,bwawani
2022-09-05,bwawani
2022-09-05,bwawani
2022-09-05,bwawani
2022-09-05,bwawani
2022-09-05,bwawani
2022-09-05,bwawani
2022-09-05,kizimkazi dimbani
2022-09-05,bwawani
2022-09-05,bwawani
2022-09-05,bwawani
2022-09-05,bwawani
2022-08-30,shangani
2022-08-30,shangani
2022-08-31,shangani
2022-09-05,shangani
2022-09-06,bwawani
2022-09-06,bwawani
2022-09-06,bwawani
2022-09-06,bwawani
2022-09-06,bwawani
2022-09-06,bwawani
2022-09-06,bwawani
2022-09-08,kizimkazi dimbani
2022-09-08,kizimkazi dimbani
2022-09-08,msuka
2022-09-08,msuka
2022-09-08,msuka
2022-09-08,kizimkazi dimbani
,
,
,
,
,
,
,
,
,
,
,
,
,
,
,
,
,
,
,
,
,
,
,
,
,
,
,
,
,
,
,
,
2022-04-12,tanga
2022-05-14,tanga
2022-05-16,tanga
2022-05-18,tanga
2022-05-19,tanga
2022-05-25,tanga
2022-05-30,tanga
2022-06-01,tanga
2022-06-01,tanga
2022-06-01,tanga
2022-06-08,tanga
2022-06-12,tanga
2022-06-13,tanga
2022-07-18,tanga
2022-07-19,tanga
2022-07-25,tanga
2022-07-25,tanga
2022-07-26,tanga
2022-08-02,tanga
2022-08-04,tanga
2022-08-04,tanga
2022-08-13,tanga
2022-08-13,tanga
2022-08-15,tanga
2022-08-16,tanga
2022-08-18,tanga
2022-08-22,tanga
2022-08-22,tanga
2022-08-22,tanga
2022-08-22,tanga
2022-08-29,tanga
2022-08-29,tanga
2022-08-29,tanga
2022-08-30,tanga
2022-09-05,tanga
2022-09-05,tanga
2022-09-05,tanga
2022-09-06,tanga
2022-09-06,tanga
2022-08-09,bwawani
2022-09-12,bwawani
2022-09-12,bwawani
2022-09-12,bwawani
2022-09-12,bwawani
2022-09-12,bwawani
2022-09-12,bwawani
2022-09-12,bwawani
2022-09-12,bwawani
2022-09-12,bwawani
,
2022-09-13,kizimkazi dimbani
2022-09-13,kizimkazi dimbani
,
2022-09-12,tanga
2022-09-12,tanga
2022-09-15,msuka
2022-09-15,msuka
2022-09-19,mkokotoni
2022-09-14,tanga
2022-09-19,tanga
2022-09-20,mkokotoni
2022-09-20,kizimkazi dimbani
2022-09-20,mkokotoni
2022-09-20,mkokotoni
2022-09-20,msuka
2022-09-20,msuka
2022-09-19,tanga
2022-09-14,tanga
2022-09-14,tanga
2022-09-19,tanga
2022-05-25,tanga
2022-05-25,tanga
2022-09-14,tanga
2022-09-14,tanga
2022-09-22,kizimkazi dimbani
2022-09-22,kizimkazi dimbani
2022-09-22,kizimkazi dimbani
2022-09-22,kizimkazi dimbani
2022-09-22,msuka
2022-09-22,msuka
2022-09-22,msuka
2022-08-09,bwawani
2022-08-09,bwawani
2022-08-09,bwawani
2022-09-19,bwawani
2022-09-19,bwawani
2022-09-19,bwawani
2022-09-19,bwawani
2022-09-27,mkokotoni
2022-09-26,tanga
2022-09-27,bwawani
2022-09-27,bwawani
2022-09-27,bwawani
2022-09-27,bwawani
2022-09-27,bwawani
2022-09-27,bwawani
2022-09-27,bwawani
2022-09-28,kizimkazi dimbani
2022-09-19,shangani
2022-09-19,shangani
2022-09-22,shangani
2022-09-26,shangani
2022-09-26,shangani
2022-09-26,shangani
2022-09-27,bwawani
2022-09-27,bwawani
2022-09-27,tanga
2022-09-27,bwawani
2022-09-27,bwawani
2022-09-29,msuka
2022-09-05,bwawani
2022-09-06,bwawani
2022-09-06,bwawani
2022-09-06,bwawani
2022-10-03,tanga
2022-10-03,tanga
2022-10-03,tanga
2022-10-04,kizimkazi dimbani
2022-10-03,mkokotoni
2022-10-04,mkokotoni
2022-10-04,mkokotoni
2022-10-04,mkokotoni
2022-10-04,msuka
2022-10-04,msuka
2022-09-06,bwawani
2022-09-06,bwawani
2022-09-06,bwawani
2022-10-04,tanga
2022-10-07,kizimkazi dimbani
2022-10-10,bwawani
2022-10-10,bwawani
2022-10-10,bwawani
2022-10-10,bwawani
2022-10-10,bwawani
2022-10-10,bwawani
2022-10-10,mkokotoni
2022-10-11,kizimkazi dimbani
2022-10-11,kizimkazi dimbani
2022-10-11,mkokotoni
2022-09-06,bwawani
2022-09-06,bwawani
2022-09-06,bwawani
2022-10-11,mkokotoni
2022-10-10,bwawani
2022-10-10,bwawani
2022-10-04,tanga
2022-10-04,tanga
2022-10-11,tanga
2022-10-11,tanga
2022-10-11,tanga
2022-10-10,bwawani
2022-10-10,bwawani
2022-10-10,bwawani
2022-10-10,bwawani
2022-10-12,tanga
2022-10-13,msuka
2022-10-13,msuka
2022-10-13,kizimkazi dimbani
2022-10-13,kizimkazi dimbani
2022-10-17,tanga
2022-10-17,tanga
2022-10-17,msuka
2022-10-17,msuka
2022-10-17,msuka
2022-10-17,msuka
2022-10-18,kizimkazi dimbani
2022-10-17,mkokotoni
2022-10-17,mkokotoni
2022-10-18,mkokotoni
2022-10-18,mkokotoni
2022-10-18,mkokotoni
2022-10-19,kizimkazi dimbani
2022-10-19,kizimkazi dimbani
2022-10-23,msuka
2022-10-23,msuka
2022-10-17,tanga
2022-10-25,mkokotoni
2022-10-25,mkokotoni
2022-10-28,kizimkazi dimbani
2022-10-17,tanga
2022-10-17,tanga
2022-10-19,tanga
2022-10-24,tanga
2022-10-25,tanga
2022-10-26,tanga
2022-10-31,mkokotoni
2022-10-31,msuka
2022-10-31,msuka
2022-10-31,msuka
2022-11-01,mkokotoni
2022-11-01,mkokotoni
2022-11-01,mazizini
2022-11-01,mazizini
2022-11-01,mazizini
2022-11-01,mazizini
2022-11-01,mazizini
2022-11-01,mazizini
2022-11-03,tanga
2022-11-07,mkokotoni
2022-11-08,bwawani
2022-11-08,bwawani
2022-11-08,bwawani
2022-10-10,bwawani
2022-10-10,bwawani
2022-10-10,bwawani
2022-10-10,bwawani
2022-10-10,bwawani
2022-11-09,kizimkazi dimbani
2022-11-10,msuka
2022-11-10,msuka
2022-11-10,msuka
2022-11-10,msuka
2022-11-13,msuka
2022-11-14,mkokotoni
2022-11-14,tanga
2022-11-15,kizimkazi dimbani
2022-11-15,tanga
2022-10-10,bwawani
2022-11-08,bwawani
2022-11-08,bwawani
2022-11-08,bwawani
2022-11-08,bwawani
2022-11-08,bwawani
2022-11-15,mkokotoni
2022-11-15,mkokotoni
2022-10-10,bwawani
2022-10-10,bwawani
2022-10-10,bwawani
2022-11-08,bwawani
2022-11-16,bwawani
2022-11-16,bwawani
2022-11-16,bwawani
2022-11-16,bwawani
2022-11-16,bwawani
2022-11-16,bwawani
2022-11-16,tanga
2022-11-16,tanga
2022-11-16,tanga
2022-11-20,msuka
2022-11-20,msuka
2022-11-20,msuka
2022-11-21,mkokotoni
2022-11-21,mkokotoni
2022-11-21,mkokotoni
2022-11-21,mkokotoni
2022-11-16,bwawani
2022-11-16,bwawani
2022-11-21,bwawani
2022-11-21,bwawani
2022-11-21,bwawani
2022-11-21,bwawani
2022-11-21,bwawani
2022-11-22,mkokotoni
2022-11-08,bwawani
2022-11-08,bwawani
2022-11-08,bwawani
2022-11-15,bwawani
2022-11-21,bwawani
2022-11-22,mazizini
2022-11-22,mazizini
2022-11-23,bwawani
2022-11-23,bwawani
2022-11-15,bwawani
2022-11-15,bwawani
2022-11-15,bwawani
2022-11-24,kizimkazi dimbani
2022-11-24,kizimkazi dimbani
2022-11-24,msuka
2022-11-27,msuka
2022-11-27,msuka
2022-11-27,msuka
2022-11-28,mkokotoni
2022-11-28,mkokotoni
2022-11-29,kizimkazi dimbani
2022-11-29,mazizini
2022-11-29,mazizini
2022-11-30,bwawani
2022-11-30,bwawani
2022-11-30,tanga
2022-11-30,tanga
2022-11-30,tanga
2022-12-01,kizimkazi dimbani
2022-12-01,kizimkazi dimbani
2022-12-05,mazizini
2022-12-05,mazizini
2022-12-05,mazizini
2022-12-05,mkokotoni
2022-12-05,mkokotoni
2022-12-05,mkokotoni
2022-12-06,mkokotoni
2022-12-06,mkokotoni
2022-12-06,mkokotoni
2022-12-06,mkokotoni
2022-12-08,msuka
2022-12-11,msuka
2022-11-08,bwawani
2022-11-15,bwawani
2022-12-12,tanga
2022-12-12,tanga
2022-12-12,tanga
2022-12-13,mkokotoni
2022-11-15,bwawani
2022-11-15,bwawani
2022-11-15,bwawani
2022-11-15,bwawani
2022-12-13,mazizini
2022-12-13,mazizini
2022-12-13,mazizini
2022-12-14,kizimkazi dimbani
2022-11-15,bwawani
2022-12-15,tanga
2022-12-20,mkokotoni
2022-12-20,mkokotoni
2022-12-20,mkokotoni
2022-12-21,mazizini
2022-12-22,msuka
2022-12-22,msuka
2022-12-22,msuka
2022-12-22,msuka
2023-01-04,tanga
2022-11-11,shangani
2022-11-11,shangani
2022-12-14,shangani
2022-12-14,shangani
2022-12-14,shangani
2022-10-31,shangani
2022-10-31,shangani
2022-11-07,shangani
2023-01-04,tanga
2023-01-04,tanga
2023-01-04,tanga
2023-01-04,tanga
2023-01-04,mazizini
2023-01-04,mazizini
2023-01-05,tanga
2023-01-05,tanga
2023-01-05,kizimkazi dimbani
2023-01-05,kizimkazi dimbani
2023-01-05,mkokotoni
2023-01-05,mkokotoni
2023-01-05,mkokotoni
2023-01-05,mkokotoni
2023-01-09,bwawani
2023-01-09,bwawani
2023-01-09,bwawani
2023-01-09,mkokotoni
2023-01-09,mkokotoni
2023-01-10,mazizini
2023-01-10,mazizini
2023-01-09,tanga
2023-01-09,kizimkazi dimbani
2023-01-11,bwawani
2023-01-11,bwawani
2023-01-11,bwawani
2023-01-11,bwawani
2023-01-11,bwawani
2023-01-11,bwawani
2023-01-11,bwawani
2023-01-11,bwawani
2023-01-11,bwawani
2023-01-11,bwawani
2023-01-11,bwawani
2023-01-10,tanga
2023-01-10,tanga
2023-01-11,msuka
2023-01-12,kizimkazi dimbani
2023-01-15,msuka
2023-01-15,msuka
2023-01-15,msuka
2023-01-16,kizimkazi dimbani
2023-01-16,mkokotoni
2023-01-16,mkokotoni
2023-01-16,mkokotoni
2023-01-16,tanga
2023-01-16,tanga
2023-01-16,tanga
2023-01-16,tanga
2023-01-16,tanga
2023-01-17,tanga
2023-01-17,tanga
2023-01-17,tanga
2023-01-17,tanga
2023-01-17,tanga
2023-01-18,tanga
2023-01-18,tanga
2023-01-18,tanga
2023-01-18,tanga
2023-01-18,tanga
2023-01-18,kizimkazi dimbani
2023-01-18,kizimkazi dimbani
2023-01-18,kizimkazi dimbani
2023-01-18,mazizini
2023-01-18,mazizini
2023-01-18,mazizini
2023-01-17,mkokotoni
2023-01-17,mkokotoni
2023-01-17,mkokotoni
2023-01-01,shangani
2023-01-01,shangani
2023-01-17,shangani
2023-01-17,shangani
2023-01-17,shangani
2023-01-18,shangani
2023-01-18,shangani
2023-01-22,msuka
2023-01-22,msuka
2023-01-23,tanga
2023-01-23,tanga
2023-01-23,tanga
2022-10-24,bwawani
2023-01-09,bwawani
2023-01-09,bwawani
2023-01-09,bwawani
2023-01-24,bwawani
2023-01-24,bwawani
2023-01-24,tanga
2023-01-24,tanga
2023-01-24,tanga
2023-01-24,mazizini
2023-01-24,kizimkazi dimbani
2023-01-09,bwawani
2023-01-09,bwawani
2023-01-09,bwawani
2023-01-25,bwawani
2023-01-25,bwawani
2023-01-25,bwawani
2023-01-25,bwawani
2023-01-25,bwawani
2023-01-25,bwawani
2023-01-25,bwawani
2023-01-09,bwawani
2023-01-30,bwawani
2023-01-09,bwawani
2023-01-30,bwawani
2023-01-09,bwawani
2023-01-09,bwawani
2023-01-30,bwawani
2023-01-25,tanga
2023-01-25,tanga
2023-01-30,tanga
2023-01-30,tanga
2023-01-30,tanga
2023-01-31,tanga
2023-02-01,tanga
2023-02-01,tanga
2023-02-01,tanga
2023-02-01,tanga
2023-01-31,mazizini
2023-02-01,mazizini
2023-02-03,mazizini
2023-02-05,msuka
2023-02-05,msuka
2023-02-06,malindi
2023-02-06,malindi
2023-02-06,malindi
2023-02-07,malindi
2023-02-07,malindi
2023-02-07,malindi
2023-02-07,malindi
2023-02-07,malindi
2023-02-07,malindi
2023-02-07,malindi
2023-02-07,malindi
2023-02-07,malindi
2023-02-07,malindi
2023-02-07,malindi
2023-02-07,malindi
2023-02-07,malindi
2023-02-07,malindi
2023-02-07,malindi
2023-02-07,malindi
2023-02-07,malindi
2023-02-07,mazizini
2023-02-07,malindi
2023-02-08,malindi
2023-02-08,malindi
2023-02-08,malindi
2023-02-08,malindi
2023-02-08,malindi
2023-02-08,malindi
2023-02-08,malindi
2023-02-08,malindi
2023-02-08,malindi
2023-02-08,malindi
2023-02-08,malindi
2023-02-08,malindi
2023-02-08,malindi
2023-01-24,bwawani
2023-01-24,bwawani
2023-01-24,bwawani
2023-01-30,bwawani
2023-01-30,bwawani
2023-01-30,bwawani
2023-02-08,malindi
2023-02-08,malindi
2023-02-09,malindi
2023-02-09,malindi
2023-02-09,malindi
2023-02-09,malindi
2023-02-09,malindi
2023-02-09,malindi
2023-02-09,malindi
2023-02-09,malindi
2023-02-12,msuka
2023-02-12,msuka
2023-02-13,malindi
2023-02-13,malindi
2023-02-13,malindi
2023-02-13,malindi
2023-02-13,malindi
2023-02-13,malindi
2023-02-13,malindi
2023-02-13,malindi
2023-02-13,malindi
2023-02-13,malindi
2023-02-13,malindi
2023-02-13,malindi
2023-02-13,malindi
2023-02-13,malindi
2023-02-13,malindi
2023-02-13,malindi
2023-02-13,malindi
2023-02-13,malindi
2023-02-13,malindi
2023-02-13,tanga
2023-02-13,tanga
2023-02-14,malindi
2023-02-14,malindi
2023-02-14,malindi
2023-02-14,malindi
2023-02-14,malindi
2023-02-14,malindi
2023-02-14,malindi
2023-01-30,bwawani
2023-01-30,bwawani
2023-02-13,malindi
2023-02-13,malindi
2023-02-13,malindi
2023-02-13,malindi
2023-02-13,malindi
2023-02-13,malindi
2023-02-13,malindi
2023-02-13,malindi
2023-02-13,malindi
2023-02-13,malindi
2023-02-13,malindi
2023-02-14,malindi
2023-02-13,malindi
2023-02-14,mkokotoni
2023-02-14,mkokotoni
2023-02-14,mkokotoni
2023-02-14,mkokotoni
2023-02-15,mkokotoni
2023-02-15,mkokotoni
2023-02-15,mkokotoni
2023-02-15,mkokotoni
2023-02-15,mkokotoni
2023-02-15,mkokotoni
2023-02-15,mkokotoni
2023-02-15,mkokotoni
2023-02-15,mkokotoni
2023-02-15,mkokotoni
2023-02-15,mkokotoni
2023-02-15,mkokotoni
2023-02-15,mkokotoni
2023-02-15,mkokotoni
2023-02-15,mkokotoni
2023-02-15,mkokotoni
2023-02-15,mkokotoni
2023-02-15,mkokotoni
2023-02-15,mkokotoni
2023-02-15,mkokotoni
2023-02-15,mkokotoni
2023-02-15,mkokotoni
2023-02-13,malindi
2023-02-13,malindi
2023-02-13,malindi
2023-02-15,mkokotoni
2023-02-15,mkokotoni
2023-02-15,mkokotoni
2023-02-15,mkokotoni
2023-02-15,mkokotoni
2023-02-15,mkokotoni
2023-02-15,mkokotoni
2023-02-15,mazizini
2023-02-15,mkokotoni
2023-02-15,mkokotoni
2023-02-16,tanga
2023-02-16,tanga
2023-02-16,tanga
2023-02-16,tanga
2023-02-16,tanga
2023-02-16,tanga
2023-02-17,mkokotoni
2023-02-17,mkokotoni
2023-02-17,mkokotoni
2023-02-17,mkokotoni
2023-02-17,mkokotoni
2023-02-17,mkokotoni
2023-02-17,mkokotoni
2023-02-17,mkokotoni
2023-02-17,mkokotoni
2023-02-17,mkokotoni
2023-02-17,mkokotoni
2023-02-17,mkokotoni
2023-02-17,malindi
2023-02-17,malindi
2023-02-17,malindi
2023-02-17,malindi
2023-02-17,malindi
2023-02-17,malindi
2023-02-17,malindi
2023-02-17,malindi
2023-02-17,malindi
2023-02-17,malindi
2023-02-17,malindi
2023-02-17,malindi
2023-02-17,malindi
2023-02-17,malindi
2023-02-17,mkokotoni
2023-02-17,mkokotoni
2023-02-17,mkokotoni
2023-02-17,mkokotoni
2023-02-17,mkokotoni
2023-02-17,mkokotoni
2023-02-17,mkokotoni
2023-02-17,mkokotoni
2023-02-17,mkokotoni
2023-02-17,mkokotoni
2023-02-17,mkokotoni
2023-02-17,mkokotoni
2023-02-17,mkokotoni
2023-02-17,mkokotoni
2023-02-17,mkokotoni
2023-02-19,msuka
2023-02-19,msuka
2023-02-19,msuka
2023-02-19,msuka
2023-02-19,msuka
2023-02-19,msuka
2023-02-20,mkokotoni
2023-02-20,mkokotoni
2023-02-20,mkokotoni
2023-02-20,mkokotoni
2023-02-20,mkokotoni
2023-02-20,mkokotoni
2023-02-20,mkokotoni
2023-02-20,mkokotoni
2023-02-20,mkokotoni
2023-02-20,mkokotoni
2023-02-20,mkokotoni
2023-02-20,mkokotoni
2023-02-20,mkokotoni
2023-02-20,mkokotoni
2023-02-20,mkokotoni
2023-02-20,mkokotoni
2023-02-20,mkokotoni
2023-02-20,mkokotoni
2023-02-20,mkokotoni
2023-02-20,mkokotoni
2023-02-20,mkokotoni
2023-02-20,mkokotoni
2023-02-20,mkokotoni
2023-02-20,mkokotoni
2023-02-20,mkokotoni
2023-02-20,mkokotoni
2023-02-20,tanga
2023-02-20,tanga
2023-02-20,tanga
2023-01-10,shangani
2023-01-24,shangani
2023-02-10,shangani
2023-02-15,shangani
2023-02-15,shangani
2023-02-17,shangani
2023-02-17,shangani
2023-02-21,msuka
2023-02-20,malindi
2023-02-20,malindi
2023-02-20,malindi
2023-02-20,malindi
2023-02-20,malindi
2023-02-22,malindi
2023-02-22,malindi
2023-02-22,malindi
2023-02-22,malindi
2023-02-22,malindi
2023-02-22,malindi
2023-02-22,malindi
2023-02-22,malindi
2023-02-21,tanga
2023-02-21,tanga
2023-02-21,tanga
2023-02-22,tanga
2023-02-22,tanga
2023-02-26,msuka
2023-02-27,mkokotoni
2023-02-28,mkokotoni
2023-02-28,mkokotoni
2023-03-02,msuka
2023-03-02,msuka
2023-03-05,msuka
2023-02-13,malindi
2023-02-13,malindi
2023-02-13,malindi
2023-02-13,malindi
2023-02-13,malindi
2023-02-13,malindi
2023-03-01,malindi
2023-03-01,malindi
2023-03-01,malindi
2023-03-01,malindi
2023-03-01,malindi
2023-03-01,malindi
2023-03-01,malindi
2023-03-01,malindi
2023-03-01,malindi
2023-03-01,malindi
2023-03-01,malindi
2023-03-01,malindi
2023-03-01,malindi
2023-03-01,malindi
2023-03-06,mkokotoni
2023-02-22,tanga
2023-02-22,tanga
2023-02-27,tanga
2023-02-27,tanga
2023-02-27,tanga
2023-02-28,tanga
2023-02-28,tanga
2023-02-28,tanga
2023-03-07,mkokotoni
2023-03-09,mazizini
2023-03-12,msuka
2023-03-12,msuka
2023-03-12,msuka
2023-03-14,mkokotoni
2023-03-14,mkokotoni
2023-03-14,mkokotoni
2023-03-14,mkokotoni
2023-03-14,mazizini
2023-03-14,mazizini
2023-02-13,malindi
2023-02-13,malindi
2023-02-13,malindi
2023-02-13,malindi
2023-03-14,malindi
2023-03-14,malindi
2023-03-14,malindi
2023-03-14,malindi
2023-03-14,malindi
2023-03-14,malindi
2023-03-14,malindi
2023-03-14,malindi
2023-03-14,malindi
2023-03-14,malindi
2023-03-15,malindi
2023-03-15,malindi
2023-03-15,malindi
2023-03-15,malindi
2023-02-20,mkokotoni
2023-03-16,mkokotoni
2023-03-16,mkokotoni
2023-03-16,mkokotoni
2023-03-16,mkokotoni
2023-03-16,mkokotoni
2023-03-16,mkokotoni
2023-03-14,msuka
2023-03-14,msuka
2023-03-16,msuka
2023-03-16,malindi
2023-03-17,malindi
2023-03-17,malindi
2023-03-17,malindi
2023-03-17,malindi
2023-03-17,malindi
2023-03-17,malindi
2023-03-17,malindi
2023-03-17,malindi
2023-03-17,malindi
2023-03-17,malindi
2023-03-17,malindi
2023-03-18,malindi
2023-03-18,malindi
2023-03-18,malindi
2023-03-18,malindi
2023-03-18,malindi
2023-03-18,malindi
2023-03-18,malindi
2023-03-18,malindi
2023-03-18,malindi
2023-03-18,malindi
2023-03-18,malindi
2023-03-18,malindi
2023-03-18,malindi
2023-03-18,malindi
2023-03-18,malindi
2023-03-18,malindi
2023-03-18,malindi
2023-03-18,malindi
2023-03-18,malindi
2023-03-18,malindi
2023-03-18,malindi
2023-03-18,malindi
2023-03-18,malindi
2023-03-18,malindi
2023-03-18,malindi
2023-03-18,malindi
2023-03-18,malindi
2023-03-18,malindi
2023-03-18,malindi
2023-03-18,malindi
2023-03-18,malindi
2023-03-18,malindi
2023-03-18,malindi
2023-03-18,malindi
2023-03-18,malindi
2023-03-18,malindi
2023-03-18,malindi
2023-03-18,malindi
2023-03-18,malindi
2023-03-18,malindi
2023-03-18,malindi
2023-03-18,mkokotoni
2023-03-18,mkokotoni
2023-03-19,msuka
2023-03-19,msuka
2023-03-19,msuka
2023-03-19,msuka
2023-03-19,msuka
2023-03-19,msuka
2023-03-18,mkokotoni
2023-03-20,mkokotoni
2023-03-20,mkokotoni
2023-03-20,mkokotoni
2023-03-20,mkokotoni
2023-03-20,mkokotoni
2023-03-20,mkokotoni
2023-03-20,mkokotoni
2023-03-20,mkokotoni
2023-03-20,mkokotoni
2023-03-20,mkokotoni
2023-03-20,mkokotoni
2023-03-20,mkokotoni
2023-03-20,mkokotoni
2023-03-20,msuka
2023-03-21,malindi
2023-03-21,malindi
2023-03-21,malindi
2023-03-21,malindi
2023-03-21,malindi
2023-03-21,malindi
2023-03-21,malindi
2023-03-21,malindi
2023-03-21,malindi
2023-03-21,malindi
2023-03-21,malindi
2023-03-21,malindi
2023-03-21,mkokotoni
2023-03-21,malindi
2023-03-21,malindi
2023-03-21,malindi
2023-03-21,malindi
2023-03-15,malindi
2023-03-15,malindi
2023-03-15,malindi
2023-03-15,malindi
2023-03-21,mkokotoni
2023-03-21,malindi
2023-03-21,malindi
2023-03-21,malindi
2023-03-21,malindi
2023-03-21,malindi
2023-03-21,malindi
2023-03-21,malindi
2023-03-21,malindi
2023-03-21,malindi
2023-03-22,mkokotoni
2023-03-22,mkokotoni
2023-03-22,mkokotoni
2023-03-22,mkokotoni
2023-03-22,mkokotoni
2023-03-22,mkokotoni
2023-03-22,mkokotoni
2023-03-22,mkokotoni
2023-03-22,mkokotoni
2023-03-22,mkokotoni
2023-03-22,mkokotoni
2023-03-22,mkokotoni
2023-03-22,mkokotoni
2023-03-22,mkokotoni
2023-03-22,mkokotoni
2023-03-22,mkokotoni
2023-03-22,mkokotoni
2023-03-22,mkokotoni
2023-03-22,mkokotoni
2023-03-22,mkokotoni
2023-03-22,mkokotoni
2023-03-22,mazizini
2023-03-22,mazizini
2023-03-22,mkokotoni
2023-03-22,mkokotoni
2023-03-22,mkokotoni
2023-03-22,mkokotoni
2023-03-22,mkokotoni
2023-03-22,mkokotoni
2023-03-22,mkokotoni
2023-03-22,mkokotoni
2023-03-22,mkokotoni
2023-03-22,mkokotoni
2023-03-22,mkokotoni
2023-03-22,mkokotoni
2023-03-22,mkokotoni
2023-03-22,mkokotoni
2023-03-22,malindi
2023-03-22,malindi
2023-03-22,malindi
2023-03-22,malindi
2023-03-22,malindi
2023-03-22,malindi
2023-03-22,malindi
2023-03-22,malindi
2023-03-22,malindi
2023-03-22,malindi
2023-03-22,malindi
2023-03-22,malindi
2023-03-22,malindi
2023-03-22,malindi
2023-03-22,malindi
2023-03-22,malindi
2023-03-22,malindi
2023-03-22,malindi
2023-03-22,malindi
2023-03-22,malindi
2023-03-22,malindi
2023-03-22,malindi
2023-03-22,malindi
2023-03-22,malindi
2023-03-22,malindi
2023-03-22,malindi
2023-03-22,malindi
2023-03-22,malindi
2023-03-23,malindi
2023-03-23,malindi
2023-03-23,malindi
2023-03-23,malindi
2023-03-23,malindi
2023-03-23,malindi
2023-03-23,malindi
2023-03-23,malindi
2023-03-23,malindi
2023-03-23,malindi
2023-03-23,malindi
2023-03-23,malindi
2023-03-23,malindi
2023-03-23,malindi
2023-03-23,malindi
2023-03-23,malindi
2023-03-23,malindi
2023-03-23,malindi
2023-03-23,malindi
2023-03-23,malindi
2023-03-23,malindi
2023-03-23,malindi
2023-03-23,malindi
2023-03-23,malindi
2023-03-23,malindi
2023-03-23,malindi
2023-03-23,malindi
2023-03-23,malindi
2023-03-23,malindi
2023-03-23,malindi
2023-03-23,malindi
2023-03-23,malindi
2023-03-23,malindi
2023-03-23,malindi
2023-03-23,malindi
2023-03-23,malindi
2023-03-23,malindi
2023-03-23,malindi
2023-03-23,malindi
2023-03-23,malindi
2023-03-23,malindi
2023-03-23,malindi
2023-03-23,malindi
2023-03-23,malindi
2023-03-23,malindi
2023-03-23,malindi
2023-03-23,malindi
2023-03-23,malindi
2023-03-23,malindi
2023-03-23,malindi
2023-03-23,malindi
2023-03-23,malindi
2023-03-23,malindi
2023-03-23,malindi
2023-03-23,malindi
2023-03-23,malindi
2023-03-23,malindi
2023-03-23,malindi
2023-03-23,malindi
2023-03-23,malindi
2023-03-23,malindi
2023-03-23,malindi
2023-03-23,malindi
2023-03-23,malindi
2023-03-23,malindi
2023-03-23,malindi
2023-03-23,malindi
2023-03-23,malindi
2023-03-23,malindi
2023-03-23,malindi
2023-03-23,malindi
2023-03-23,malindi
2023-03-23,malindi
2023-03-23,malindi
2023-03-24,malindi
2023-03-24,malindi
2023-03-24,malindi
2023-03-24,malindi
2023-03-24,malindi
2023-03-24,malindi
2023-03-24,malindi
2023-03-24,malindi
2023-03-24,malindi
2023-03-24,malindi
2023-03-24,malindi
2023-03-23,malindi
2023-03-23,malindi
2023-03-23,malindi
2023-03-23,malindi
2023-03-23,malindi
2023-03-23,malindi
2023-03-23,malindi
2023-03-25,malindi
2023-03-25,malindi
2023-03-25,malindi
2023-03-25,malindi
2023-03-25,malindi
2023-03-25,malindi
2023-03-25,malindi
2023-03-25,mkokotoni
2023-03-25,mkokotoni
2023-03-25,mkokotoni
2023-03-25,mkokotoni
2023-03-25,mkokotoni
2023-03-25,mkokotoni
2023-03-25,mkokotoni
2023-03-25,mkokotoni
2023-03-25,mkokotoni
2023-03-25,mkokotoni
2023-03-25,mkokotoni
2023-03-25,mkokotoni
2023-03-25,mkokotoni
2023-03-25,mkokotoni
2023-03-25,mkokotoni
2023-03-25,mkokotoni
2023-03-25,mkokotoni
2023-03-25,mkokotoni
2023-03-25,mkokotoni
2023-03-25,mkokotoni
2023-03-25,mkokotoni
2023-03-25,mkokotoni
2023-03-25,mkokotoni
2023-03-25,mkokotoni
2023-03-25,mkokotoni
2023-03-25,mkokotoni
2023-03-25,mkokotoni
2023-03-25,mkokotoni
2023-03-25,mkokotoni
2023-03-25,mkokotoni
2023-03-25,mkokotoni
2023-03-25,mkokotoni
2023-03-25,mkokotoni
2023-03-25,mkokotoni
2023-03-25,mkokotoni
2023-03-25,mkokotoni
2023-03-25,mkokotoni
2023-03-25,mkokotoni
2023-03-25,mkokotoni
2023-03-25,mkokotoni
2023-03-25,mkokotoni
2023-03-23,malindi
2023-03-23,malindi
2023-03-23,malindi
2023-03-23,malindi
2023-03-23,malindi
2023-03-23,malindi
2023-03-23,malindi
2023-03-23,malindi
2023-03-23,malindi
2023-03-23,malindi
2023-03-23,malindi
2023-03-23,malindi
2023-03-23,malindi
2023-03-23,malindi
2023-03-23,malindi
2023-03-23,malindi
2023-03-23,malindi
2023-03-23,malindi
2023-03-23,malindi
2023-03-23,malindi
2023-03-23,malindi
2023-03-23,malindi
2023-03-23,malindi
2023-03-23,malindi
2023-03-23,malindi
2023-03-23,malindi
2023-03-23,malindi
2023-03-23,malindi
2023-03-23,malindi
2023-03-23,malindi
2023-03-23,malindi
2023-03-23,malindi
2023-03-23,malindi
2023-03-23,malindi
2023-03-23,malindi
2023-03-24,malindi
2023-03-24,malindi
2023-03-24,malindi
2023-03-24,malindi
2023-03-24,malindi
2023-03-24,malindi
2023-03-24,malindi
2023-03-24,malindi
2023-03-24,malindi
2023-03-24,malindi
2023-03-24,malindi
2023-03-24,malindi
2023-03-24,malindi
2023-03-24,malindi
2023-03-24,malindi
2023-03-24,malindi
2023-03-24,malindi
2023-03-24,malindi
2023-03-24,malindi
2023-03-24,malindi
2023-03-24,malindi
2023-03-24,malindi
2023-03-24,malindi
2023-03-24,malindi
2023-03-24,malindi
2023-03-24,malindi
2023-03-24,malindi
2023-03-24,malindi
2023-03-24,malindi
2023-03-24,malindi
2023-03-24,malindi
2023-03-24,malindi
2023-03-24,malindi
2023-03-24,malindi
2023-03-24,malindi
2023-03-24,malindi
2023-03-24,malindi
2023-03-24,malindi
2023-03-24,malindi
2023-03-24,malindi
2023-03-24,malindi
2023-03-24,malindi
2023-03-24,malindi
2023-03-24,malindi
2023-03-24,malindi
2023-03-24,malindi
2023-03-24,malindi
2023-03-24,malindi
2023-03-24,malindi
2023-03-24,malindi
2023-03-24,malindi
2023-03-24,malindi
2023-03-24,malindi
2023-03-24,malindi
2023-03-24,malindi
2023-03-24,malindi
2023-03-24,malindi
2023-03-24,mkokotoni
2023-03-24,mkokotoni
2023-03-24,mkokotoni
2023-03-24,mkokotoni
2023-03-24,mkokotoni
2023-03-25,mkokotoni
2023-03-25,mkokotoni
2023-03-25,mkokotoni
2023-03-25,mkokotoni
2023-03-25,mkokotoni
2023-03-25,mkokotoni
2023-03-25,mkokotoni
2023-03-25,mkokotoni
2023-03-26,mkokotoni
2023-03-25,mkokotoni
2023-03-26,mkokotoni
2023-03-26,mkokotoni
2023-03-25,mkokotoni
2023-03-26,mkokotoni
2023-03-25,mkokotoni
2023-03-26,mkokotoni
2023-03-26,mkokotoni
2023-03-25,mkokotoni
2023-03-26,malindi
2023-03-25,mkokotoni
2023-03-26,malindi
2023-03-26,malindi
2023-03-25,mkokotoni
2023-03-26,malindi
2023-03-26,malindi
2023-03-25,mkokotoni
2023-03-26,malindi
2023-03-26,malindi
2023-03-26,malindi
2023-03-26,malindi
2023-03-26,malindi
2023-03-26,malindi
2023-03-26,malindi
2023-03-26,malindi
2023-03-26,malindi
2023-03-26,msuka
2023-03-26,msuka
2023-03-25,mkokotoni
2023-03-26,malindi
2023-03-26,malindi
2023-03-26,malindi
2023-03-26,malindi
2023-03-26,malindi
2023-03-26,malindi
2023-03-26,malindi
2023-03-26,malindi
2023-03-26,malindi
2023-03-26,malindi
2023-03-26,malindi
2023-03-26,malindi
2023-03-25,mkokotoni
2023-03-26,malindi
2023-03-26,malindi
2023-03-26,malindi
2023-03-26,malindi
2023-03-26,malindi
2023-03-26,malindi
2023-03-26,malindi
2023-03-26,malindi
2023-03-26,malindi
2023-03-26,malindi
2023-03-26,malindi
2023-03-25,mkokotoni
2023-03-25,mkokotoni
2023-03-25,mkokotoni
2023-03-25,mkokotoni
2023-03-25,mkokotoni
2023-03-25,mkokotoni
2023-03-25,mkokotoni
2023-03-25,mkokotoni
2023-03-26,malindi
2023-03-27,malindi
2023-03-27,malindi
2023-03-27,malindi
2023-03-27,malindi
2023-03-27,malindi
2023-03-27,malindi
2023-03-27,malindi
2023-03-27,malindi
2023-03-27,malindi
2023-03-27,malindi
2023-03-27,malindi
2023-03-27,malindi
2023-03-27,malindi
2023-03-27,malindi
2023-03-27,malindi
2023-03-27,malindi
2023-03-27,malindi
2023-03-27,malindi
2023-03-27,malindi
2023-03-27,malindi
2023-03-27,malindi
2023-03-27,malindi
2023-03-27,malindi
2023-03-27,malindi
2023-03-27,malindi
2023-03-27,malindi
2023-03-27,malindi
2023-03-27,malindi
2023-03-27,malindi
2023-03-27,malindi
2023-03-27,malindi
2023-03-27,malindi
2023-03-27,malindi
2023-03-27,malindi
2023-03-27,malindi
2023-03-27,malindi
2023-03-27,malindi
2023-03-27,malindi
2023-03-27,malindi
2023-03-27,malindi
2023-03-27,malindi
2023-03-27,malindi
2023-03-27,malindi
2023-03-27,malindi
2023-03-27,malindi
2023-03-27,malindi
2023-03-27,malindi
2023-03-27,malindi
2023-03-27,malindi
2023-03-27,malindi
2023-03-27,malindi
2023-03-27,malindi
2023-03-27,malindi
2023-03-27,malindi
2023-03-27,malindi
2023-03-27,mkokotoni
2023-03-27,malindi
2023-03-27,malindi
2023-03-27,malindi
2023-03-27,malindi
2023-03-27,malindi
2023-03-27,malindi
2023-03-27,malindi
2023-03-27,malindi
2023-03-27,malindi
2023-03-27,malindi
2023-03-27,malindi
2023-03-27,malindi
2023-03-27,malindi
2023-03-27,malindi
2023-03-27,malindi
2023-03-27,malindi
2023-03-27,malindi
2023-03-27,malindi
2023-03-27,malindi
2023-03-27,malindi
2023-03-27,malindi
2023-03-27,malindi
2023-03-27,malindi
2023-03-27,malindi
2023-03-27,malindi
2023-03-27,malindi
2023-03-27,mkokotoni
2023-03-27,mkokotoni
2023-03-27,mkokotoni
2023-03-27,mkokotoni
2023-03-27,mkokotoni
2023-03-27,mkokotoni
2023-03-27,mkokotoni
2023-03-27,mkokotoni
2023-03-27,mkokotoni
2023-03-27,mkokotoni
2023-03-27,mkokotoni
2023-03-27,mkokotoni
2023-03-27,mkokotoni
2023-03-27,mkokotoni
2023-03-27,mkokotoni
2023-03-27,mkokotoni
2023-03-27,mkokotoni
2023-03-27,mkokotoni
2023-03-27,mkokotoni
2023-03-27,mkokotoni
2023-03-27,mkokotoni
2023-03-27,mkokotoni
2023-03-27,mkokotoni
2023-03-27,mkokotoni
2023-03-27,mkokotoni
2023-03-27,mkokotoni
2023-03-27,mkokotoni
2023-03-27,mkokotoni
2023-03-27,mkokotoni
2023-03-27,mkokotoni
2023-03-27,mkokotoni
2023-03-27,mkokotoni
2023-03-27,mkokotoni
2023-03-27,mkokotoni
2023-03-27,mkokotoni
2023-03-27,mkokotoni
2023-03-27,mkokotoni
2023-03-27,mkokotoni
2023-03-27,mkokotoni
2023-03-28,mkokotoni
2023-03-28,mkokotoni
2023-03-28,mkokotoni
2023-03-28,mkokotoni
2023-03-28,mkokotoni
2023-03-28,mkokotoni
2023-03-28,mkokotoni
2023-03-28,mkokotoni
2023-03-28,mkokotoni
2023-03-28,mkokotoni
2023-03-28,mkokotoni
2023-03-28,mkokotoni
2023-03-28,mkokotoni
2023-03-28,mkokotoni
2023-03-28,mkokotoni
2023-03-28,mkokotoni
2023-03-28,mkokotoni
2023-03-28,mkokotoni
2023-03-28,mkokotoni
2023-03-28,mkokotoni
2023-03-28,mkokotoni
2023-03-28,mkokotoni
2023-03-28,mkokotoni
2023-03-28,mkokotoni
2023-03-28,mkokotoni
2023-03-28,mkokotoni
2023-03-28,mkokotoni
2023-03-28,mkokotoni
2023-03-28,mkokotoni
2023-03-28,mkokotoni
2023-03-28,mkokotoni
2023-03-28,mkokotoni
2023-03-28,mkokotoni
2023-03-28,mkokotoni
2023-03-28,mkokotoni
2023-03-28,mkokotoni
2023-03-29,mkokotoni
2023-03-29,mkokotoni
2023-03-29,mkokotoni
2023-03-29,mkokotoni
2023-03-29,mkokotoni
2023-03-29,mkokotoni
2023-03-15,malindi
2023-03-15,malindi
2023-03-15,malindi
2023-03-15,malindi
2023-03-15,malindi
2023-03-15,malindi
2023-03-21,malindi
2023-04-02,msuka
2023-04-02,msuka
2023-04-02,msuka
2023-04-02,msuka
2023-04-02,msuka
2023-04-02,msuka
2023-03-29,mkokotoni
2023-04-02,mkokotoni
2023-04-02,mkokotoni
2023-04-02,mkokotoni
2023-04-02,mkokotoni
2023-04-02,mkokotoni
2023-04-02,mkokotoni
2023-04-02,mkokotoni
2023-04-02,mkokotoni
2023-04-02,mkokotoni
2023-04-02,mkokotoni
2023-04-02,mkokotoni
2023-04-02,mkokotoni
2023-04-02,mkokotoni
2023-04-02,mkokotoni
2023-04-02,mkokotoni
2023-04-02,mkokotoni
2023-04-02,mkokotoni
2023-04-02,mkokotoni
2023-04-02,malindi
2023-04-02,malindi
2023-04-02,malindi
2023-04-02,malindi
2023-04-02,malindi
2023-04-02,malindi
2023-04-02,malindi
2023-04-02,malindi
2023-04-02,malindi
2023-04-02,malindi
2023-04-02,malindi
2023-04-02,malindi
2023-04-02,malindi
2023-04-02,malindi
2023-04-02,malindi
2023-04-02,malindi
2023-04-02,malindi
2023-04-02,malindi
2023-04-02,malindi
2023-04-02,malindi
2023-04-02,malindi
2023-04-02,malindi
2023-04-02,malindi
2023-04-03,malindi
2023-04-03,malindi
2023-04-03,malindi
2023-04-03,malindi
2023-04-03,malindi
2023-04-03,malindi
2023-04-03,malindi
2023-04-03,malindi
2023-04-03,malindi
2023-04-03,malindi
2023-04-03,malindi
2023-04-03,malindi
2023-04-03,malindi
2023-04-03,malindi
2023-04-03,malindi
2023-04-03,malindi
2023-04-03,malindi
2023-04-03,malindi
2023-04-03,malindi
2023-04-03,malindi
2023-04-03,malindi
2023-04-03,mkokotoni
2023-04-03,mkokotoni
2023-04-03,mkokotoni
2023-04-03,mkokotoni
2023-04-03,mkokotoni
2023-04-03,mkokotoni
2023-04-03,mkokotoni
2023-04-03,mkokotoni
2023-04-03,mkokotoni
2023-04-03,mkokotoni
2023-04-03,mkokotoni
2023-04-03,mkokotoni
2023-04-03,mkokotoni
2023-04-03,mkokotoni
2023-04-03,mkokotoni
2023-04-03,mkokotoni
2023-04-03,mkokotoni
2023-04-03,mkokotoni
2023-04-03,mkokotoni
2023-04-03,mkokotoni
2023-04-03,mkokotoni
2023-04-03,mkokotoni
2023-04-03,mkokotoni
2023-04-03,mkokotoni
2023-04-03,mkokotoni
2023-04-03,mkokotoni
2023-04-03,mkokotoni
2023-04-03,mkokotoni
2023-04-03,mkokotoni
2023-04-03,mkokotoni
2023-04-03,mkokotoni
2023-04-03,mkokotoni
2023-04-03,mkokotoni
2023-04-03,mkokotoni
2023-04-03,mkokotoni
2023-04-03,mkokotoni
2023-04-03,mkokotoni
2023-04-03,mkokotoni
2023-04-03,mkokotoni
2023-04-03,mkokotoni
2023-04-03,mkokotoni
2023-04-03,mkokotoni
2023-04-03,mkokotoni
2023-04-03,mkokotoni
2023-04-03,mkokotoni
2023-04-03,mkokotoni
2023-04-03,mkokotoni
2023-04-03,mkokotoni
2023-04-03,mkokotoni
2023-04-03,malindi
2023-04-03,malindi
2023-04-03,malindi
2023-04-03,malindi
2023-04-03,malindi
2023-04-03,malindi
2023-04-03,malindi
2023-04-03,malindi
2023-04-03,malindi
2023-04-03,malindi
2023-04-03,malindi
2023-04-03,malindi
2023-04-03,malindi
2023-04-04,malindi
2023-04-04,malindi
2023-04-04,malindi
2023-04-04,malindi
2023-04-04,malindi
2023-04-04,malindi
2023-04-04,malindi
2023-04-04,malindi
2023-04-04,malindi
2023-04-04,malindi
2023-04-04,malindi
2023-04-04,malindi
2023-04-04,malindi
2023-04-04,malindi
2023-04-04,malindi
2023-04-04,malindi
2023-04-04,malindi
2023-04-04,malindi
2023-04-04,malindi
2023-04-04,malindi
2023-04-04,malindi
2023-04-04,malindi
2023-04-04,malindi
2023-04-04,malindi
2023-04-04,malindi
2023-04-04,malindi
2023-04-04,malindi
2023-04-04,malindi
2023-04-04,malindi
2023-04-04,malindi
2023-04-04,malindi
2023-04-04,malindi
2023-04-04,malindi
2023-04-04,malindi
2023-04-04,malindi
2023-04-04,malindi
2023-04-04,malindi
2023-04-04,malindi
2023-04-04,malindi
2023-04-04,malindi
2023-04-04,malindi
2023-04-04,malindi
2023-04-04,malindi
2023-04-04,malindi
2023-04-04,malindi
2023-04-04,malindi
2023-04-04,msuka
2023-04-04,msuka
2023-04-04,msuka
2023-04-04,mazizini
2023-04-04,malindi
2023-04-04,malindi
2023-04-04,malindi
2023-04-04,malindi
2023-04-04,malindi
2023-04-04,malindi
2023-04-04,malindi
2023-04-04,malindi
2023-04-04,malindi
2023-04-04,malindi
2023-04-04,mkokotoni
2023-04-04,malindi
2023-04-05,malindi
2023-04-05,malindi
2023-04-05,malindi
2023-04-05,malindi
2023-04-05,malindi
2023-04-05,malindi
2023-04-05,malindi
2023-04-05,malindi
2023-04-05,malindi
2023-04-05,malindi
2023-04-05,malindi
2023-04-05,mkokotoni
2023-04-05,mkokotoni
2023-04-05,mkokotoni
2023-04-05,mkokotoni
2023-04-05,mkokotoni
2023-04-05,mkokotoni
2023-04-05,mkokotoni
2023-04-05,mkokotoni
2023-04-05,mkokotoni
2023-04-05,mkokotoni
2023-04-05,mkokotoni
2023-04-05,mkokotoni
2023-04-05,mkokotoni
2023-04-05,mkokotoni
2023-04-05,mkokotoni
2023-04-05,mkokotoni
2023-04-05,mkokotoni
2023-04-05,mkokotoni
2023-04-05,mkokotoni
2023-04-05,mkokotoni
2023-04-05,mkokotoni
2023-04-05,mkokotoni
2023-04-05,mkokotoni
2023-04-05,mkokotoni
2023-04-05,mkokotoni
2023-04-05,mkokotoni
2023-04-05,mkokotoni
2023-04-05,mkokotoni
2023-04-05,mkokotoni
2023-04-05,mkokotoni
2023-03-21,malindi
2023-03-21,malindi
2023-04-05,malindi
2023-04-05,mkokotoni
2023-04-05,mkokotoni
2023-04-05,mkokotoni
2023-04-05,mkokotoni
2023-04-05,mkokotoni
2023-04-05,mkokotoni
2023-04-05,mkokotoni
2023-04-05,mkokotoni
2023-04-05,tanga
2023-04-05,tanga
2023-04-05,mkokotoni
2023-04-06,mkokotoni
2023-04-06,mkokotoni
2023-04-06,mkokotoni
2023-04-06,mkokotoni
2023-04-06,mkokotoni
2023-04-06,mkokotoni
2023-04-06,mkokotoni
2023-04-06,mkokotoni
2023-04-06,mkokotoni
2023-04-06,mkokotoni
2023-04-06,mkokotoni
2023-04-06,mkokotoni
2023-04-06,mkokotoni
2023-04-06,mkokotoni
2023-04-06,mkokotoni
2023-04-06,mkokotoni
2023-04-06,mkokotoni
2023-04-06,mkokotoni
2023-04-06,mkokotoni
2023-04-06,mkokotoni
2023-04-06,mkokotoni
2023-04-06,mkokotoni
2023-04-06,mkokotoni
2023-04-06,mkokotoni
2023-04-06,mkokotoni
2023-04-06,mkokotoni
2023-04-06,mkokotoni
2023-04-06,mkokotoni
2023-04-11,mkokotoni
2023-04-11,mkokotoni
2023-04-11,mkokotoni
2023-04-11,mkokotoni
2023-04-11,mkokotoni
2023-04-11,mkokotoni
2023-04-11,mkokotoni
2023-04-11,mkokotoni
2023-04-11,mkokotoni
2023-04-11,mkokotoni
2023-04-11,mkokotoni
2023-04-11,mkokotoni
2023-04-11,msuka
2023-04-12,malindi
2023-04-12,malindi
2023-04-12,malindi
2023-04-12,mkokotoni
2023-04-12,mkokotoni
2023-04-12,mkokotoni
2023-04-12,mkokotoni
2023-04-12,mkokotoni
2023-04-12,mkokotoni
2023-04-12,mkokotoni
2023-04-12,mkokotoni
2023-04-12,mkokotoni
2023-04-12,malindi
2023-04-12,malindi
2023-04-12,malindi
2023-04-12,malindi
2023-04-12,malindi
2023-04-12,malindi
2023-04-12,malindi
2023-04-12,malindi
2023-04-12,malindi
2023-04-12,mkokotoni
2023-04-12,mkokotoni
2023-04-12,mkokotoni
2023-04-12,mkokotoni
2023-04-12,mkokotoni
2023-04-12,mkokotoni
2023-04-12,mkokotoni
2023-04-12,mkokotoni
2023-04-12,mkokotoni
2023-04-12,malindi
2023-04-12,malindi
2023-04-12,malindi
2023-04-12,malindi
2023-04-12,malindi
2023-04-13,malindi
2023-04-13,malindi
2023-04-13,malindi
2023-04-13,malindi
2023-04-13,malindi
2023-04-13,malindi
2023-04-13,malindi
2023-04-13,malindi
2023-04-13,malindi
2023-04-13,malindi
2023-04-13,malindi
2023-04-13,malindi
2023-04-13,malindi
2023-04-13,malindi
2023-04-13,malindi
2023-04-13,malindi
2023-04-13,malindi
2023-04-13,malindi
2023-04-13,malindi
2023-04-13,malindi
2023-04-13,malindi
2023-04-13,malindi
2023-04-13,malindi
2023-04-13,malindi
2023-04-13,malindi
2023-04-13,malindi
2023-04-13,malindi
2023-04-13,malindi
2023-04-13,malindi
2023-04-13,malindi
2023-04-13,malindi
2023-04-13,malindi
2023-04-13,malindi
2023-04-13,malindi
2023-04-13,malindi
2023-04-14,malindi
2023-04-14,malindi
2023-04-14,malindi
2023-04-14,malindi
2023-04-14,malindi
2023-04-14,malindi
2023-04-16,msuka
2023-04-16,msuka
2023-04-14,malindi
2023-04-17,malindi
2023-04-17,malindi
2023-04-17,malindi
2023-04-17,malindi
2023-04-17,malindi
2023-04-17,malindi
2023-04-17,malindi
2023-04-17,malindi
2023-04-17,malindi
2023-04-17,malindi
2023-04-17,malindi
2023-04-17,malindi
2023-04-17,malindi
2023-04-17,malindi
2023-04-17,malindi
2023-04-17,malindi
2023-04-17,malindi
2023-04-17,malindi
2023-04-17,malindi
2023-04-17,malindi
2023-04-17,malindi
2023-04-17,malindi
2023-04-17,malindi
2023-04-17,malindi
2023-04-17,malindi
2023-04-17,malindi
2023-04-17,malindi
2023-04-17,mkokotoni
2023-04-18,mkokotoni
2023-04-18,mkokotoni
2023-04-18,mkokotoni
2023-04-18,mkokotoni
2023-04-18,mkokotoni
2023-04-18,mkokotoni
2023-04-18,mkokotoni
2023-04-18,mkokotoni
2023-04-18,mkokotoni
2023-04-18,mkokotoni
2023-04-18,mkokotoni
2023-04-18,mkokotoni
2023-04-18,mkokotoni
2023-04-18,mkokotoni
2023-04-18,mkokotoni
2023-04-18,mkokotoni
2023-04-18,mkokotoni
2023-04-18,mkokotoni
2023-04-18,mkokotoni
2023-04-18,mkokotoni
2023-04-18,mkokotoni
2023-04-18,mkokotoni
2023-04-18,mkokotoni
2023-04-18,mkokotoni
2023-04-18,mkokotoni
2023-04-18,mkokotoni
2023-04-18,mkokotoni
2023-04-18,mkokotoni
2023-04-18,mkokotoni
2023-04-18,mkokotoni
2023-04-18,mkokotoni
2023-04-18,mkokotoni
2023-04-18,mkokotoni
2023-04-18,mkokotoni
2023-04-18,mkokotoni
2023-04-18,mkokotoni
2023-04-18,mkokotoni
2023-04-18,mkokotoni
2023-04-18,mkokotoni
2023-04-18,mkokotoni
2023-04-18,mkokotoni
2023-04-18,mkokotoni
2023-04-18,mkokotoni
2023-04-18,mkokotoni
2023-04-18,mkokotoni
2023-04-18,mkokotoni
2023-04-18,mkokotoni
2023-04-18,mkokotoni
2023-04-18,mkokotoni
2023-04-18,mkokotoni
2023-04-18,mkokotoni
2023-04-18,mkokotoni
2023-04-18,mkokotoni
2023-04-18,mkokotoni
2023-04-18,mkokotoni
2023-04-18,mkokotoni
2023-04-18,mkokotoni
2023-04-18,mkokotoni
2023-04-19,mkokotoni
2023-04-19,mkokotoni
2023-04-19,mkokotoni
2023-04-19,mkokotoni
2023-04-19,mkokotoni
2023-04-19,mkokotoni
2023-04-19,mkokotoni
2023-04-19,mkokotoni
2023-04-19,mkokotoni
2023-04-19,mkokotoni
2023-04-19,mkokotoni
2023-04-19,malindi
2023-04-19,malindi
2023-04-19,malindi
2023-04-19,malindi
2023-04-19,malindi
2023-04-19,malindi
2023-04-19,malindi
2023-04-19,malindi
2023-04-19,malindi
2023-04-19,malindi
2023-04-19,malindi
2023-04-19,malindi
2023-04-19,malindi
2023-04-20,malindi
2023-04-20,malindi
2023-04-20,malindi
2023-04-20,malindi
2023-04-20,malindi
2023-04-20,malindi
2023-04-20,malindi
2023-04-20,malindi
2023-04-20,malindi
2023-04-20,malindi
2023-04-20,malindi
2023-04-20,malindi
2023-04-20,malindi
2023-04-20,malindi
2023-04-20,mkokotoni
2023-04-20,mkokotoni
2023-04-20,mkokotoni
2023-04-20,mkokotoni
2023-04-20,mkokotoni
2023-04-20,mkokotoni
2023-04-20,mkokotoni
2023-04-20,mkokotoni
2023-04-20,mkokotoni
2023-04-20,mkokotoni
2023-04-20,mkokotoni
2023-04-20,mkokotoni
2023-04-20,mkokotoni
2023-04-20,mkokotoni
2023-04-20,mkokotoni
2023-04-20,mkokotoni
2023-04-20,mkokotoni
2023-04-20,mkokotoni
2023-04-20,mkokotoni
2023-04-21,mkokotoni
2023-04-21,mkokotoni
2023-04-21,mkokotoni
2023-04-21,mkokotoni
2023-04-21,mkokotoni
2023-04-21,mkokotoni
2023-04-21,mkokotoni
2023-04-21,mkokotoni
2023-04-21,mkokotoni
2023-04-21,mkokotoni
2023-04-21,mkokotoni
2023-04-21,mkokotoni
2023-04-21,mkokotoni
2023-04-21,mkokotoni
2023-04-21,mkokotoni
2023-04-21,mkokotoni
2023-04-21,mkokotoni
2023-04-21,mkokotoni
2023-04-21,mkokotoni
2023-04-21,mkokotoni
2023-04-21,mkokotoni
2023-04-21,mkokotoni
2023-04-21,mkokotoni
2023-04-21,mkokotoni
2023-04-21,mkokotoni
2023-04-21,mkokotoni
2023-04-21,malindi
2023-04-21,malindi
2023-04-21,malindi
2023-04-21,malindi
2023-04-21,malindi
2023-04-21,malindi
2023-04-21,malindi
2023-04-21,malindi
2023-04-21,malindi
2023-04-21,malindi
2023-04-22,malindi
2023-04-22,malindi
2023-04-22,malindi
2023-04-22,malindi
2023-04-22,malindi
2023-04-22,malindi
2023-04-22,malindi
2023-04-22,malindi
2023-04-22,malindi
2023-04-22,malindi
2023-04-22,malindi
2023-04-22,malindi
2023-04-22,malindi
2023-04-22,malindi
2023-04-22,malindi
2023-04-22,malindi
2023-04-22,malindi
2023-04-23,malindi
2023-04-23,malindi
2023-04-23,malindi
2023-04-23,malindi
2023-04-24,malindi
2023-04-24,malindi
2023-04-24,malindi
2023-04-24,malindi
2023-04-24,malindi
2023-04-24,malindi
2023-04-24,malindi
2023-04-24,malindi
2023-04-24,malindi
2023-04-24,malindi
2023-04-24,malindi
2023-04-24,malindi
2023-04-24,malindi
2023-04-24,malindi
2023-04-24,malindi
2023-04-24,malindi
2023-04-24,malindi
2023-04-24,malindi
2023-04-24,malindi
2023-04-24,malindi
2023-04-24,malindi
2023-04-24,malindi
2023-04-24,malindi
2023-04-24,malindi
2023-04-24,malindi
2023-04-24,malindi
2023-04-24,malindi
2023-04-24,malindi
2023-04-24,malindi
2023-04-24,malindi
2023-04-24,malindi
2023-04-24,malindi
2023-04-24,mkokotoni
2023-04-24,mkokotoni
2023-04-24,mkokotoni
2023-04-24,mkokotoni
2023-04-24,mkokotoni
2023-04-24,mkokotoni
2023-04-25,mkokotoni
2023-04-25,mkokotoni
2023-04-26,msuka
2023-04-27,malindi
2023-04-27,msuka
2023-04-30,msuka
2023-04-30,msuka
2023-05-01,msuka
2023-05-01,msuka
2023-05-01,msuka
2023-05-01,msuka
2023-04-27,malindi
2023-04-27,malindi
2023-05-02,malindi
2023-05-02,malindi
2023-05-02,malindi
2023-05-02,malindi
2023-05-02,malindi
2023-05-02,malindi
2023-05-02,malindi
2023-05-02,malindi
2023-04-24,mkokotoni
2023-05-03,mkokotoni
2023-05-03,mkokotoni
2023-05-03,mkokotoni
2023-05-03,mkokotoni
2023-05-03,mkokotoni
2023-05-03,mkokotoni
2023-05-03,mkokotoni
2023-05-03,mkokotoni
2023-05-03,mkokotoni
2023-05-03,mkokotoni
2023-05-03,mkokotoni
2023-05-03,mkokotoni
2023-05-03,malindi
2023-05-03,malindi
2023-05-03,malindi
2023-04-25,tanga
2023-05-03,tanga
2023-05-03,tanga
2023-05-03,tanga
2023-05-03,malindi
2023-05-03,malindi
2023-05-03,malindi
2023-05-03,malindi
2023-05-03,malindi
2023-05-02,mkokotoni
2023-05-02,mkokotoni
2023-05-03,malindi
2023-05-03,malindi
2023-05-03,malindi
2023-05-03,mazizini
2023-05-03,mazizini
2023-05-03,malindi
2023-05-03,mkokotoni
2023-05-03,mkokotoni
2023-05-03,mkokotoni
2023-05-03,mkokotoni
2023-05-03,mkokotoni
2023-05-03,mkokotoni
2023-05-03,mkokotoni
2023-05-03,mkokotoni
2023-05-03,mkokotoni
2023-05-03,mkokotoni
2023-05-03,mkokotoni
2023-05-03,mkokotoni
2023-05-04,mkokotoni
2023-05-04,mkokotoni
2023-05-03,mkokotoni
2023-05-04,mkokotoni
2023-05-04,mkokotoni
2023-05-04,mkokotoni
2023-05-04,mkokotoni
2023-05-04,mkokotoni
2023-05-04,mkokotoni
2023-05-04,mkokotoni
2023-05-04,mkokotoni
2023-05-04,mkokotoni
2023-05-04,mkokotoni
2023-05-04,mkokotoni
2023-05-04,mkokotoni
2023-05-04,mkokotoni
2023-05-04,mkokotoni
2023-05-04,mkokotoni
2023-05-04,mkokotoni
2023-05-04,mkokotoni
2023-05-04,mkokotoni
2023-05-04,mkokotoni
2023-05-04,mkokotoni
2023-05-04,mkokotoni
2023-05-04,mkokotoni
2023-05-04,malindi
2023-05-04,malindi
2023-05-04,malindi
2023-05-04,malindi
2023-05-04,malindi
2023-05-04,malindi
2023-05-04,malindi
2023-05-04,malindi
2023-05-04,malindi
2023-05-04,malindi
2023-05-04,malindi
2023-05-04,malindi
2023-05-04,malindi
2023-05-04,malindi
2023-05-04,malindi
2023-05-04,malindi
2023-05-04,malindi
2023-05-04,malindi
2023-05-04,malindi
2023-05-04,malindi
2023-05-04,malindi
2023-05-04,malindi
2023-05-04,malindi
2023-05-04,malindi
2023-05-04,malindi
2023-05-04,malindi
2023-05-04,malindi
2023-05-04,malindi
2023-05-04,malindi
2023-05-04,malindi
2023-05-04,malindi
2023-05-04,malindi
2023-05-04,malindi
2023-05-04,malindi
2023-05-04,malindi
2023-05-04,malindi
2023-05-04,malindi
2023-05-04,malindi
2023-05-04,malindi
2023-05-04,malindi
2023-05-04,malindi
2023-05-04,malindi
2023-05-04,malindi
2023-05-04,malindi
2023-05-04,malindi
2023-05-04,malindi
2023-05-04,malindi
2023-05-04,malindi
2023-05-04,malindi
2023-05-05,malindi
2023-05-05,malindi
2023-05-05,malindi
2023-05-05,malindi
2023-05-05,malindi
2023-05-05,malindi
2023-05-05,malindi
2023-05-05,malindi
2023-05-05,malindi
2023-05-05,malindi
2023-05-05,malindi
2023-05-05,malindi
2023-05-05,malindi
2023-05-05,malindi
2023-05-05,malindi
2023-05-05,malindi
2023-05-05,malindi
2023-05-05,malindi
2023-05-05,malindi
2023-05-05,malindi
2023-05-05,malindi
2023-05-05,malindi
2023-05-05,malindi
2023-05-05,malindi
2023-05-05,malindi
2023-05-05,malindi
2023-05-05,malindi
2023-05-05,malindi
2023-05-05,malindi
2023-05-05,malindi
2023-05-05,malindi
2023-05-05,malindi
2023-05-05,malindi
2023-05-05,malindi
2023-05-05,malindi
2023-05-05,mkokotoni
2023-05-05,mkokotoni
2023-05-05,mkokotoni
2023-05-05,mkokotoni
2023-05-05,mkokotoni
2023-05-05,mkokotoni
2023-05-05,mkokotoni
2023-05-05,mkokotoni
2023-05-05,mkokotoni
2023-05-05,mkokotoni
2023-05-05,mkokotoni
2023-05-05,mkokotoni
2023-05-05,mkokotoni
2023-05-05,mkokotoni
2023-05-05,mkokotoni
2023-05-05,mkokotoni
2023-05-05,mkokotoni
2023-05-05,mkokotoni
2023-05-05,mkokotoni
2023-05-05,mkokotoni
2023-05-05,mkokotoni
2023-05-05,mkokotoni
2023-05-05,mkokotoni
2023-05-05,mkokotoni
2023-05-05,mkokotoni
2023-05-05,mkokotoni
2023-05-05,mkokotoni
2023-05-05,mkokotoni
2023-05-05,mkokotoni
2023-05-05,mkokotoni
2023-05-05,mkokotoni
2023-05-05,mkokotoni
2023-05-05,mkokotoni
2023-05-04,malindi
2023-05-05,malindi
2023-05-05,malindi
2023-05-05,malindi
2023-05-05,malindi
2023-05-05,malindi
2023-05-05,malindi
2023-05-05,malindi
2023-05-05,malindi
2023-05-05,malindi
2023-05-05,malindi
2023-05-05,mkokotoni
2023-05-05,mkokotoni
2023-05-05,mkokotoni
2023-05-05,mkokotoni
2023-05-05,mkokotoni
2023-05-05,mkokotoni
2023-05-05,mkokotoni
2023-05-05,mkokotoni
2023-05-05,mkokotoni
2023-05-05,mkokotoni
2023-05-05,mkokotoni
2023-05-05,mkokotoni
2023-05-05,mkokotoni
2023-05-05,mkokotoni
2023-05-05,mkokotoni
2023-05-05,mkokotoni
2023-05-05,mkokotoni
2023-05-05,malindi
2023-05-05,malindi
2023-05-05,malindi
2023-05-05,malindi
2023-05-05,malindi
2023-05-05,mkokotoni
2023-05-05,mkokotoni
2023-05-05,mkokotoni
2023-05-05,mkokotoni
2023-05-05,mkokotoni
2023-05-05,mkokotoni
2023-05-05,mkokotoni
2023-05-05,mkokotoni
2023-05-05,mkokotoni
2023-05-05,mkokotoni
2023-05-05,mkokotoni
2023-05-05,malindi
2023-05-05,mkokotoni
2023-05-05,mkokotoni
2023-05-05,mkokotoni
2023-05-05,mkokotoni
2023-05-05,mkokotoni
2023-05-05,mkokotoni
2023-05-05,mkokotoni
2023-05-05,mkokotoni
2023-05-05,mkokotoni
2023-05-05,mkokotoni
2023-05-05,mkokotoni
2023-05-05,mkokotoni
2023-05-05,mkokotoni
2023-05-05,mkokotoni
2023-05-05,mkokotoni
2023-05-05,mkokotoni
2023-05-05,mkokotoni
2023-05-05,mkokotoni
2023-05-05,mkokotoni
2023-05-05,mkokotoni
2023-05-05,mkokotoni
2023-05-05,mkokotoni
2023-05-05,mkokotoni
2023-05-05,mkokotoni
2023-05-05,mkokotoni
2023-05-05,mkokotoni
2023-05-05,mkokotoni
2023-05-06,mkokotoni
2023-05-06,malindi
2023-05-06,malindi
2023-05-06,malindi
2023-05-07,msuka
2023-05-07,msuka
2023-05-06,malindi
2023-05-06,malindi
2023-05-06,malindi
2023-05-08,mkokotoni
2023-05-08,mkokotoni
2023-05-08,mkokotoni
2023-05-08,mkokotoni
2023-05-08,mkokotoni
2023-05-08,mkokotoni
2023-05-08,mkokotoni
2023-05-08,mkokotoni
2023-05-08,mkokotoni
2023-05-08,mkokotoni
2023-05-08,mkokotoni
2023-05-08,mkokotoni
2023-05-08,mkokotoni
2023-05-08,mkokotoni
2023-05-08,mkokotoni
2023-05-08,mkokotoni
2023-05-08,mkokotoni
2023-05-08,mkokotoni
2023-05-08,mkokotoni
2023-05-08,mkokotoni
2023-05-08,mkokotoni
2023-05-08,mkokotoni
2023-05-08,mkokotoni
2023-05-08,mkokotoni
2023-05-08,mkokotoni
2023-05-08,mkokotoni
2023-05-08,mkokotoni
2023-05-08,mkokotoni
2023-05-08,mkokotoni
2023-05-08,mkokotoni
2023-05-08,mkokotoni
2023-05-08,mkokotoni
2023-05-08,mkokotoni
2023-05-08,mkokotoni
2023-05-08,mkokotoni
2023-05-08,mkokotoni
2023-05-08,mkokotoni
2023-05-08,mkokotoni
2023-05-08,mkokotoni
2023-05-08,mkokotoni
2023-05-08,mkokotoni
2023-05-08,mkokotoni
2023-05-08,mkokotoni
2023-05-08,mkokotoni
2023-05-08,mkokotoni
2023-05-08,mkokotoni
2023-05-08,mkokotoni
2023-05-08,malindi
2023-05-08,malindi
2023-05-08,malindi
2023-05-08,mkokotoni
2023-05-08,mkokotoni
2023-05-08,mkokotoni
2023-05-08,mkokotoni
2023-05-08,mkokotoni
2023-05-08,mkokotoni
2023-05-08,mkokotoni
2023-05-08,mkokotoni
2023-05-08,mkokotoni
2023-05-08,mkokotoni
2023-05-08,mkokotoni
2023-05-08,mkokotoni
2023-05-08,mkokotoni
2023-05-06,mkokotoni
2023-05-06,mkokotoni
2023-05-06,mkokotoni
2023-05-06,mkokotoni
2023-05-06,mkokotoni
2023-05-06,mkokotoni
2023-05-06,mkokotoni
2023-05-06,mkokotoni
2023-05-06,mkokotoni
2023-05-06,mkokotoni
2023-05-06,mkokotoni
2023-05-06,mkokotoni
2023-05-06,mkokotoni
2023-05-06,mkokotoni
2023-05-06,mkokotoni
2023-05-06,mkokotoni
2023-05-06,mkokotoni
2023-05-06,mkokotoni
2023-05-06,mkokotoni
2023-05-06,mkokotoni
2023-05-06,mkokotoni
2023-05-06,mkokotoni
2023-05-08,mkokotoni
2023-05-08,mkokotoni
2023-05-08,mkokotoni
2023-05-08,mkokotoni
2023-05-08,mkokotoni
2023-05-08,mkokotoni
2023-05-08,mkokotoni
2023-05-08,mkokotoni
2023-05-08,mkokotoni
2023-05-08,mkokotoni
2023-05-08,mkokotoni
2023-05-08,mkokotoni
2023-05-08,mkokotoni
2023-05-08,mkokotoni
2023-05-08,mkokotoni
2023-05-08,mkokotoni
2023-05-08,mkokotoni
2023-05-08,mkokotoni
2023-05-08,mkokotoni
2023-05-08,mkokotoni
2023-05-08,mkokotoni
2023-05-08,malindi
2023-05-08,malindi
2023-05-08,malindi
2023-05-08,malindi
2023-05-08,malindi
2023-05-08,malindi
2023-05-08,malindi
2023-05-08,malindi
2023-05-08,malindi
2023-05-08,malindi
2023-05-08,malindi
2023-05-08,malindi
2023-05-08,malindi
2023-05-08,malindi
2023-05-08,mkokotoni
2023-05-08,mkokotoni
2023-05-08,mkokotoni
2023-05-08,mkokotoni
2023-05-09,mkokotoni
2023-05-09,mkokotoni
2023-05-09,mkokotoni
2023-05-09,mkokotoni
2023-05-09,mkokotoni
2023-05-09,mkokotoni
2023-05-09,mkokotoni
2023-05-09,mkokotoni
2023-05-09,mkokotoni
2023-05-09,mkokotoni
2023-05-09,mkokotoni
2023-05-09,mkokotoni
2023-05-09,mkokotoni
2023-05-09,mkokotoni
2023-05-09,mkokotoni
2023-05-09,mkokotoni
2023-05-09,mkokotoni
2023-05-09,mkokotoni
2023-05-09,mkokotoni
2023-05-09,mkokotoni
2023-05-09,mkokotoni
2023-05-09,mkokotoni
2023-05-09,mkokotoni
2023-05-09,mkokotoni
2023-05-09,mkokotoni
2023-05-09,mkokotoni
2023-05-09,mkokotoni
2023-05-09,mkokotoni
2023-05-09,mkokotoni
2023-05-09,mkokotoni
2023-05-09,mkokotoni
2023-05-09,mkokotoni
2023-05-09,mkokotoni
2023-05-09,mkokotoni
2023-05-09,mkokotoni
2023-05-09,mkokotoni
2023-05-09,mkokotoni
2023-05-09,mkokotoni
2023-05-09,mkokotoni
2023-05-09,mkokotoni
2023-05-09,mkokotoni
2023-05-09,mkokotoni
2023-05-09,mkokotoni
2023-05-09,mkokotoni
2023-05-09,mkokotoni
2023-05-09,mkokotoni
2023-05-09,mkokotoni
2023-05-09,mkokotoni
2023-05-09,mkokotoni
2023-05-09,mkokotoni
2023-05-09,mkokotoni
2023-05-09,mkokotoni
2023-05-09,mkokotoni
2023-05-09,mkokotoni
2023-05-09,mkokotoni
2023-05-09,mkokotoni
2023-05-04,tanga
2023-05-04,tanga
2023-05-09,mkokotoni
2023-05-09,mkokotoni
2023-05-09,mkokotoni
2023-05-09,mkokotoni
2023-05-09,mkokotoni
2023-05-09,mkokotoni
2023-05-09,mkokotoni
2023-05-09,mkokotoni
2023-05-09,mkokotoni
2023-05-09,mkokotoni
2023-05-09,mkokotoni
2023-05-09,mkokotoni
2023-05-09,mkokotoni
2023-05-09,mkokotoni
2023-05-09,mkokotoni
2023-05-09,mkokotoni
2023-05-09,mkokotoni
2023-05-09,mkokotoni
2023-05-09,mkokotoni
2023-05-09,mkokotoni
2023-05-09,mkokotoni
2023-05-09,mkokotoni
2023-05-09,mkokotoni
2023-05-09,mkokotoni
2023-05-09,mkokotoni
2023-05-09,mkokotoni
2023-05-09,mkokotoni
2023-05-09,mkokotoni
2023-05-09,mkokotoni
2023-05-09,mkokotoni
2023-05-09,mkokotoni
2023-05-09,mkokotoni
2023-05-09,mkokotoni
2023-05-09,mkokotoni
2023-05-09,mkokotoni
2023-05-09,mkokotoni
2023-05-09,mkokotoni
2023-05-09,mkokotoni
2023-05-09,mkokotoni
2023-05-09,mkokotoni
2023-05-09,mkokotoni
2023-05-09,mkokotoni
2023-05-09,mkokotoni
2023-05-09,mkokotoni
2023-05-09,mkokotoni
2023-05-09,mkokotoni
2023-05-09,mkokotoni
2023-05-09,mkokotoni
2023-05-09,mkokotoni
2023-05-09,mkokotoni
2023-05-09,mkokotoni
2023-05-09,mkokotoni
2023-05-09,mkokotoni
2023-05-09,malindi
2023-05-09,mkokotoni
2023-05-09,mkokotoni
2023-05-09,mkokotoni
2023-05-09,mkokotoni
2023-05-09,mkokotoni
2023-05-09,mkokotoni
2023-05-09,mkokotoni
2023-05-09,mkokotoni
2023-05-09,mkokotoni
2023-05-09,mkokotoni
2023-05-09,mkokotoni
2023-05-09,mkokotoni
2023-05-09,mkokotoni
2023-05-09,mkokotoni
2023-05-09,mkokotoni
2023-05-09,mkokotoni
2023-05-10,mkokotoni
2023-05-10,mkokotoni
2023-05-10,mkokotoni
2023-05-10,mkokotoni
2023-05-10,mkokotoni
2023-05-10,mkokotoni
2023-05-10,mkokotoni
2023-05-10,mkokotoni
2023-05-10,mkokotoni
2023-05-10,mkokotoni
2023-05-10,mkokotoni
2023-05-10,mkokotoni
2023-05-10,mkokotoni
2023-05-10,mkokotoni
2023-05-10,mkokotoni
2023-05-10,mkokotoni
2023-05-10,mkokotoni
2023-05-10,mkokotoni
2023-05-10,mkokotoni
2023-05-10,mkokotoni
2023-05-10,mkokotoni
2023-05-10,mkokotoni
2023-05-10,mkokotoni
2023-05-10,mkokotoni
2023-05-10,mkokotoni
2023-05-10,mkokotoni
2023-05-10,mkokotoni
2023-05-10,mkokotoni
2023-05-10,mkokotoni
2023-05-10,mkokotoni
2023-05-10,mkokotoni
2023-05-10,mkokotoni
2023-05-09,mkokotoni
2023-05-10,mkokotoni
2023-05-10,mkokotoni
2023-05-10,mkokotoni
2023-05-10,mkokotoni
2023-05-10,mkokotoni
2023-05-10,mkokotoni
2023-05-10,mkokotoni
2023-05-10,mkokotoni
2023-05-10,mkokotoni
2023-05-10,mkokotoni
2023-05-10,mkokotoni
2023-05-10,mkokotoni
2023-05-10,mkokotoni
2023-05-10,mkokotoni
2023-05-10,mkokotoni
2023-05-11,mkokotoni
2023-05-11,mkokotoni
2023-05-11,mkokotoni
2023-05-11,mkokotoni
2023-05-11,mkokotoni
2023-05-11,mkokotoni
2023-05-11,mkokotoni
2023-05-11,mkokotoni
2023-05-11,mkokotoni
2023-05-11,mkokotoni
2023-05-11,mkokotoni
2023-05-11,mkokotoni
2023-05-11,mkokotoni
2023-05-11,mkokotoni
2023-05-11,mkokotoni
2023-05-11,mkokotoni
2023-05-11,mkokotoni
2023-05-11,mkokotoni
2023-05-11,mkokotoni
2023-05-11,mkokotoni
2023-05-11,mkokotoni
2023-05-11,mkokotoni
2023-05-11,mkokotoni
2023-05-11,mkokotoni
2023-05-11,mkokotoni
2023-05-11,mkokotoni
2023-05-11,mkokotoni
2023-05-11,mkokotoni
2023-05-11,mkokotoni
2023-05-11,mkokotoni
2023-05-11,mkokotoni
2023-05-11,mkokotoni
2023-05-11,mkokotoni
2023-05-11,mkokotoni
2023-05-11,mkokotoni
2023-05-11,mkokotoni
2023-05-11,mkokotoni
2023-05-11,mkokotoni
2023-05-12,mkokotoni
2023-05-12,mkokotoni
2023-05-12,mkokotoni
2023-05-12,mkokotoni
2023-05-12,mkokotoni
2023-05-12,mkokotoni
2023-05-12,mkokotoni
2023-05-12,mkokotoni
2023-05-12,mkokotoni
2023-05-12,mkokotoni
2023-05-12,mkokotoni
2023-05-12,mkokotoni
2023-05-12,mkokotoni
2023-05-12,mkokotoni
2023-05-12,mkokotoni
2023-05-12,mkokotoni
2023-05-12,mkokotoni
2023-05-12,mkokotoni
2023-05-12,mkokotoni
2023-05-12,mkokotoni
2023-05-12,mkokotoni
2023-05-12,mkokotoni
2023-05-14,msuka
2023-05-14,msuka
2023-05-14,msuka
2023-05-14,msuka
2023-05-12,mkokotoni
2023-05-15,mkokotoni
2023-05-15,tanga
2023-05-15,tanga
2023-05-15,tanga
2023-05-15,tanga
2023-05-11,mkokotoni
2023-05-11,mkokotoni
2023-05-11,mkokotoni
2023-05-11,mkokotoni
2023-05-11,mkokotoni
2023-05-11,mkokotoni
2023-05-11,mkokotoni
2023-05-11,mkokotoni
2023-05-11,mkokotoni
2023-05-11,mkokotoni
2023-05-11,mkokotoni
2023-05-11,mkokotoni
2023-05-11,mkokotoni
2023-05-11,mkokotoni
2023-05-11,mkokotoni
2023-05-11,mkokotoni
2023-05-11,mkokotoni
2023-05-11,mkokotoni
2023-05-11,mkokotoni
2023-05-11,mkokotoni
2023-05-11,mkokotoni
2023-05-11,mkokotoni
2023-05-11,mkokotoni
2023-05-11,mkokotoni
2023-05-09,mkokotoni
2023-05-11,mkokotoni
2023-05-11,mkokotoni
2023-05-11,mkokotoni
2023-05-11,mkokotoni
2023-05-11,mkokotoni
2023-05-11,mkokotoni
2023-05-11,mkokotoni
2023-05-11,mkokotoni
2023-05-11,mkokotoni
2023-05-11,mkokotoni
2023-05-11,mkokotoni
2023-05-11,mkokotoni
2023-05-11,mkokotoni
2023-05-11,mkokotoni
2023-05-12,mkokotoni
2023-05-12,mkokotoni
2023-05-13,mkokotoni
2023-05-13,mkokotoni
2023-05-13,mkokotoni
2023-05-13,mkokotoni
2023-05-13,mkokotoni
2023-05-13,mkokotoni
2023-05-13,mkokotoni
2023-05-13,mkokotoni
2023-05-13,mkokotoni
2023-05-13,mkokotoni
2023-05-13,mkokotoni
2023-05-13,mkokotoni
2023-05-13,mkokotoni
2023-05-13,mkokotoni
2023-05-13,mkokotoni
2023-05-13,mkokotoni
2023-05-13,mkokotoni
2023-05-13,mkokotoni
2023-05-15,mkokotoni
2023-05-15,mkokotoni
2023-05-15,mkokotoni
2023-05-15,mkokotoni
2023-05-15,mkokotoni
2023-05-15,mkokotoni
2023-05-15,mkokotoni
2023-05-15,mkokotoni
2023-05-15,mkokotoni
2023-05-15,mkokotoni
2023-05-15,mkokotoni
2023-05-15,mkokotoni
2023-05-15,mkokotoni
2023-05-15,mkokotoni
2023-05-15,mkokotoni
2023-05-15,mkokotoni
2023-05-15,mkokotoni
2023-05-15,mkokotoni
2023-05-15,mkokotoni
2023-05-15,mkokotoni
2023-05-15,mkokotoni
2023-03-21,malindi
2023-04-27,malindi
2023-04-27,malindi
2023-04-27,malindi
2023-04-27,malindi
2023-05-02,malindi
2023-05-16,malindi
2023-05-16,malindi
2023-04-27,malindi
2023-05-02,malindi
2023-05-16,malindi
2023-05-15,mkokotoni
2023-05-15,mkokotoni
2023-05-15,mkokotoni
2023-05-15,mkokotoni
2023-05-15,mkokotoni
2023-05-15,mkokotoni
2023-05-15,mkokotoni
2023-05-15,mkokotoni
2023-05-15,mkokotoni
2023-05-15,mkokotoni
2023-05-15,mkokotoni
2023-05-15,mkokotoni
2023-05-17,msuka
2023-05-17,msuka
2023-05-17,mazizini
2023-05-17,mazizini
2023-05-16,tanga
2023-05-16,tanga
2023-05-16,tanga
2023-05-21,msuka
2023-05-24,msuka
2023-05-24,msuka
2023-05-24,msuka
2023-05-24,msuka
2023-05-15,mkokotoni
2023-05-24,mkokotoni
2023-05-24,mkokotoni
2023-05-24,mkokotoni
2023-05-24,mkokotoni
2023-05-24,mkokotoni
2023-05-24,mkokotoni
2023-05-24,mkokotoni
2023-05-24,mkokotoni
2023-05-24,mkokotoni
2023-05-24,mkokotoni
2023-05-24,mkokotoni
2023-05-24,mkokotoni
2023-05-24,mkokotoni
2023-05-24,mkokotoni
2023-05-24,mkokotoni
2023-05-24,mkokotoni
2023-05-24,mkokotoni
2023-05-24,mkokotoni
2023-05-25,mkokotoni
2023-05-25,mkokotoni
2023-05-25,mkokotoni
2023-05-25,mkokotoni
2023-05-25,mkokotoni
2023-05-25,mkokotoni
2023-05-25,mkokotoni
2023-05-25,mkokotoni
2023-05-25,mkokotoni
2023-05-25,mkokotoni
2023-05-25,mkokotoni
2023-05-25,mkokotoni
2023-05-25,malindi
2023-05-25,malindi
2023-05-25,malindi
2023-05-25,mkokotoni
2023-05-25,mkokotoni
2023-05-25,mkokotoni
2023-05-25,mkokotoni
2023-05-25,mkokotoni
2023-05-25,mkokotoni
2023-05-29,mkokotoni
2023-05-30,mkokotoni
2023-05-30,mkokotoni
2023-05-30,mkokotoni
2023-05-30,mkokotoni
2023-05-30,mkokotoni
2023-05-17,tanga
2023-05-17,tanga
2023-05-17,tanga
2023-05-30,tanga
2023-05-30,msuka
2023-05-30,msuka
2023-05-25,mkokotoni
2023-05-25,mkokotoni
2023-06-01,mkokotoni
2023-06-01,mkokotoni
2023-06-01,mkokotoni
2023-06-01,mkokotoni
2023-06-01,mkokotoni
2023-06-01,mkokotoni
2023-06-01,mkokotoni
2023-06-01,mkokotoni
2023-06-01,mkokotoni
2023-06-01,mkokotoni
2023-06-01,mkokotoni
2023-06-01,mkokotoni
2023-06-01,mkokotoni
2023-06-01,mkokotoni
2023-06-01,mkokotoni
2023-06-01,mkokotoni
2023-06-01,mkokotoni
2023-06-01,mkokotoni
2023-06-01,mkokotoni
2023-06-01,mkokotoni
2023-06-01,mkokotoni
2023-06-01,mkokotoni
2023-06-01,mkokotoni
2023-06-01,mkokotoni
2023-05-08,kizimkazi dimbani
2023-05-08,kizimkazi dimbani
2023-06-01,mkokotoni
2023-06-01,mkokotoni
2023-06-01,mazizini
2023-06-01,mazizini
2023-06-01,mazizini
2023-06-01,mazizini
2023-06-01,mazizini
2023-06-01,mkokotoni
2023-06-01,mkokotoni
2023-06-01,mkokotoni
2023-06-01,mkokotoni
2023-06-01,mkokotoni
2023-06-01,mkokotoni
2023-06-01,mkokotoni
2023-06-01,mkokotoni
2023-06-01,mkokotoni
2023-06-01,mkokotoni
2023-06-01,mkokotoni
2023-06-01,mkokotoni
2023-06-01,mkokotoni
2023-06-01,mkokotoni
2023-06-01,mkokotoni
2023-06-01,mkokotoni
2023-06-01,mkokotoni
2023-06-02,mkokotoni
2023-06-02,mkokotoni
2023-06-02,mkokotoni
2023-06-02,mkokotoni
2023-06-02,mkokotoni
2023-06-02,mkokotoni
2023-06-02,mkokotoni
2023-06-02,mkokotoni
2023-06-02,mkokotoni
2023-06-02,mkokotoni
2023-06-02,mkokotoni
2023-06-02,mkokotoni
2023-06-02,mkokotoni
2023-06-05,malindi
2023-06-05,malindi
2023-06-05,malindi
2023-06-05,malindi
2023-06-05,malindi
2023-05-15,mkokotoni
2023-05-24,mkokotoni
2023-05-24,mkokotoni
2023-05-24,mkokotoni
2023-05-24,mkokotoni
2023-06-05,mkokotoni
2023-06-05,mkokotoni
2023-06-05,mkokotoni
2023-06-05,mkokotoni
2023-06-05,mkokotoni
2023-06-05,mkokotoni
2023-06-05,mkokotoni
2023-06-05,mkokotoni
2023-06-05,mkokotoni
2023-06-05,mkokotoni
2023-06-05,mkokotoni
2023-06-05,mkokotoni
2023-06-05,mkokotoni
2023-06-05,mkokotoni
2023-06-05,mkokotoni
2023-06-05,mkokotoni
2023-06-05,mkokotoni
2023-06-05,mkokotoni
2023-06-05,mkokotoni
2023-06-05,mkokotoni
2023-06-05,mkokotoni
2023-06-05,mkokotoni
2023-06-05,mkokotoni
2023-06-05,mkokotoni
2023-06-05,mkokotoni
2023-06-05,mkokotoni
2023-06-05,mkokotoni
2023-06-05,mkokotoni
2023-06-05,mkokotoni
2023-06-05,mkokotoni
2023-06-05,mkokotoni
2023-06-05,mkokotoni
2023-06-05,mkokotoni
2023-06-05,mkokotoni
2023-06-05,mkokotoni
2023-06-05,mkokotoni
2023-06-02,mkokotoni
2023-06-05,mkokotoni
2023-06-05,mkokotoni
2023-06-05,mkokotoni
2023-06-05,mkokotoni
2023-06-05,mkokotoni
2023-06-05,mkokotoni
2023-06-05,mkokotoni
2023-06-05,mkokotoni
2023-06-05,mkokotoni
2023-06-05,mkokotoni
2023-06-06,mkokotoni
2023-06-06,mkokotoni
2023-06-06,mkokotoni
2023-06-06,mkokotoni
2023-06-06,mkokotoni
2023-06-06,mkokotoni
2023-06-06,mkokotoni
2023-06-06,mkokotoni
2023-06-06,mkokotoni
2023-06-06,mkokotoni
2023-06-06,mkokotoni
2023-06-06,mkokotoni
2023-06-06,mkokotoni
2023-06-06,mkokotoni
2023-06-06,mkokotoni
2023-06-06,mkokotoni
2023-06-06,mkokotoni
2023-06-06,mkokotoni
2023-06-06,mkokotoni
2023-06-06,mazizini
2023-06-06,mazizini
2023-06-06,mazizini
2023-06-06,mazizini
2023-06-06,mazizini
2023-06-06,mazizini
2023-06-06,mazizini
2023-06-06,mazizini
2023-06-06,mazizini
2023-06-06,mazizini
2023-06-06,mazizini
2023-06-06,mkokotoni
2023-06-06,mkokotoni
2023-06-06,mkokotoni
2023-06-06,mkokotoni
2023-06-06,mkokotoni
2023-05-30,tanga
2023-05-30,tanga
2023-06-07,tanga
2023-06-07,tanga
2023-06-08,kizimkazi dimbani
2023-06-06,mkokotoni
2023-06-08,mkokotoni
2023-06-08,mkokotoni
2023-06-08,mkokotoni
2023-06-08,mkokotoni
2023-06-08,mkokotoni
2023-06-08,mkokotoni
2023-06-08,mkokotoni
2023-06-08,mkokotoni
2023-06-08,mkokotoni
2023-06-08,mkokotoni
2023-06-08,mkokotoni
2023-06-08,mazizini
2023-06-08,mazizini
2023-06-08,mkokotoni
2023-06-08,mkokotoni
2023-06-08,mkokotoni
2023-06-08,mkokotoni
2023-06-08,mkokotoni
2023-06-09,mkokotoni
2023-06-09,mkokotoni
2023-06-09,mkokotoni
2023-06-09,mkokotoni
2023-06-09,mkokotoni
2023-06-09,mkokotoni
2023-06-09,mkokotoni
2023-06-09,mkokotoni
2023-06-09,mkokotoni
2023-06-09,mkokotoni
2023-06-09,mkokotoni
2023-06-09,mkokotoni
2023-06-09,mkokotoni
2023-06-09,mkokotoni
2023-06-09,mkokotoni
2023-06-09,mkokotoni
2023-06-09,mkokotoni
2023-06-09,mkokotoni
2023-06-09,mkokotoni
2023-06-09,mkokotoni
2023-06-09,mkokotoni
2023-06-09,mkokotoni
2023-06-09,mkokotoni
2023-06-09,mkokotoni
2023-06-09,mkokotoni
2023-06-09,mkokotoni
2023-06-09,mkokotoni
2023-06-09,mkokotoni
2023-06-11,msuka
2023-06-11,msuka
2023-06-11,msuka
2023-06-12,kizimkazi dimbani
2023-06-13,tanga
2023-06-13,tanga
2023-06-13,tanga
2023-06-13,msuka
2023-06-13,msuka
2023-06-09,mkokotoni
2023-06-14,mkokotoni
2023-06-14,mkokotoni
2023-06-14,mkokotoni
2023-06-14,mkokotoni
2023-06-14,mkokotoni
2023-06-14,mkokotoni
2023-06-14,mkokotoni
2023-06-14,mkokotoni
2023-06-14,mkokotoni
2023-06-14,mkokotoni
2023-06-14,mkokotoni
2023-06-14,mkokotoni
2023-06-14,mkokotoni
2023-06-14,mkokotoni
2023-06-14,mkokotoni
2023-06-14,mkokotoni
2023-06-14,malindi
2023-06-14,malindi
2023-06-14,malindi
2023-06-14,malindi
2023-06-14,malindi
2023-06-14,malindi
2023-06-14,mazizini
2023-06-14,malindi
2023-06-14,mazizini
2023-06-14,mazizini
2023-06-14,mkokotoni
2023-06-14,mkokotoni
2023-06-14,mkokotoni
2023-06-14,mkokotoni
2023-06-14,mkokotoni
2023-06-14,mkokotoni
2023-06-14,mkokotoni
2023-06-14,mkokotoni
2023-06-14,mkokotoni
2023-06-14,mkokotoni
2023-06-14,mkokotoni
2023-06-14,mkokotoni
2023-06-14,mkokotoni
2023-06-14,mkokotoni
2023-06-14,mkokotoni
2023-06-14,mkokotoni
2023-06-14,mkokotoni
2023-06-14,mkokotoni
2023-06-14,mkokotoni
2023-06-14,mkokotoni
2023-06-14,mkokotoni
2023-06-14,msuka
2023-06-14,mkokotoni
2023-06-15,mkokotoni
2023-06-15,mkokotoni
2023-06-15,mkokotoni
2023-06-15,mkokotoni
2023-06-15,mkokotoni
2023-06-15,mkokotoni
2023-06-15,mkokotoni
2023-06-15,mkokotoni
2023-06-15,mkokotoni
2023-06-15,mkokotoni
2023-06-15,mkokotoni
2023-06-15,mkokotoni
2023-06-15,mkokotoni
2023-06-15,mkokotoni
2023-06-15,mkokotoni
2023-06-15,mkokotoni
2023-06-15,mkokotoni
2023-06-15,mkokotoni
2023-06-15,mkokotoni
2023-06-15,mkokotoni
2023-06-15,mkokotoni
2023-06-15,mkokotoni
2023-06-15,mkokotoni
2023-06-15,mkokotoni
2023-06-15,mkokotoni
2023-06-15,mkokotoni
2023-06-15,mkokotoni
2023-06-15,mazizini
2023-06-15,mazizini
2023-06-15,mazizini
2023-06-15,mazizini
2023-06-15,mazizini
2023-06-15,mazizini
2023-06-15,mkokotoni
2023-06-15,mkokotoni
2023-06-15,mkokotoni
2023-06-15,mkokotoni
2023-06-15,mkokotoni
2023-06-15,mkokotoni
2023-06-15,mkokotoni
2023-06-15,mkokotoni
2023-06-15,mkokotoni
2023-06-15,mkokotoni
2023-06-15,mkokotoni
2023-06-15,mkokotoni
2023-06-15,mkokotoni
2023-06-15,mkokotoni
2023-06-16,mkokotoni
2023-06-16,mkokotoni
2023-06-16,mkokotoni
2023-06-16,mkokotoni
2023-06-16,mkokotoni
2023-06-16,mkokotoni
2023-06-16,mkokotoni
2023-06-18,msuka
2023-06-18,msuka
2023-06-06,mkokotoni
2023-06-19,mkokotoni
2023-06-19,kizimkazi dimbani
2023-06-19,kizimkazi dimbani
2023-06-05,mazizini
2023-06-10,mazizini
2023-06-10,mazizini
2023-06-10,mkokotoni
2023-06-10,mkokotoni
2023-06-10,mkokotoni
2023-06-10,mkokotoni
2023-06-10,mkokotoni
2023-06-10,mkokotoni
2023-06-10,mkokotoni
2023-06-12,mkokotoni
2023-06-12,mkokotoni
2023-06-12,mkokotoni
2023-06-12,mkokotoni
2023-06-12,mkokotoni
2023-06-12,mkokotoni
2023-06-12,mkokotoni
2023-06-12,mkokotoni
2023-06-12,mkokotoni
2023-06-12,mkokotoni
2023-06-12,mkokotoni
2023-06-12,mkokotoni
2023-06-12,mkokotoni
2023-06-12,mkokotoni
2023-06-12,mkokotoni
2023-06-12,mkokotoni
2023-06-12,mkokotoni
2023-06-12,mkokotoni
2023-06-12,mkokotoni
2023-06-12,mkokotoni
2023-06-12,mkokotoni
2023-06-13,mkokotoni
2023-06-13,mkokotoni
2023-06-13,mkokotoni
2023-06-13,mkokotoni
2023-06-20,mkokotoni
2023-06-20,mkokotoni
2023-06-20,mkokotoni
2023-06-20,mkokotoni
2023-06-20,mkokotoni
2023-06-20,mkokotoni
2023-06-19,mazizini
2023-06-20,mkokotoni
2023-06-20,mkokotoni
2023-06-20,mkokotoni
2023-06-20,mkokotoni
2023-06-20,mkokotoni
2023-06-20,mkokotoni
2023-06-20,mkokotoni
2023-06-20,mkokotoni
2023-06-20,mkokotoni
2023-06-20,mkokotoni
2023-06-20,mkokotoni
2023-06-20,mkokotoni
2023-06-20,mkokotoni
2023-06-20,mkokotoni
2023-06-20,mkokotoni
2023-06-20,mkokotoni
2023-06-20,mkokotoni
2023-06-20,mazizini
2023-06-20,mkokotoni
2023-06-20,mkokotoni
2023-06-20,msuka
2023-06-20,mazizini
2023-06-20,mazizini
2023-06-20,mazizini
2023-06-20,mkokotoni
2023-06-20,mkokotoni
2023-06-20,mkokotoni
2023-06-20,mkokotoni
2023-06-20,mkokotoni
2023-06-20,mkokotoni
2023-06-20,mkokotoni
2023-06-20,mkokotoni
2023-06-20,mkokotoni
2023-06-20,mkokotoni
2023-06-20,mkokotoni
2023-06-20,mkokotoni
2023-06-20,mkokotoni
2023-06-20,mkokotoni
2023-06-20,mkokotoni
2023-06-20,mkokotoni
2023-06-20,mkokotoni
2023-06-20,mkokotoni
2023-06-20,mkokotoni
2023-06-20,mkokotoni
2023-06-20,mkokotoni
2023-06-20,mkokotoni
2023-06-20,mkokotoni
2023-06-20,mkokotoni
2023-06-20,mkokotoni
2023-06-20,mkokotoni
2023-06-20,mkokotoni
2023-06-20,mkokotoni
2023-06-20,mkokotoni
2023-06-20,mkokotoni
2023-06-20,mkokotoni
2023-06-20,mkokotoni
2023-06-20,mkokotoni
2023-06-20,mkokotoni
2023-06-20,mkokotoni
2023-06-20,mkokotoni
2023-06-20,mkokotoni
2023-06-20,mkokotoni
2023-06-20,mkokotoni
2023-05-16,malindi
2023-05-16,malindi
2023-05-16,malindi
2023-05-16,malindi
2023-05-16,malindi
2023-05-16,malindi
2023-05-16,malindi
2023-05-16,malindi
2023-06-21,malindi
2023-06-21,malindi
2023-06-21,malindi
2023-06-21,tanga
2023-06-21,tanga
2023-06-21,msuka
2023-06-21,msuka
2023-06-21,msuka
2023-06-20,mazizini
2023-06-22,mazizini
2023-06-22,mkokotoni
2023-06-22,mkokotoni
2023-06-22,mkokotoni
2023-06-22,mkokotoni
2023-06-22,mkokotoni
2023-06-22,mkokotoni
2023-06-22,mkokotoni
2023-06-22,mazizini
2023-06-22,mkokotoni
2023-06-22,mkokotoni
2023-06-22,mkokotoni
2023-06-22,mkokotoni
2023-06-22,mkokotoni
2023-06-22,mkokotoni
2023-06-22,mazizini
2023-06-22,mkokotoni
2023-06-22,mkokotoni
2023-06-22,mkokotoni
2023-06-22,mkokotoni
2023-06-22,mkokotoni
2023-06-22,mkokotoni
2023-06-22,mkokotoni
2023-06-22,mkokotoni
2023-06-22,mkokotoni
2023-06-22,mkokotoni
2023-06-22,mkokotoni
2023-06-22,mkokotoni
2023-06-22,mkokotoni
2023-06-22,mkokotoni
2023-06-22,mkokotoni
2023-06-22,mkokotoni
2023-06-22,mkokotoni
2023-06-22,mkokotoni
2023-06-22,mkokotoni
2023-06-22,mkokotoni
2023-06-22,mkokotoni
2023-06-22,mkokotoni
2023-06-22,mkokotoni
2023-06-22,mkokotoni
2023-06-22,mkokotoni
2023-06-22,mkokotoni
2023-06-22,mkokotoni
2023-06-23,mkokotoni
2023-06-23,mkokotoni
2023-06-23,mkokotoni
2023-06-23,mkokotoni
2023-06-23,mkokotoni
2023-06-23,mkokotoni
2023-06-23,mkokotoni
2023-06-23,mkokotoni
2023-06-23,mkokotoni
2023-06-23,mkokotoni
2023-06-23,mkokotoni
2023-06-23,mkokotoni
2023-06-13,mkokotoni
2023-06-13,mkokotoni
2023-06-13,mkokotoni
,
,
,
,
,
,
,
,
,
,
,
,
,
,
,
,
,
,
,
,
,
,
,
,
,
,
,
,
,
,
,
,
,
,
,
,
,
,
,
,
,
,
,
,
,
,
,
,
,
,
2023-06-23,mkokotoni
,
,
,
,
,
,
,
,
,
,
,
,
,
,
,
,
,
,
,
,
,
,
,
,
,
,
,
,
,
,
,
,
,
,
,
,
,
,
,
,
,
,
,
,
,
,
,
,
,
,
,
,
,
2023-06-23,mkokotoni
,
,
,
,
,
,
,
,
,
,
,
,
,
,
,
,
,
,
,
,
,
,
,
,
,
,
,
,
,
,
,
,
,
,
,
,
,
,
,
,
,
,
,
,
,
,
,
,
2023-06-23,mkokotoni
,
,
,
,
,
,
,
,
,
,
,
,
,
,
,
,
,
,
,
,
,
,
,
,
,
,
,
,
,
,
,
,
,
,
,
,
,
,
,
,
,
,
,
,
,
,
,
,
,
,
,
,
,
,
,
,
,
,
,
,
,
2023-06-23,mkokotoni
,
,
,
,
,
,
,
,
,
,
,
,
,
,
,
,
,
,
,
,
,
,
,
,
,
,
,
,
,
,
,
,
,
,
,
,
,
,
,
,
,
,
,
,
,
,
,
,
,
,
,
,
,
,
,
,
,
,
,
,
,
,
,
,
,
,
,
2023-06-23,mkokotoni
,
,
,
,
,
,
,
,
,
,
,
,
,
,
,
,
,
,
,
,
,
,
,
,
,
,
,
,
,
,
,
,
,
,
,
,
,
,
,
,
2023-06-23,mkokotoni
,
,
,
,
,
,
,
,
,
,
,
,
,
,
,
,
,
,
,
,
,
,
,
,
,
,
,
,
,
,
,
,
,
,
,
,
,
,
,
,
,
,
,
,
,
,
,
,
,
,
,
,
,
,
,
,
,
,
,
,
2023-06-23,mkokotoni
,
,
,
,
,
,
,
,
,
,
,
,
,
,
,
,
,
,
,
,
,
,
,
,
,
,
,
,
,
,
,
,
,
,
,
,
,
,
,
,
,
,
,
,
,
,
,
,
,
,
,
,
,
,
,
,
,
,
,
,
,
,
,
,
,
,
,
,
,
,
,
,
,
,
,
,
,
,
,
,
,
,
,
,
,
,
,
,
,
,
,
,
,
,
,
,
,
,
,
,
,
,
,
,
,
,
,
,
,
,
,
,
,
,
,
,
,
,
,
,
,
,
,
,
,
,
,
,
,
,
,
,
,
,
,
,
,
,
,
,
,
,
,
,
,
,
,
,
,
,
,
,
,
,
,
,
,
,
,
,
,
,
,
,
,
,
,
,
,
,
,
,
,
,
,
,
,
,
,
,
,
,
,
,
,
,
,
,
,
,
,
,
,
,
,
,
,
,
,
,
,
,
,
,
,
,
,
,
,
,
,
,
,
,
,
,
,
,
,
,
,
,
,
,
,
,
,
,
,
,
,
,
,
,
,
,
,
,
,
,
,
,
,
,
,
,
,
,
,
,
,
,
,
,
,
,
,
,
,
,
,
,
,
,
,
,
,
,
,
,
,
,
,
,
,
,
,
,
,
,
,
,
,
,
,
,
,
,
,
,
,
,
,
,
,
,
,
,
,
,
,
,
,
,
,
,
,
,
,
,
,
,
,
,
,
,
,
,
,
,
,
,
,
,
,
,
,
,
,
,
,
,
,
,
,
,
,
,
,
,
,
,
,
,
,
,
,
,
,
,
,
,
,
,
,
,
,
,
,
,
,
,
,
,
,
,
,
,
,
,
,
,
,
,
,
,
,
,
,
,
,
,
,
,
,
,
,
,
,
,
,
,
,
,
,
,
,
,
,
,
,
,
,
,
,
,
,
,
,
,
,
,
,
,
,
,
,
,
,
,
,
,
,
,
,
,
,
,
,
,
,
,
,
,
,
,
,
,
,
,
,
,
,
,
,
,
,
,
,
,
,
,
,
,
,
,
,
,
,
,
,
,
,
,
,
,
,
,
,
,
,
,
,
,
,
,
,
,
,
,
,
,
,
,
,
2023-06-23,mkokotoni
,
,
,
,
,
,
,
,
,
,
,
,
,
,
,
,
,
,
,
,
,
,
,
,
,
,
,
,
,
,
,
,
,
,
,
,
,
,
,
,
,
,
,
,
,
,
,
,
,
,
,
,
,
,
,
,
,
,
,
,
,
,
,
,
,
,
,
,
,
,
,
,
,
,
,
,
,
,
,
,
,
,
,
,
,
,
,
,
,
,
,
,
,
,
,
,
,
,
,
,
,
,
,
,
,
,
,
,
,
,
,
,
,
,
,
,
,
,
,
,
,
,
,
,
,
,
,
,
,
,
,
,
,
,
,
,
,
,
,
,
,
,
,
,
,
,
,
,
,
,
,
,
2023-06-23,mkokotoni
,
,
,
,
,
,
,
,
,
,
,
,
,
,
,
,
,
,
,
,
,
,
,
,
,
,
,
,
,
,
,
,
,
,
,
,
,
,
,
,
,
,
,
,
,
,
,
,
,
,
,
,
,
,
,
,
,
,
,
,
,
,
,
,
,
,
,
,
,
,
,
,
,
,
,
,
,
,
,
,
,
,
,
,
,
,
,
,
,
,
,
,
,
,
,
,
,
,
,
,
,
,
,
,
,
,
,
,
,
,
,
,
,
,
,
,
,
,
,
,
,
,
,
,
,
,
,
,
,
,
,
,
,
,
,
,
,
,
,
,
,
,
,
,
,
,
,
,
,
,
,
,
,
,
,
,
,
,
,
,
,
,
,
,
,
,
,
,
,
,
,
,
,
,
,
,
,
,
,
,
,
,
,
,
,
,
,
,
,
,
,
,
,
,
,
,
,
,
,
,
,
,
,
,
,
,
,
,
,
,
,
,
,
,
,
,
,
,
,
,
,
,
,
,
,
,
,
,
,
,
,
,
,
,
,
,
,
,
,
,
,
,
2023-06-23,mkokotoni
,
,
,
,
,
,
,
,
,
,
,
,
,
,
,
,
,
,
,
,
,
,
,
,
,
,
,
,
,
,
,
,
,
,
,
,
,
,
,
,
,
,
,
,
,
,
,
,
,
,
,
,
,
,
,
,
,
,
,
,
,
,
,
,
,
,
,
,
,
,
,
,
,
,
,
,
,
,
,
,
,
,
,
,
,
,
,
,
,
,
,
,
,
,
,
,
,
,
,
,
,
,
,
,
,
,
,
,
,
,
,
,
,
,
,
,
,
,
,
,
,
,
,
,
,
2023-06-23,mkokotoni
,
,
,
,
,
,
,
,
,
,
,
,
,
,
,
,
,
,
,
,
,
,
,
,
,
,
,
,
,
,
,
,
,
,
,
,
,
,
,
,
,
,
,
,
,
,
,
,
,
,
,
,
,
,
,
,
,
,
,
,
,
,
,
,
,
,
,
,
,
,
,
,
,
,
,
,
,
,
,
,
,
,
,
,
,
,
,
,
,
,
,
,
,
,
,
,
,
,
,
,
,
,
,
,
,
,
,
,
,
,
,
,
,
,
,
,
,
,
,
,
,
,
,
,
,
,
,
,
,
,
,
,
,
,
,
,
,
,
,
,
,
,
,
,
,
,
,
,
,
,
,
,
,
,
,
,
,
,
,
,
,
,
,
,
,
,
,
,
,
,
,
,
,
,
,
,
,
,
2023-06-23,mkokotoni
,
,
,
,
,
,
,
,
,
,
,
,
,
,
,
,
,
,
,
,
,
,
,
,
,
,
,
,
,
,
,
,
,
,
,
,
,
,
,
,
,
,
,
,
,
,
,
,
,
,
,
,
,
,
,
,
,
,
,
,
,
,
,
,
,
,
,
,
,
,
,
,
,
,
,
,
,
,
,
,
,
,
,
,
,
,
,
,
,
,
,
,
,
,
,
,
,
,
,
,
,
,
,
,
,
,
,
,
,
,
,
,
,
,
,
,
,
,
,
2023-06-23,mkokotoni
,
,
,
,
,
,
,
,
,
,
,
,
,
,
,
,
,
,
,
,
,
,
,
,
,
,
,
,
,
,
,
,
,
,
,
,
,
,
,
,
,
,
,
,
,
,
,
,
,
,
,
,
,
,
,
,
,
,
,
,
,
,
,
,
,
,
,
,
,
,
,
,
,
,
,
,
,
,
,
,
,
,
,
,
,
,
,
,
,
,
,
,
,
,
,
,
,
,
,
,
,
,
,
,
,
,
,
,
,
,
,
,
2023-06-23,mkokotoni
,
,
,
,
,
,
,
,
,
,
,
,
,
,
,
,
,
,
,
,
,
,
,
,
,
,
,
,
,
,
,
,
,
,
,
,
,
,
,
,
,
,
,
,
,
,
,
,
,
,
,
,
,
,
,
,
,
,
,
,
,
,
,
,
,
,
,
,
,
,
,
,
,
,
,
,
,
,
,
,
,
,
,
,
,
,
,
,
,
,
,
,
,
,
,
,
,
,
,
,
,
,
,
,
,
,
,
,
,
,
,
,
,
,
,
,
,
,
,
,
,
,
,
,
,
,
,
,
,
,
,
,
,
,
,
,
,
,
,
,
,
,
,
,
,
,
,
,
,
,
,
,
,
,
,
,
,
,
,
,
,
,
,
,
,
,
,
,
,
,
,
,
,
,
,
,
,
,
,
,
,
,
,
,
,
,
,
,
,
,
,
,
,
,
,
,
,
,
,
,
,
,
,
,
,
,
,
,
,
,
,
,
,
,
,
,
,
,
,
,
,
,
,
,
,
,
,
,
,
,
,
,
,
,
,
,
,
2023-06-23,mkokotoni
,
,
,
,
,
,
,
,
,
,
,
,
,
,
,
,
,
,
,
,
,
,
,
,
,
,
,
,
,
,
,
,
,
,
,
,
,
,
,
,
,
,
,
,
,
,
,
,
,
,
,
,
,
,
,
,
,
,
,
,
,
,
,
,
,
,
,
,
,
,
,
,
,
,
,
,
,
,
,
,
,
,
,
,
,
,
,
,
,
,
,
,
,
,
,
,
,
,
,
,
,
,
,
,
,
,
,
,
,
,
,
,
,
,
,
,
,
,
,
,
,
,
,
,
,
,
,
,
,
,
,
,
,
,
,
,
,
,
,
,
,
,
,
,
,
,
,
,
,
,
,
,
,
,
,
,
,
,
,
,
,
,
,
,
,
,
,
,
,
,
,
,
,
,
,
,
,
,
,
,
,
,
,
,
,
,
,
,
,
,
,
,
,
,
,
,
,
,
,
,
,
,
,
,
,
,
,
,
,
,
,
,
,
,
,
,
,
,
,
,
,
,
,
,
,
,
,
2023-06-25,msuka
2023-06-25,msuka
2023-06-25,msuka
2023-06-25,msuka
,
,
,
,
,
,
,
,
,
,
,
,
,
,
,
,
,
,
,
,
,
,
,
,
,
,
,
,
,
,
,
,
,
,
,
,
,
,
,
,
,
,
,
,
,
,
,
,
,
,
,
,
,
,
,
,
,
,
,
,
,
,
,
,
,
,
,
,
,
,
,
,
,
,
,
,
,
,
,
,
,
,
,
,
,
,
,
,
,
,
,
,
,
,
,
,
,
,
,
,
,
,
,
,
,
,
,
,
,
,
,
,
,
,
,
,
,
,
,
,
,
,
,
,
,
,
,
,
,
,
,
,
,
,
,
,
,
,
,
,
,
,
,
,
,
,
,
,
,
,
,
,
,
,
,
,
,
,
,
,
,
,
,
,
,
,
,
,
,
,
,
,
,
,
,
,
,
,
,
,
,
,
,
,
,
,
,
,
,
,
,
,
,
,
,
,
,
,
,
,
,
,
,
,
,
,
,
,
,
,
,
,
,
,
,
,
,
,
,
,
,
,
,
,
,
,
,
,
,
,
,
,
,
,
,
,
,
,
,
,
,
,
,
,
,
,
,
,
,
,
,
,
,
,
,
,
,
,
,
,
,
,
,
,
,
,
,
,
,
,
,
,
,
,
,
,
,
,
,
,
,
,
,
,
,
,
,
,
,
,
,
,
,
,
,
,
,
,
,
,
,
,
,
,
,
,
,
,
,
,
,
,
,
,
,
,
,
,
,
,
,
,
,
,
,
,
,
,
,
,
,
,
,
,
,
,
,
,
,
,
,
,
,
,
,
,
,
,
,
,
,
,
,
,
,
,
,
,
,
,
,
,
,
,
,
,
,
,
,
,
,
,
,
,
,
,
,
,
,
,
,
,
,
,
,
,
,
,
,
,
,
,
,
,
,
,
,
,
,
,
,
,
,
,
,
,
,
,
,
,
,
,
,
,
,
,
,
,
,
,
,
,
,
,
,
,
,
,
,
,
,
,
,
,
,
,
,
,
,
,
,
,
,
,
,
,
,
,
,
,
,
,
,
,
,
,
,
,
,
,
,
,
,
,
,
,
,
,
,
,
,
,
,
,
,
,
,
,
,
,
,
,
,
,
,
,
,
,
,
,
,
,
,
,
,
,
,
,
,
,
,
,
,
,
,
,
,
,
,
,
,
,
,
,
,
,
,
,
,
,
,
,
,
,
,
,
,
,
,
,
,
,
,
,
,
,
,
,
,
,
,
,
,
,
,
,
,
,
,
,
,
,
,
,
,
,
,
,
,
,
,
,
,
,
,
,
,
,
,
,
,
,
,
,
,
,
,
,
,
,
,
,
,
,
,
,
,
,
,
,
,
,
,
,
,
,
,
,
,
,
,
,
,
,
,
,
,
,
,
,
,
,
,
,
,
,
,
,
,
,
,
,
,
,
,
,
,
,
,
,
,
,
,
,
,
,
,
,
,
,
,
,
,
,
,
,
,
,
,
,
,
,
,
,
,
,
,
,
,
,
,
,
,
,
,
,
,
,
,
,
,
,
,
,
,
,
,
,
,
,
,
,
,
,
,
,
,
,
,
,
,
,
,
,
,
,
,
,
,
,
,
,
,
,
,
,
,
,
,
,
,
,
,
,
,
,
,
,
,
,
,
,
,
,
,
,
,
,
,
,
,
,
,
,
,
,
,
,
,
,
,
,
,
,
,
,
,
,
,
,
,
,
,
,
,
,
,
,
,
,
,
,
,
,
,
,
,
,
,
,
,
,
,
,
,
,
,
,
,
,
,
,
,
,
,
,
,
,
,
,
,
,
,
,
,
,
,
,
,
,
,
,
,
,
,
,
,
,
,
,
,
,
,
,
,
,
,
,
,
,
,
,
,
,
,
,
,
,
,
,
,
,
,
,
,
,
,
,
,
,
,
,
,
,
,
,
,
,
,
,
,
,
,
,
,
,
,
,
,
,
,
,
,
,
,
,
,
,
,
,
,
,
,
,
,
,
,
,
,
,
,
,
,
,
,
,
,
,
,
,
,
,
,
,
,
,
,
,
,
,
,
,
,
,
,
,
,
,
,
,
,
,
,
,
,
,
,
,
,
,
,
,
,
,
,
,
,
,
,
,
,
,
,
,
,
,
,
,
,
,
,
,
,
,
,
,
,
,
,
,
,
,
,
,
,
,
,
,
,
,
,
,
,
,
,
,
,
,
,
,
,
,
,
,
,
,
,
,
,
,
,
,
,
,
,
,
,
,
,
,
,
,
,
,
,
,
,
,
,
,
,
,
,
,
,
,
,
,
,
,
,
,
,
,
,
,
,
,
,
,
,
,
,
,
,
,
,
,
,
,
,
,
,
,
,
,
,
,
,
,
,
,
,
,
,
,
,
,
,
,
,
,
,
,
,
,
,
,
,
,
,
,
,
,
,
,
,
,
,
,
,
,
,
,
,
,
,
,
,
,
,
,
,
,
,
,
,
,
,
,
,
,
,
,
,
,
,
,
,
,
,
,
,
,
,
,
,
,
,
,
,
,
,
,
,
,
,
,
,
,
,
,
,
,
,
,
,
,
,
,
,
,
,
,
,
,
,
,
,
,
,
,
,
,
,
,
,
,
,
,
,
,
,
,
,
,
,
,
,
,
,
,
,
,
,
,
,
,
,
,
,
,
,
,
,
,
,
,
,
,
,
,
,
,
,
,
,
,
,
,
,
,
,
,
,
,
,
,
,
,
,
,
,
,
,
,
,
,
,
,
,
,
,
,
,
,
,
,
,
,
,
,
,
,
,
,
,
,
,
,
,
,
,
,
,
,
,
,
,
,
,
,
,
,
,
,
,
,
,
,
,
,
,
,
,
,
,
,
,
,
,
,
,
,
,
,
,
,
,
,
,
,
,
,
,
,
,
,
,
,
,
,
,
,
,
,
,
,
,
,
,
,
,
,
,
,
,
,
,
,
,
,
,
,
,
,
,
,
,
,
,
,
,
,
,
,
,
,
,
,
,
,
,
,
,
,
,
,
,
,
,
,
,
,
,
,
,
,
,
,
,
,
,
,
,
,
,
,
,
,
,
,
,
,
,
,
,
,
,
,
,
,
,
,
,
,
,
,
,
,
,
,
,
,
,
,
,
,
,
,
,
,
,
,
,
,
,
,
,
,
,
,
,
,
,
,
,
,
,
,
,
,
,
,
,
,
,
,
,
,
,
,
,
,
,
,
,
,
,
,
,
,
,
,
,
,
,
,
,
,
,
,
,
,
,
,
,
,
,
,
,
,
,
,
,
,
,
,
,
,
,
,
,
,
,
,
,
,
,
,
,
,
,
,
,
,
,
,
,
,
,
,
,
,
,
,
,
,
,
,
,
,
,
,
,
,
,
,
,
,
,
,
,
,
,
,
,
,
,
,
,
,
,
,
,
,
,
,
,
,
,
,
,
,
,
,
,
,
,
,
,
,
,
,
,
,
,
,
,
,
,
,
,
,
,
,
,
,
,
,
,
,
,
,
,
,
,
,
,
,
,
,
,
,
,
,
,
,
,
,
,
,
,
,
,
,
,
,
,
,
,
,
,
,
,
,
,
,
,
,
,
,
,
,
,
,
,
,
,
,
,
,
,
,
,
,
,
,
,
,
,
,
,
,
,
,
,
,
,
,
,
,
,
,
,
,
,
,
,
,
,
,
,
,
,
,
,
,
,
,
,
,
,
,
,
,
,
,
,
,
,
,
,
,
,
,
,
,
,
,
,
,
,
,
,
,
,
,
,
,
,
,
,
,
,
,
,
,
,
,
,
,
,
,
,
,
,
,
,
,
,
,
,
,
,
,
,
,
,
,
,
,
,
,
,
,
,
,
,
,
,
,
,
,
,
,
,
,
,
,
,
,
,
,
,
,
,
,
,
,
,
,
,
,
,
,
,
,
,
,
,
,
,
,
,
,
,
,
,
,
,
,
,
,
,
,
,
,
,
,
,
,
,
,
,
,
,
,
,
,
,
,
,
,
,
,
,
,
,
,
,
,
,
,
,
,
,
,
,
,
,
,
,
,
,
,
,
,
,
,
,
,
,
,
,
,
,
,
,
,
,
,
,
,
,
,
,
,
,
,
,
,
,
,
,
,
,
,
,
,
,
,
,
,
,
,
,
,
,
,
,
,
,
,
,
,
,
,
,
,
,
,
,
,
,
,
,
,
,
,
,
,
,
,
,
,
,
,
,
,
,
,
,
,
,
,
,
,
,
,
,
,
,
,
,
,
,
,
,
,
,
,
,
,
,
,
,
,
,
,
,
,
,
,
,
,
,
,
,
,
,
,
,
,
,
,
,
,
,
,
,
,
,
,
,
,
,
,
,
,
,
,
,
,
,
,
,
,
,
,
,
,
,
,
,
,
,
,
,
,
,
,
,
,
,
,
,
,
,
,
,
,
,
,
,
,
,
,
,
,
,
,
,
,
,
,
,
,
,
,
,
,
,
,
,
,
,
,
,
,
,
,
,
,
,
,
,
,
,
,
,
,
,
,
,
,
,
,
,
,
,
,
,
,
,
,
,
,
,
,
,
,
,
,
,
,
,
,
,
,
,
,
,
,
,
,
,
,
,
,
,
,
,
,
,
,
,
,
,
,
,
,
,
,
,
,
,
,
,
,
,
,
,
,
,
,
,
,
,
,
,
,
,
,
,
,
,
,
,
,
,
,
,
,
,
,
,
,
,
,
,
,
,
,
,
,
,
,
,
,
,
,
,
,
,
,
,
,
,
,
,
,
,
,
,
,
,
,
,
,
,
,
,
,
,
,
,
,
,
,
,
,
,
,
,
,
,
,
,
,
,
,
,
,
,
,
,
,
,
,
,
,
,
,
,
,
,
,
,
,
,
,
,
,
,
,
,
,
,
,
,
,
,
,
,
,
,
,
,
,
,
,
,
,
,
,
,
,
,
,
,
,
,
,
,
,
,
,
,
,
,
,
,
,
,
,
,
,
,
,
,
,
,
,
,
,
,
,
,
,
,
,
,
,
,
,
,
,
,
,
,
,
,
,
,
,
,
,
,
,
,
,
,
,
,
,
,
,
,
,
,
,
,
,
,
,
,
,
,
,
,
,
,
,
,
,
,
,
,
,
,
,
,
,
,
,
,
,
,
,
,
,
,
,
,
,
,
,
,
,
,
,
,
,
,
,
,
,
,
,
,
,
,
,
,
,
,
,
,
,
,
,
,
,
,
,
,
,
,
,
,
,
,
,
,
,
,
,
,
,
,
,
,
,
,
,
,
,
,
,
,
,
,
,
,
,
,
,
,
,
,
,
,
,
,
,
,
,
,
,
,
,
,
,
,
,
,
,
,
,
,
,
,
,
,
,
,
,
,
,
,
,
,
,
,
,
,
,
,
,
,
,
,
,
,
,
,
,
,
,
,
,
,
,
,
,
,
,
,
,
,
,
,
,
,
,
,
,
,
,
,
,
,
,
,
,
,
,
,
,
,
,
,
,
,
,
,
,
,
,
,
,
,
,
,
,
,
,
,
,
,
,
,
,
,
,
,
,
,
,
,
,
,
,
,
,
,
,
,
,
,
,
,
,
,
,
,
,
,
,
,
,
,
,
,
,
,
,
,
,
,
,
,
,
,
,
,
,
,
,
,
,
,
,
,
,
,
,
,
,
,
,
,
,
,
,
,
,
,
,
,
,
,
,
,
,
,
,
,
,
,
,
,
,
,
,
,
,
,
,
,
,
,
,
,
,
,
,
,
,
,
,
,
,
,
,
,
,
,
,
,
,
,
,
,
,
,
,
,
,
,
,
,
,
,
,
,
,
,
,
,
,
,
,
,
,
,
,
,
,
,
,
,
,
,
,
,
,
,
,
,
,
,
,
,
,
,
,
,
,
,
,
,
,
,
,
,
,
,
,
,
,
,
,
,
,
,
,
,
,
,
,
,
,
,
,
,
,
,
,
,
,
,
,
,
,
,
,
,
,
,
,
,
,
,
,
,
,
,
,
,
,
,
,
,
,
,
,
,
,
,
,
,
,
,
,
,
,
,
,
,
,
,
,
,
,
,
,
,
,
,
,
,
,
,
,
,
,
,
,
,
,
,
,
,
,
,
,
,
,
,
,
,
,
,
,
,
,
,
,
,
,
,
,
,
,
,
,
,
,
,
,
,
,
,
,
,
,
,
,
,
,
,
,
,
,
,
,
,
,
,
,
,
,
,
,
,
,
,
,
,
,
,
,
,
,
,
,
,
,
,
,
,
,
,
,
,
,
,
,
,
,
,
,
,
,
,
,
,
,
,
,
,
,
,
,
,
,
,
,
,
,
,
,
,
,
,
,
,
,
,
,
,
,
,
,
,
,
,
,
,
,
,
,
,
,
,
,
,
,
,
,
,
,
,
,
,
,
,
,
,
,
,
,
,
,
,
,
,
,
,
,
,
,
,
,
,
,
,
,
,
,
,
,
,
,
,
,
,
,
,
,
,
,
,
,
,
,
,
,
,
,
,
,
,
,
,
,
,
,
,
,
,
,
,
,
,
,
,
,
,
,
,
,
,
,
,
,
,
,
,
,
,
,
,
,
,
,
,
,
,
,
,
,
,
,
,
,
,
,
,
,
,
,
,
,
,
,
,
,
,
,
,
,
,
,
,
,
,
,
,
,
,
,
,
,
,
,
,
,
,
,
,
,
,
,
,
,
,
,
,
,
,
,
,
,
,
,
,
,
,
,
,
,
,
,
,
,
,
,
,
,
,
,
,
,
,
,
,
,
,
,
,
,
,
,
,
,
,
,
,
,
,
,
,
,
,
,
,
,
,
,
,
,
,
,
,
,
,
,
,
,
,
,
,
,
,
,
,
,
,
,
,
,
,
,
,
,
,
,
,
,
,
,
,
,
,
,
,
,
,
,
,
,
,
,
,
,
,
,
,
,
,
,
,
,
,
,
,
,
,
,
,
,
,
,
,
,
,
,
,
,
,
,
,
,
,
,
,
,
,
,
,
,
,
,
,
,
,
,
,
,
,
,
,
,
,
,
,
,
,
,
,
,
,
,
,
,
,
,
,
,
,
,
,
,
,
,
,
,
,
,
,
,
,
,
,
,
,
,
,
,
,
,
,
,
,
,
,
,
,
,
,
,
,
,
,
,
,
,
,
,
,
,
,
,
,
,
,
,
,
,
,
,
,
,
,
,
,
,
,
,
,
,
,
,
,
,
,
,
,
,
,
,
,
,
,
,
,
,
,
,
,
,
,
,
,
,
,
,
,
,
,
,
,
,
,
,
,
,
,
,
,
,
,
,
,
,
,
,
,
,
,
,
,
,
,
,
,
,
,
,
,
,
,
,
,
,
,
,
,
,
,
,
,
,
,
,
,
,
,
,
,
,
,
,
,
,
,
,
,
,
,
,
,
,
,
,
,
,
,
,
,
,
,
,
,
,
,
,
,
,
,
,
,
,
,
,
,
,
,
,
,
,
,
,
,
,
,
,
,
,
,
,
,
,
,
,
,
,
,
,
,
,
,
,
,
,
,
,
,
,
,
,
,
,
,
,
,
,
,
,
,
,
,
,
,
,
,
,
,
,
,
,
,
,
,
,
,
,
,
,
,
,
,
,
,
,
,
,
,
,
,
,
,
,
,
,
,
,
,
,
,
,
,
,
,
,
,
,
,
,
,
,
,
,
,
,
,
,
,
,
,
,
,
,
,
,
,
,
,
,
,
,
,
,
,
,
,
,
,
,
,
,
,
,
,
,
,
,
,
,
,
,
,
,
,
,
,
,
,
,
,
,
,
,
,
,
,
,
,
,
,
,
,
,
,
,
,
,
,
,
,
,
,
,
,
,
,
,
,
,
,
,
,
,
,
,
,
,
,
,
,
,
,
,
,
,
,
,
,
,
,
,
,
,
,
,
,
,
,
,
,
,
,
,
,
,
,
,
,
,
,
,
,
,
,
,
,
,
,
,
,
,
,
,
,
,
,
,
,
,
,
,
,
,
,
,
,
,
,
,
,
,
,
,
,
,
,
,
,
,
,
,
,
,
,
,
,
,
,
,
,
,
,
,
,
,
,
,
,
,
,
,
,
,
,
,
,
,
,
,
,
,
,
,
,
,
,
,
,
,
,
,
,
,
,
,
,
,
,
,
,
,
,
,
,
,
,
,
,
,
,
,
,
,
,
,
,
,
,
,
,
,
,
,
,
,
,
,
,
,
,
,
,
,
,
,
,
,
,
,
,
,
,
,
,
,
,
,
,
,
,
,
,
,
,
,
,
,
,
,
,
,
,
,
,
,
,
,
,
,
,
,
,
,
,
,
,
,
,
,
,
,
,
,
,
,
,
,
,
,
,
,
,
,
,
,
,
,
,
,
,
,
,
,
,
,
,
,
,
,
,
,
,
,
,
,
,
,
,
,
,
,
,
,
,
,
,
,
,
,
,
,
,
,
,
,
,
,
,
,
,
,
,
,
,
,
,
,
,
,
,
,
,
,
,
,
,
,
,
,
,
,
,
,
,
,
,
,
,
,
,
,
,
,
,
,
,
,
,
,
,
,
,
,
,
,
,
,
,
,
,
,
,
,
,
,
,
,
,
,
,
,
,
,
,
,
,
,
,
,
,
,
,
,
,
,
,
,
,
,
,
,
,
,
,
,
,
,
,
,
,
,
,
,
,
,
,
,
,
,
,
,
,
,
,
,
,
,
,
,
,
,
,
,
,
,
,
,
,
,
,
,
,
,
,
,
,
,
,
,
,
,
,
,
,
,
,
,
,
,
,
,
,
,
,
,
,
,
,
,
,
,
,
,
,
,
,
,
,
,
,
,
,
,
,
,
,
,
,
,
,
,
,
,
,
,
,
,
,
,
,
,
,
,
,
,
,
,
,
,
,
,
,
,
,
,
,
,
,
,
,
,
,
,
,
,
,
,
,
,
,
,
,
,
,
,
,
,
,
,
,
,
,
,
,
,
,
,
,
,
,
,
,
,
,
,
,
,
,
,
,
,
,
,
,
,
,
,
,
,
,
,
,
,
,
,
,
,
,
,
,
,
,
,
,
,
,
,
,
,
,
,
,
,
,
,
,
,
,
,
,
,
,
,
,
,
,
,
,
,
,
,
,
,
,
,
,
,
,
,
,
,
,
,
,
,
,
,
,
,
,
,
,
,
,
,
,
,
,
,
,
,
,
,
,
,
,
,
,
,
,
,
,
,
,
,
,
,
,
,
,
,
,
,
,
,
,
,
,
,
,
,
,
,
,
,
,
,
,
,
,
,
,
,
,
,
,
,
,
,
,
,
,
,
,
,
,
,
,
,
,
,
,
,
,
,
,
,
,
,
,
,
,
,
,
,
,
,
,
,
,
,
,
,
,
,
,
,
,
,
,
,
,
,
,
,
,
,
,
,
,
,
,
,
,
,
,
,
,
,
,
,
,
,
,
,
,
,
,
,
,
,
,
,
,
,
,
,
,
,
,
,
,
,
,
,
,
,
,
,
,
,
,
,
,
,
,
,
,
,
,
,
,
,
,
,
,
,
,
,
,
,
,
,
,
,
,
,
,
,
,
,
,
,
,
,
,
,
,
,
,
,
,
,
,
,
,
,
,
,
,
,
,
,
,
,
,
,
,
,
,
,
,
,
,
,
,
,
,
,
,
,
,
,
,
,
,
,
,
,
,
,
,
,
,
,
,
,
,
,
,
,
,
,
,
,
,
,
,
,
,
,
,
,
,
,
,
,
,
,
,
,
,
,
,
,
,
,
,
,
,
,
,
,
,
,
,
,
,
,
,
,
,
,
,
,
,
,
,
,
,
,
,
,
,
,
,
,
,
,
,
,
,
,
,
,
,
,
,
,
,
,
,
,
,
,
,
,
,
,
,
,
,
,
,
,
,
,
,
,
,
,
,
,
,
,
,
,
,
,
,
,
,
,
,
,
,
,
,
,
,
,
,
,
,
,
,
,
,
,
,
,
,
,
,
,
,
,
,
,
,
,
,
,
,
,
,
,
,
,
,
,
,
,
,
,
,
,
,
,
,
,
,
,
,
,
,
,
,
,
,
,
,
,
,
,
,
,
,
,
,
,
,
,
,
,
,
,
,
,
,
,
,
,
,
,
,
,
,
,
,
,
,
,
,
,
,
,
,
,
,
,
,
,
,
,
,
,
,
,
,
,
,
,
,
,
,
,
,
,
,
,
,
,
,
,
,
,
,
,
,
,
,
,
,
,
,
,
,
,
,
,
,
,
,
,
,
,
,
,
,
,
,
,
,
,
,
,
,
,
,
,
,
,
,
,
,
,
,
,
,
,
,
,
,
,
,
,
,
,
,
,
,
,
,
,
,
,
,
,
,
,
,
,
,
,
,
,
,
,
,
,
,
,
,
,
,
,
,
,
,
,
,
,
,
,
,
,
,
,
,
,
,
,
,
,
,
,
,
,
,
,
,
,
,
,
,
,
,
,
,
,
,
,
,
,
,
,
,
,
,
,
,
,
,
,
,
,
,
,
,
,
,
,
,
,
,
,
,
,
,
,
,
,
,
,
,
,
,
,
,
,
,
,
,
,
,
,
,
,
,
,
,
,
,
,
,
,
,
,
,
,
,
,
,
,
,
,
,
,
,
,
,
,
,
,
,
,
,
,
,
,
,
,
,
,
,
,
,
,
,
,
,
,
,
,
,
,
,
,
,
,
,
,
,
,
,
,
,
,
,
,
,
,
,
,
,
,
,
,
,
,
,
,
,
,
,
,
,
,
,
,
,
,
,
,
,
,
,
,
,
,
,
,
,
,
,
,
,
,
,
,
,
,
,
,
,
,
,
,
,
,
,
,
,
,
,
,
,
,
,
,
,
,
,
,
,
,
,
,
,
,
,
,
,
,
,
,
,
,
,
,
,
,
,
,
,
,
,
,
,
,
,
,
,
,
,
,
,
,
,
,
,
,
,
,
,
,
,
,
,
,
,
,
,
,
,
,
,
,
,
,
,
,
,
,
,
,
,
,
,
,
,
,
,
,
,
,
,
,
,
,
,
,
,
,
,
,
,
,
,
,
,
,
,
,
,
,
,
,
,
,
,
,
,
,
,
,
,
,
,
,
,
,
,
,
,
,
,
,
,
,
,
,
,
,
,
,
,
,
,
,
,
,
,
,
,
,
,
,
,
,
,
,
,
,
,
,
,
,
,
,
,
,
,
,
,
,
,
,
,
,
,
,
,
,
,
,
,
,
,
,
,
,
,
,
,
,
,
,
,
,
,
,
,
,
,
,
,
,
,
,
,
,
,
,
,
,
,
,
,
,
,
,
,
,
,
,
,
,
,
,
,
,
,
,
,
,
,
,
,
,
,
,
,
,
,
,
,
,
,
,
,
,
,
,
,
,
,
,
,
,
,
,
,
,
,
,
,
,
,
,
,
,
,
,
,
,
,
,
,
,
,
,
,
,
,
,
,
,
,
,
,
,
,
,
,
,
,
,
,
,
,
,
,
,
,
,
,
,
,
,
,
,
,
,
,
,
,
,
,
,
,
,
,
,
,
,
,
,
,
,
,
,
,
,
,
,
,
,
,
,
,
,
,
,
,
,
,
,
,
,
,
,
,
,
,
,
,
,
,
,
,
,
,
,
,
,
,
,
,
,
,
,
,
,
,
,
,
,
,
,
,
,
,
,
,
,
,
,
,
,
,
,
,
,
,
,
,
,
,
,
,
,
,
,
,
,
,
,
,
,
,
,
,
,
,
,
,
,
,
,
,
,
,
,
,
,
,
,
,
,
,
,
,
,
,
,
,
,
,
,
,
,
,
,
,
,
,
,
,
,
,
,
,
,
,
,
,
2023-06-27,kizimkazi dimbani
2023-06-27,msuka
2023-06-27,msuka
2023-06-27,mazizini
2023-06-27,mazizini
2023-07-02,msuka
2023-07-03,msuka
2023-07-03,msuka
2023-07-04,mazizini
2023-07-04,mazizini
2023-07-05,kizimkazi dimbani
2023-07-05,msuka
2023-06-23,mkokotoni
2023-06-24,mkokotoni
2023-06-24,mkokotoni
2023-06-24,mkokotoni
2023-06-24,mkokotoni
2023-06-24,mkokotoni
2023-06-24,mkokotoni
2023-06-24,mkokotoni
2023-06-24,mkokotoni
2023-06-24,mkokotoni
2023-06-24,mkokotoni
2023-06-24,mkokotoni
2023-06-24,mkokotoni
2023-06-24,mkokotoni
2023-06-24,mkokotoni
2023-06-24,mkokotoni
2023-06-24,mkokotoni
2023-06-24,mkokotoni
2023-06-24,mkokotoni
2023-06-24,mkokotoni
2023-06-24,mkokotoni
2023-06-24,mkokotoni
2023-06-24,mkokotoni
2023-06-24,mkokotoni
2023-06-24,mkokotoni
2023-06-24,mkokotoni
2023-06-24,mkokotoni
2023-06-24,mkokotoni
2023-06-24,mkokotoni
2023-06-24,mkokotoni
2023-06-24,mkokotoni
2023-06-24,mkokotoni
2023-06-24,mkokotoni
2023-06-24,mkokotoni
2023-06-24,mkokotoni
2023-06-24,mkokotoni
2023-06-24,mkokotoni
2023-06-24,mkokotoni
2023-06-24,mkokotoni
2023-06-24,mkokotoni
2023-06-24,mkokotoni
2023-06-24,mkokotoni
2023-06-24,mkokotoni
2023-06-24,malindi
2023-06-24,mazizini
2023-06-24,mazizini
2023-06-26,mkokotoni
2023-06-26,mkokotoni
2023-06-26,mkokotoni
2023-06-26,mkokotoni
2023-06-26,mkokotoni
2023-06-26,mkokotoni
2023-06-26,mkokotoni
2023-06-26,mkokotoni
2023-06-26,mkokotoni
2023-06-26,mkokotoni
2023-06-26,mkokotoni
2023-06-26,mkokotoni
2023-06-26,mkokotoni
2023-06-26,mkokotoni
2023-06-26,mkokotoni
2023-06-26,mkokotoni
2023-06-26,mkokotoni
2023-06-26,mkokotoni
2023-06-26,mkokotoni
2023-06-26,mkokotoni
2023-06-26,mkokotoni
2023-06-26,mkokotoni
2023-06-26,mkokotoni
2023-06-26,mkokotoni
2023-06-26,mkokotoni
2023-06-26,mkokotoni
2023-06-26,mkokotoni
2023-06-26,mkokotoni
2023-06-26,mkokotoni
2023-06-26,mkokotoni
2023-06-26,mkokotoni
2023-06-26,mkokotoni
2023-06-26,mkokotoni
2023-06-26,mkokotoni
2023-06-26,mkokotoni
2023-06-27,mkokotoni
2023-06-27,mkokotoni
2023-06-27,mkokotoni
2023-06-27,mkokotoni
2023-06-27,mkokotoni
2023-06-27,mkokotoni
2023-06-27,mkokotoni
2023-06-27,mkokotoni
2023-06-27,mkokotoni
2023-06-27,mkokotoni
2023-06-27,mkokotoni
2023-06-27,mkokotoni
2023-06-27,mkokotoni
2023-06-27,mkokotoni
2023-07-01,mkokotoni
2023-07-01,mkokotoni
2023-07-01,mkokotoni
2023-07-01,mkokotoni
2023-07-01,mkokotoni
2023-07-01,mkokotoni
2023-07-01,mkokotoni
2023-07-10,kizimkazi dimbani
2023-07-10,kizimkazi dimbani
2023-07-11,mazizini
2023-05-08,mkokotoni
2023-07-15,mkokotoni
2023-07-15,mkokotoni
2023-07-15,mkokotoni
2023-07-15,mkokotoni
2023-07-15,mkokotoni
2023-07-15,mkokotoni
2023-07-15,mkokotoni
2023-07-15,mkokotoni
2023-07-15,mkokotoni
2023-07-15,mkokotoni
2023-07-15,mkokotoni
2023-07-17,kizimkazi dimbani
2023-07-15,mkokotoni
2023-07-15,mkokotoni
2023-07-15,mkokotoni
2023-07-15,mkokotoni
2023-07-15,mkokotoni
2023-07-15,mkokotoni
2023-07-15,mkokotoni
2023-07-15,mkokotoni
2023-07-15,mkokotoni
2023-07-15,mkokotoni
2023-07-15,mkokotoni
2023-07-15,mkokotoni
2023-07-15,mkokotoni
2023-07-15,mkokotoni
2023-07-15,mkokotoni
2023-07-15,mkokotoni
2023-07-15,mkokotoni
2023-07-15,mkokotoni
2023-07-15,mkokotoni
2023-07-15,mkokotoni
2023-07-15,mkokotoni
2023-07-15,mkokotoni
2023-07-15,mkokotoni
2023-07-15,mkokotoni
2023-07-16,mkokotoni
2023-07-16,mkokotoni
2023-07-17,tanga
2023-07-17,tanga
2023-07-18,tanga
2023-07-18,tanga
2023-07-18,tanga
2023-07-23,msuka
2023-07-23,msuka
2023-07-24,mkokotoni
2023-07-24,mkokotoni
2023-07-24,mkokotoni
2023-07-24,mkokotoni
2023-07-24,mkokotoni
2023-07-24,mkokotoni
2023-07-24,mkokotoni
2023-07-24,mkokotoni
2023-07-24,mkokotoni
2023-07-24,mkokotoni
2023-07-24,mkokotoni
2023-07-24,mkokotoni
2023-07-24,mkokotoni
2023-06-21,malindi
2023-06-21,malindi
2023-06-21,malindi
2023-07-24,malindi
2023-07-24,malindi
2023-07-24,mkokotoni
2023-07-24,mkokotoni
2023-07-24,mkokotoni
2023-07-24,mkokotoni
2023-07-24,mkokotoni
2023-07-24,mkokotoni
2023-07-24,mkokotoni
2023-07-24,mkokotoni
2023-07-24,mkokotoni
2023-07-24,mkokotoni
2023-07-24,mkokotoni
2023-07-24,mkokotoni
2023-07-24,mkokotoni
2023-07-24,mkokotoni
2023-07-24,mkokotoni
2023-07-18,mkokotoni
2023-07-19,mkokotoni
2023-07-19,mkokotoni
2023-07-19,mkokotoni
2023-07-19,mkokotoni
2023-07-19,mkokotoni
2023-07-19,mkokotoni
2023-07-19,mkokotoni
2023-07-19,mkokotoni
2023-07-19,mkokotoni
2023-07-19,mkokotoni
2023-07-19,mkokotoni
2023-07-19,mkokotoni
2023-07-19,mkokotoni
2023-07-19,mkokotoni
2023-07-19,mkokotoni
2023-07-19,mkokotoni
2023-07-19,mkokotoni
2023-07-19,mkokotoni
2023-07-19,mkokotoni
2023-07-19,mkokotoni
2023-07-19,mkokotoni
2023-07-19,mkokotoni
2023-07-19,mkokotoni
2023-07-19,mkokotoni
2023-07-19,mkokotoni
2023-07-19,mkokotoni
2023-07-19,mkokotoni
2023-07-19,mkokotoni
2023-07-19,mkokotoni
2023-07-25,mkokotoni
2023-07-25,mkokotoni
2023-07-25,mkokotoni
2023-07-25,mkokotoni
2023-07-25,mkokotoni
2023-07-25,mkokotoni
2023-07-25,mkokotoni
2023-07-25,mkokotoni
2023-07-25,mkokotoni
2023-07-25,mkokotoni
2023-07-25,mkokotoni
2023-07-25,mkokotoni
2023-07-25,kizimkazi dimbani
2023-07-25,mkokotoni
2023-07-25,mkokotoni
2023-07-25,mkokotoni
2023-07-25,mkokotoni
2023-07-25,mkokotoni
2023-07-25,mkokotoni
2023-07-25,mkokotoni
2023-07-25,mkokotoni
2023-07-25,mkokotoni
2023-07-25,mkokotoni
2023-07-25,mkokotoni
2023-07-25,mkokotoni
2023-07-25,mkokotoni
2023-07-25,mkokotoni
2023-07-25,mkokotoni
2023-07-25,mkokotoni
2023-07-25,mkokotoni
2023-07-25,mkokotoni
2023-07-25,mkokotoni
2023-07-25,mkokotoni
2023-07-25,mkokotoni
2023-07-25,mkokotoni
2023-07-25,mkokotoni
2023-07-25,mkokotoni
2023-07-25,mkokotoni
2023-07-25,mkokotoni
2023-07-25,mkokotoni
2023-07-25,mkokotoni
2023-07-25,mkokotoni
2023-07-25,mkokotoni
2023-07-25,mkokotoni
2023-07-25,mkokotoni
2023-07-25,mkokotoni
2023-07-26,malindi
2023-07-26,malindi
2023-07-26,malindi
2023-07-26,malindi
2023-07-26,malindi
2023-07-26,malindi
2023-07-26,malindi
2023-07-26,malindi
2023-07-26,malindi
2023-07-26,mazizini
2023-07-26,mazizini
2023-07-26,mkokotoni
2023-07-26,mkokotoni
2023-07-26,mkokotoni
2023-07-26,mkokotoni
2023-07-26,mkokotoni
2023-07-26,mkokotoni
2023-07-26,mkokotoni
2023-07-26,mkokotoni
2023-07-26,mkokotoni
2023-07-26,mkokotoni
2023-07-26,mkokotoni
2023-07-26,mkokotoni
2023-07-26,mkokotoni
2023-07-25,mkokotoni
2023-07-25,mkokotoni
2023-07-26,mkokotoni
2023-07-26,mkokotoni
2023-07-26,mkokotoni
2023-07-26,mkokotoni
2023-07-26,mkokotoni
2023-07-26,mkokotoni
2023-07-26,mkokotoni
2023-07-26,mkokotoni
2023-07-26,mkokotoni
2023-07-26,mkokotoni
2023-07-26,mkokotoni
2023-07-26,mkokotoni
2023-07-26,mkokotoni
2023-07-26,mkokotoni
2023-07-26,mkokotoni
2023-07-26,mkokotoni
2023-07-26,mkokotoni
2023-07-26,mkokotoni
2023-07-26,mkokotoni
2023-07-26,mkokotoni
2023-07-26,mkokotoni
2023-07-26,mkokotoni
2023-07-26,mkokotoni
2023-07-26,mkokotoni
2023-07-26,mkokotoni
2023-07-26,mkokotoni
2023-07-26,mkokotoni
2023-07-26,mkokotoni
2023-07-26,mkokotoni
2023-07-26,mkokotoni
2023-07-26,mkokotoni
2023-07-26,mkokotoni
2023-07-26,mkokotoni
2023-07-26,mkokotoni
2023-07-26,mkokotoni
2023-07-26,mkokotoni
2023-07-26,mkokotoni
2023-07-26,mkokotoni
2023-07-26,mkokotoni
2023-07-26,mkokotoni
2023-07-26,mkokotoni
2023-07-26,mkokotoni
2023-07-26,mkokotoni
2023-07-26,mkokotoni
2023-07-26,mkokotoni
2023-07-26,mkokotoni
2023-07-26,mkokotoni
2023-07-26,mkokotoni
2023-07-26,mkokotoni
2023-07-26,mkokotoni
2023-07-26,mkokotoni
2023-07-26,mkokotoni
2023-07-26,mkokotoni
2023-07-26,mkokotoni
2023-07-26,mkokotoni
2023-07-26,mkokotoni
2023-07-26,mkokotoni
2023-07-26,mkokotoni
2023-07-26,mkokotoni
2023-07-27,mkokotoni
2023-07-27,mkokotoni
2023-07-27,mkokotoni
2023-07-27,mkokotoni
2023-07-27,mkokotoni
2023-07-27,mkokotoni
2023-07-27,mkokotoni
2023-07-27,mkokotoni
2023-07-27,mkokotoni
2023-07-27,mkokotoni
2023-07-27,mkokotoni
2023-07-27,mkokotoni
2023-07-27,mkokotoni
2023-07-27,mkokotoni
2023-07-27,mkokotoni
2023-07-27,mkokotoni
2023-07-27,mkokotoni
2023-07-27,mkokotoni
2023-07-27,mkokotoni
2023-07-27,mkokotoni
2023-07-27,mkokotoni
2023-07-27,mkokotoni
2023-07-27,mkokotoni
2023-07-27,mkokotoni
2023-07-27,mkokotoni
2023-07-27,mkokotoni
2023-07-27,mkokotoni
2023-07-27,mkokotoni
2023-07-27,mkokotoni
2023-07-27,mkokotoni
2023-07-27,mkokotoni
2023-07-27,mkokotoni
2023-07-27,mkokotoni
2023-07-27,mkokotoni
2023-07-27,mkokotoni
2023-07-27,mkokotoni
2023-07-27,mkokotoni
2023-07-27,mkokotoni
2023-07-27,mkokotoni
2023-07-27,mkokotoni
2023-07-27,mkokotoni
2023-07-27,mkokotoni
2023-07-27,mkokotoni
2023-07-27,mkokotoni
2023-07-27,mkokotoni
2023-07-27,mkokotoni
2023-07-27,mkokotoni
2023-07-27,mkokotoni
2023-07-27,mkokotoni
2023-07-27,mkokotoni
2023-07-27,mkokotoni
2023-07-27,mkokotoni
2023-07-27,mkokotoni
2023-07-27,mkokotoni
2023-07-27,mkokotoni
2023-07-27,mkokotoni
2023-07-27,mkokotoni
2023-07-27,mkokotoni
2023-07-27,mkokotoni
2023-07-27,mkokotoni
2023-07-27,mkokotoni
2023-07-27,mkokotoni
2023-07-27,mkokotoni
2023-07-27,mkokotoni
2023-07-27,mkokotoni
2023-07-27,mkokotoni
2023-07-27,mkokotoni
2023-07-27,mkokotoni
2023-07-27,mkokotoni
2023-07-27,mkokotoni
2023-07-27,mkokotoni
2023-07-27,mkokotoni
2023-07-27,mkokotoni
2023-07-27,mkokotoni
2023-07-27,mkokotoni
2023-07-27,mkokotoni
2023-07-27,mkokotoni
2023-07-27,mkokotoni
2023-07-27,mkokotoni
2023-07-27,mkokotoni
2023-07-27,mkokotoni
2023-07-27,mkokotoni
2023-07-27,mkokotoni
2023-07-27,mkokotoni
2023-07-27,mkokotoni
2023-07-27,mkokotoni
2023-07-27,mkokotoni
2023-07-27,mkokotoni
2023-07-27,mkokotoni
2023-07-27,mkokotoni
2023-07-27,mkokotoni
2023-07-27,mkokotoni
2023-07-27,mkokotoni
2023-07-27,mkokotoni
2023-07-27,mkokotoni
2023-07-27,mkokotoni
2023-07-27,mkokotoni
2023-07-28,mkokotoni
2023-07-27,mkokotoni
2023-07-27,mkokotoni
2023-07-28,mkokotoni
2023-07-27,mkokotoni
2023-07-27,mkokotoni
2023-07-27,mkokotoni
2023-07-28,mkokotoni
2023-07-27,mkokotoni
2023-07-28,mkokotoni
2023-07-27,mkokotoni
2023-07-28,mkokotoni
2023-07-27,mkokotoni
2023-07-27,mkokotoni
2023-07-28,mkokotoni
2023-07-27,mkokotoni
2023-07-27,mkokotoni
2023-07-27,mkokotoni
2023-07-27,mkokotoni
2023-07-27,mkokotoni
2023-07-27,mkokotoni
2023-07-28,mkokotoni
2023-07-27,mkokotoni
2023-07-28,mkokotoni
2023-07-27,mkokotoni
2023-07-27,mkokotoni
2023-07-27,mkokotoni
2023-07-28,mkokotoni
2023-07-28,mkokotoni
2023-07-27,mkokotoni
2023-07-27,mkokotoni
2023-07-28,mkokotoni
2023-07-27,mkokotoni
2023-07-27,mkokotoni
2023-07-28,mkokotoni
2023-07-28,mkokotoni
2023-07-27,mkokotoni
2023-07-27,mkokotoni
2023-07-28,mkokotoni
2023-07-27,mkokotoni
2023-07-27,mkokotoni
2023-07-28,mkokotoni
2023-07-27,mkokotoni
2023-07-27,mkokotoni
2023-07-28,mkokotoni
2023-07-28,mkokotoni
2023-07-27,mkokotoni
2023-07-28,mkokotoni
2023-07-28,mkokotoni
2023-07-28,mkokotoni
2023-07-28,mkokotoni
2023-07-27,mkokotoni
2023-07-27,mkokotoni
2023-07-27,mkokotoni
2023-07-28,mkokotoni
2023-07-28,mkokotoni
2023-07-28,mkokotoni
2023-07-28,mkokotoni
2023-07-28,mkokotoni
2023-07-28,mkokotoni
2023-07-28,mkokotoni
2023-07-28,mkokotoni
2023-07-28,mkokotoni
2023-07-28,mkokotoni
2023-07-28,mkokotoni
2023-07-28,mkokotoni
2023-07-28,mkokotoni
2023-07-28,mkokotoni
2023-07-28,mkokotoni
2023-07-28,mkokotoni
2023-07-28,mkokotoni
2023-07-28,mkokotoni
2023-07-28,mkokotoni
2023-07-28,mkokotoni
2023-07-28,mkokotoni
2023-07-28,mkokotoni
2023-07-28,mkokotoni
2023-07-28,mkokotoni
2023-07-28,mkokotoni
2023-07-28,mkokotoni
2023-07-28,mkokotoni
2023-07-28,mkokotoni
2023-07-28,mkokotoni
2023-07-28,mkokotoni
2023-07-28,mkokotoni
2023-07-28,mkokotoni
2023-07-28,mkokotoni
2023-07-28,mkokotoni
2023-07-30,msuka
2023-07-30,msuka
2023-07-28,mkokotoni
2023-07-28,mkokotoni
2023-07-28,mkokotoni
2023-07-28,mkokotoni
2023-07-28,mkokotoni
2023-07-28,mkokotoni
2023-07-28,mkokotoni
2023-07-28,mkokotoni
2023-07-28,mkokotoni
2023-07-28,mkokotoni
2023-07-28,mkokotoni
2023-07-28,mkokotoni
2023-07-28,mkokotoni
2023-07-28,mkokotoni
2023-07-28,mkokotoni
2023-07-28,mkokotoni
2023-07-28,mkokotoni
2023-07-28,mkokotoni
2023-07-28,mkokotoni
2023-07-28,mkokotoni
2023-07-28,mkokotoni
2023-07-28,mkokotoni
2023-07-28,mkokotoni
2023-07-28,mkokotoni
2023-07-28,mkokotoni
2023-07-28,mkokotoni
2023-07-28,mkokotoni
2023-07-29,mkokotoni
2023-07-29,mkokotoni
2023-07-29,mkokotoni
2023-07-29,mkokotoni
2023-07-29,mkokotoni
2023-07-29,mkokotoni
2023-07-29,mkokotoni
2023-07-29,mkokotoni
2023-07-29,mkokotoni
2023-07-29,mkokotoni
2023-07-29,mkokotoni
2023-07-30,mkokotoni
2023-07-30,mkokotoni
2023-07-30,mkokotoni
2023-07-30,mkokotoni
2023-07-30,mkokotoni
2023-07-30,mkokotoni
2023-07-30,mkokotoni
2023-07-30,mkokotoni
2023-07-30,mkokotoni
2023-07-30,mkokotoni
2023-07-27,mkokotoni
2023-07-29,mkokotoni
2023-07-30,mkokotoni
2023-07-30,mkokotoni
2023-07-30,mkokotoni
2023-07-31,mkokotoni
2023-07-29,mkokotoni
2023-07-31,mkokotoni
2023-07-31,mkokotoni
2023-07-31,mkokotoni
2023-07-31,mkokotoni
2023-07-30,mkokotoni
2023-07-31,mkokotoni
2023-07-31,mkokotoni
2023-07-30,mkokotoni
2023-07-31,mkokotoni
2023-07-31,mkokotoni
2023-07-31,mkokotoni
2023-07-30,mkokotoni
2023-07-31,mkokotoni
2023-07-30,mkokotoni
2023-07-31,mkokotoni
2023-07-31,mkokotoni
2023-07-30,mkokotoni
2023-07-31,mkokotoni
2023-07-31,mkokotoni
2023-07-30,mkokotoni
2023-07-31,mkokotoni
2023-07-30,mkokotoni
2023-07-31,mkokotoni
2023-07-31,mkokotoni
2023-07-31,mkokotoni
2023-07-30,mkokotoni
2023-07-31,mkokotoni
2023-07-31,mkokotoni
2023-07-30,mkokotoni
2023-07-31,kizimkazi dimbani
2023-07-30,mkokotoni
2023-07-31,mkokotoni
2023-07-31,mkokotoni
2023-07-31,mkokotoni
2023-07-31,mkokotoni
2023-07-31,mkokotoni
2023-07-30,mkokotoni
2023-07-31,mkokotoni
2023-07-31,mkokotoni
2023-07-30,mkokotoni
2023-07-31,mkokotoni
2023-07-31,mkokotoni
2023-07-30,mkokotoni
2023-07-30,mkokotoni
2023-07-31,mkokotoni
2023-07-30,mkokotoni
2023-07-31,mkokotoni
2023-07-31,mkokotoni
2023-07-30,mkokotoni
2023-07-31,mkokotoni
2023-07-30,mkokotoni
2023-07-31,mkokotoni
2023-07-31,mkokotoni
2023-07-30,mkokotoni
2023-07-31,mkokotoni
2023-07-31,mkokotoni
2023-07-30,mkokotoni
2023-07-31,mkokotoni
2023-07-30,mkokotoni
2023-07-31,mkokotoni
2023-07-31,mkokotoni
2023-07-30,mkokotoni
2023-07-31,mkokotoni
2023-07-30,mkokotoni
2023-07-31,mkokotoni
2023-07-31,mkokotoni
2023-07-30,mkokotoni
2023-07-31,mkokotoni
2023-07-30,mkokotoni
2023-07-31,mkokotoni
2023-07-31,mkokotoni
2023-07-30,mkokotoni
2023-07-31,mkokotoni
2023-07-30,mkokotoni
2023-07-31,mkokotoni
2023-07-30,mkokotoni
2023-07-31,mkokotoni
2023-07-30,mkokotoni
2023-07-31,mkokotoni
2023-07-30,mkokotoni
2023-07-31,mkokotoni
2023-07-31,mkokotoni
2023-07-30,mkokotoni
2023-07-31,mkokotoni
2023-07-31,mkokotoni
2023-07-30,mkokotoni
2023-07-31,mkokotoni
2023-07-31,mkokotoni
2023-07-30,mkokotoni
2023-07-31,mkokotoni
2023-07-30,mkokotoni
2023-07-31,mkokotoni
2023-07-31,mkokotoni
2023-07-30,mkokotoni
2023-07-31,mkokotoni
2023-07-30,mkokotoni
2023-07-31,mkokotoni
2023-07-31,mkokotoni
2023-07-30,mkokotoni
2023-07-31,mkokotoni
2023-07-31,mkokotoni
2023-07-31,mkokotoni
2023-07-31,mkokotoni
2023-07-31,mkokotoni
2023-07-31,mkokotoni
2023-07-31,mkokotoni
2023-07-31,mkokotoni
2023-07-31,mkokotoni
2023-07-31,mkokotoni
2023-07-31,mkokotoni
2023-07-31,mkokotoni
2023-07-31,mkokotoni
2023-07-31,mkokotoni
2023-07-31,mkokotoni
2023-07-31,mkokotoni
2023-07-31,mkokotoni
2023-07-31,mkokotoni
2023-07-31,mkokotoni
2023-07-31,mkokotoni
2023-07-31,mkokotoni
2023-07-31,mkokotoni
2023-07-31,mkokotoni
2023-07-31,mkokotoni
2023-07-31,mkokotoni
2023-07-31,mkokotoni
2023-07-31,mkokotoni
2023-07-31,mkokotoni
2023-07-31,mkokotoni
2023-07-31,mkokotoni
2023-07-31,mkokotoni
2023-07-31,mkokotoni
2023-07-31,mkokotoni
2023-07-31,mkokotoni
2023-07-31,mkokotoni
2023-07-31,mkokotoni
2023-07-31,mkokotoni
2023-07-31,mkokotoni
2023-07-31,mkokotoni
2023-07-31,mkokotoni
2023-07-31,mkokotoni
2023-07-31,mkokotoni
2023-07-31,mkokotoni
2023-07-31,mkokotoni
2023-07-31,mkokotoni
2023-07-31,mkokotoni
2023-07-31,mkokotoni
2023-07-31,mkokotoni
2023-07-31,mkokotoni
2023-07-31,mkokotoni
2023-07-31,mkokotoni
2023-07-31,mkokotoni
2023-07-31,mkokotoni
2023-07-31,mkokotoni
2023-07-31,mkokotoni
2023-07-31,mkokotoni
2023-07-31,mkokotoni
2023-07-31,mkokotoni
2023-07-31,mkokotoni
2023-07-31,mkokotoni
2023-07-31,mkokotoni
2023-07-31,mkokotoni
2023-07-31,mkokotoni
2023-07-31,mkokotoni
2023-07-31,mkokotoni
2023-07-31,mkokotoni
2023-07-31,mkokotoni
2023-07-31,mkokotoni
2023-07-31,mkokotoni
2023-07-31,mkokotoni
2023-07-31,mkokotoni
2023-07-31,mkokotoni
2023-07-31,mkokotoni
2023-07-31,mkokotoni
2023-07-31,mkokotoni
2023-07-31,mkokotoni
2023-07-31,mkokotoni
2023-07-31,mkokotoni
2023-07-31,mkokotoni
2023-07-31,mkokotoni
2023-07-31,mkokotoni
2023-07-31,mkokotoni
2023-07-31,mkokotoni
2023-07-31,mkokotoni
2023-07-31,mkokotoni
2023-07-31,mkokotoni
2023-08-01,mkokotoni
2023-08-01,mkokotoni
2023-08-01,mkokotoni
2023-08-01,mkokotoni
2023-08-01,mkokotoni
2023-08-01,mkokotoni
2023-08-01,mkokotoni
2023-08-01,mkokotoni
2023-08-01,mkokotoni
2023-07-31,mkokotoni
2023-08-01,mkokotoni
2023-07-31,mkokotoni
2023-08-01,mkokotoni
2023-08-01,mkokotoni
2023-07-31,mkokotoni
2023-08-01,mkokotoni
2023-08-01,mkokotoni
2023-08-01,mkokotoni
2023-07-31,mkokotoni
2023-08-01,mkokotoni
2023-07-31,mkokotoni
2023-08-01,mkokotoni
2023-07-31,mkokotoni
2023-08-01,mkokotoni
2023-08-01,mkokotoni
2023-07-31,mkokotoni
2023-08-01,mkokotoni
2023-07-31,mkokotoni
2023-08-01,mkokotoni
2023-07-31,mkokotoni
2023-08-01,mkokotoni
2023-07-31,mkokotoni
2023-08-01,mkokotoni
2023-08-01,mkokotoni
2023-07-31,mkokotoni
2023-08-01,mkokotoni
2023-07-31,mkokotoni
2023-08-01,mkokotoni
2023-07-31,mkokotoni
2023-08-01,mkokotoni
2023-07-31,mkokotoni
2023-08-01,mkokotoni
2023-08-01,mkokotoni
2023-08-01,mkokotoni
2023-07-31,mkokotoni
2023-08-01,mkokotoni
2023-07-31,mkokotoni
2023-08-01,mkokotoni
2023-08-01,mkokotoni
2023-08-01,mkokotoni
2023-07-31,mkokotoni
2023-08-01,mkokotoni
2023-08-01,mkokotoni
2023-08-01,mkokotoni
2023-08-01,mkokotoni
2023-07-31,mkokotoni
2023-08-01,mkokotoni
2023-07-31,mkokotoni
2023-08-01,mkokotoni
2023-08-01,mkokotoni
2023-07-31,mkokotoni
2023-06-20,mkokotoni
2023-08-01,mkokotoni
2023-08-01,mkokotoni
2023-08-01,mkokotoni
2023-08-01,mkokotoni
2023-08-01,mkokotoni
2023-07-31,mkokotoni
2023-08-01,mkokotoni
2023-07-31,mkokotoni
2023-08-01,mkokotoni
2023-08-01,mkokotoni
2023-07-31,mkokotoni
2023-08-01,mkokotoni
2023-07-31,mkokotoni
2023-07-31,mkokotoni
2023-08-01,mkokotoni
2023-08-01,mkokotoni
2023-07-31,mkokotoni
2023-08-01,mkokotoni
2023-08-01,mkokotoni
2023-08-01,mkokotoni
2023-08-01,mkokotoni
2023-07-31,mkokotoni
2023-07-31,mkokotoni
2023-07-31,mkokotoni
2023-07-31,mkokotoni
2023-06-21,malindi
2023-06-21,malindi
2023-06-21,malindi
2023-06-21,malindi
2023-08-01,malindi
2023-08-01,malindi
2023-08-01,malindi
2023-08-01,malindi
2023-08-01,malindi
2023-07-31,mkokotoni
2023-07-31,mkokotoni
2023-08-01,mkokotoni
2023-08-01,mkokotoni
2023-07-31,mkokotoni
2023-08-01,mkokotoni
2023-07-31,mkokotoni
2023-08-01,mkokotoni
2023-08-01,mkokotoni
2023-07-31,mkokotoni
2023-08-01,mkokotoni
2023-07-31,mkokotoni
2023-08-01,mkokotoni
2023-08-01,mkokotoni
2023-07-31,mkokotoni
2023-08-01,mkokotoni
2023-07-31,mkokotoni
2023-08-01,mkokotoni
2023-08-01,mkokotoni
2023-08-01,mkokotoni
2023-07-31,mkokotoni
2023-08-01,mkokotoni
2023-07-31,mkokotoni
2023-08-01,mkokotoni
2023-08-01,mkokotoni
2023-07-31,mkokotoni
2023-08-01,mkokotoni
2023-07-31,mkokotoni
2023-08-01,mkokotoni
2023-08-01,mkokotoni
2023-08-01,mkokotoni
2023-07-31,mkokotoni
2023-08-01,mkokotoni
2023-08-01,mkokotoni
2023-08-01,mkokotoni
2023-07-31,mkokotoni
2023-08-01,mkokotoni
2023-07-31,mkokotoni
2023-08-01,mkokotoni
2023-07-31,mkokotoni
2023-08-01,mkokotoni
2023-08-01,mkokotoni
2023-07-31,mkokotoni
2023-08-01,mkokotoni
2023-08-01,mkokotoni
2023-07-31,mkokotoni
2023-08-01,mkokotoni
2023-08-01,mkokotoni
2023-07-31,mkokotoni
2023-08-01,mkokotoni
2023-08-01,mkokotoni
2023-07-31,mkokotoni
2023-08-01,mkokotoni
2023-08-01,mkokotoni
2023-08-01,mkokotoni
2023-08-01,mkokotoni
2023-08-01,mkokotoni
2023-08-01,mkokotoni
2023-08-01,mkokotoni
2023-08-01,mkokotoni
2023-08-01,mkokotoni
2023-08-01,mkokotoni
2023-08-01,mkokotoni
2023-08-01,mkokotoni
2023-08-01,mkokotoni
2023-08-01,mkokotoni
2023-08-01,mkokotoni
2023-08-01,mkokotoni
2023-08-01,mkokotoni
2023-08-01,mkokotoni
2023-08-01,mkokotoni
2023-08-01,mkokotoni
2023-08-01,mkokotoni
2023-08-01,mkokotoni
2023-08-01,mkokotoni
2023-08-01,mkokotoni
2023-08-01,mkokotoni
2023-08-01,mkokotoni
2023-08-01,mkokotoni
2023-08-01,mkokotoni
2023-08-01,mkokotoni
2023-08-01,mkokotoni
2023-08-01,mkokotoni
2023-08-02,mkokotoni
2023-08-02,mkokotoni
2023-08-02,mkokotoni
2023-08-02,mkokotoni
2023-08-02,mkokotoni
2023-08-01,mkokotoni
2023-08-02,mkokotoni
2023-08-02,mkokotoni
2023-08-02,mkokotoni
2023-08-02,mkokotoni
2023-08-02,mkokotoni
2023-08-02,mkokotoni
2023-08-01,mkokotoni
2023-08-02,mkokotoni
2023-08-02,mkokotoni
2023-08-02,mkokotoni
2023-08-01,mkokotoni
2023-08-02,mkokotoni
2023-08-02,mkokotoni
2023-08-02,mkokotoni
2023-08-02,mkokotoni
2023-08-01,mkokotoni
2023-08-02,mkokotoni
2023-08-02,mkokotoni
2023-08-02,mkokotoni
2023-08-01,mkokotoni
2023-08-02,mkokotoni
2023-08-02,mkokotoni
2023-08-01,mkokotoni
2023-08-02,mkokotoni
2023-08-02,mkokotoni
2023-08-01,mkokotoni
2023-08-02,mkokotoni
2023-08-01,mkokotoni
2023-08-02,mkokotoni
2023-08-01,mkokotoni
2023-08-02,mkokotoni
2023-08-02,mkokotoni
2023-08-01,mkokotoni
2023-08-02,mkokotoni
2023-08-02,mkokotoni
2023-08-02,mkokotoni
2023-08-01,mkokotoni
2023-08-02,mkokotoni
2023-08-02,mkokotoni
2023-08-01,mkokotoni
2023-08-02,mkokotoni
2023-08-02,mkokotoni
2023-08-01,mkokotoni
2023-08-02,mkokotoni
2023-08-01,mkokotoni
2023-08-02,mkokotoni
2023-08-02,mkokotoni
2023-08-01,mkokotoni
2023-08-01,mkokotoni
2023-08-02,mkokotoni
2023-08-01,mkokotoni
2023-08-02,mkokotoni
2023-08-02,mkokotoni
2023-08-02,mkokotoni
2023-08-02,mkokotoni
2023-08-02,mkokotoni
2023-08-02,mkokotoni
2023-08-02,mkokotoni
2023-08-02,mkokotoni
2023-08-02,mkokotoni
2023-08-01,mkokotoni
2023-08-02,mkokotoni
2023-08-01,mkokotoni
2023-08-02,mkokotoni
2023-08-02,mkokotoni
2023-08-01,mkokotoni
2023-08-02,mkokotoni
2023-08-02,mkokotoni
2023-08-02,mkokotoni
2023-08-01,mkokotoni
2023-08-01,mkokotoni
2023-08-02,mkokotoni
2023-08-01,mkokotoni
2023-08-02,mkokotoni
2023-08-01,mkokotoni
2023-08-02,mkokotoni
2023-08-02,mkokotoni
2023-08-02,mkokotoni
2023-08-01,mkokotoni
2023-08-02,mkokotoni
2023-08-02,mkokotoni
2023-08-02,mkokotoni
2023-08-01,mkokotoni
2023-08-02,mkokotoni
2023-08-02,mkokotoni
2023-08-01,mkokotoni
2023-08-02,mkokotoni
2023-08-01,mkokotoni
2023-08-02,mkokotoni
2023-08-01,mkokotoni
2023-08-02,mkokotoni
2023-08-02,mkokotoni
2023-08-01,mkokotoni
2023-08-02,mkokotoni
2023-08-01,mkokotoni
2023-08-02,mkokotoni
2023-08-02,mkokotoni
2023-07-24,tanga
2023-07-24,tanga
2023-07-24,tanga
2023-08-01,mkokotoni
2023-07-25,tanga
2023-07-25,tanga
2023-08-02,mkokotoni
2023-08-02,mkokotoni
2023-08-01,mkokotoni
2023-08-02,mkokotoni
2023-08-01,mkokotoni
2023-08-02,mkokotoni
2023-08-02,mkokotoni
2023-08-01,mkokotoni
2023-08-02,mkokotoni
2023-08-02,mkokotoni
2023-08-01,mkokotoni
2023-08-02,mkokotoni
2023-08-01,mkokotoni
2023-08-02,mkokotoni
2023-08-02,mkokotoni
2023-08-01,mkokotoni
2023-08-02,mkokotoni
2023-08-02,mkokotoni
2023-08-01,mkokotoni
2023-08-02,mkokotoni
2023-08-02,mkokotoni
2023-08-02,mkokotoni
2023-08-01,mkokotoni
2023-08-02,mkokotoni
2023-08-01,mkokotoni
2023-08-02,mkokotoni
2023-08-02,mkokotoni
2023-08-02,mkokotoni
2023-08-01,mkokotoni
2023-08-02,mkokotoni
2023-08-02,mkokotoni
2023-08-01,mkokotoni
2023-08-01,mazizini
2023-08-02,mkokotoni
2023-08-03,mkokotoni
2023-08-03,mkokotoni
2023-08-03,mkokotoni
2023-08-02,mkokotoni
2023-08-03,mkokotoni
2023-08-02,mkokotoni
2023-08-02,mkokotoni
2023-08-03,mkokotoni
2023-08-02,mkokotoni
2023-08-03,mkokotoni
2023-08-02,mkokotoni
2023-08-02,mkokotoni
2023-08-02,mkokotoni
2023-08-03,mkokotoni
2023-08-02,mkokotoni
2023-08-03,mkokotoni
2023-08-03,mkokotoni
2023-08-03,mkokotoni
2023-08-03,mkokotoni
2023-08-03,mkokotoni
2023-08-03,mkokotoni
2023-08-03,mkokotoni
2023-08-03,mkokotoni
2023-08-03,mkokotoni
2023-08-03,mkokotoni
2023-08-03,mkokotoni
2023-08-03,mkokotoni
2023-08-03,mkokotoni
2023-08-03,mkokotoni
2023-08-03,mkokotoni
2023-08-03,mkokotoni
2023-08-03,mkokotoni
2023-08-03,mkokotoni
2023-08-03,mkokotoni
2023-08-03,mkokotoni
2023-08-03,mkokotoni
2023-08-03,mkokotoni
2023-08-03,mkokotoni
2023-08-03,mkokotoni
2023-08-03,mkokotoni
2023-08-03,mkokotoni
2023-08-03,mkokotoni
2023-08-03,mkokotoni
2023-08-03,mkokotoni
2023-08-03,mkokotoni
2023-08-03,mkokotoni
2023-08-03,mkokotoni
2023-08-03,mkokotoni
2023-08-03,mkokotoni
2023-08-03,mkokotoni
2023-08-03,mkokotoni
2023-08-03,mkokotoni
2023-08-03,mkokotoni
2023-08-03,mkokotoni
2023-08-03,mkokotoni
2023-08-03,mkokotoni
2023-08-03,mkokotoni
2023-08-03,mkokotoni
2023-08-03,mkokotoni
2023-08-03,mkokotoni
2023-08-03,mkokotoni
2023-08-03,mkokotoni
2023-08-03,mkokotoni
2023-08-03,mkokotoni
2023-08-03,mkokotoni
2023-08-03,mkokotoni
2023-08-03,mkokotoni
2023-08-03,mkokotoni
2023-08-03,mkokotoni
2023-08-03,mkokotoni
2023-08-03,mkokotoni
2023-08-03,mkokotoni
2023-08-03,mkokotoni
2023-08-03,mkokotoni
2023-08-03,mkokotoni
2023-08-03,mkokotoni
2023-08-06,msuka
2023-08-03,mkokotoni
2023-08-07,mkokotoni
2023-08-07,mkokotoni
2023-08-07,mkokotoni
2023-08-07,mkokotoni
2023-08-07,mkokotoni
2023-08-07,mkokotoni
2023-08-07,mkokotoni
2023-08-07,mkokotoni
2023-08-07,mkokotoni
2023-08-07,mkokotoni
2023-08-07,malindi
2023-08-07,malindi
2023-08-07,malindi
2023-08-07,malindi
2023-08-07,malindi
2023-08-07,malindi
2023-08-07,malindi
2023-08-07,malindi
2023-08-07,mkokotoni
2023-08-07,mkokotoni
2023-08-07,mkokotoni
2023-08-07,mkokotoni
2023-08-07,mkokotoni
2023-08-07,mkokotoni
2023-08-07,mkokotoni
2023-08-07,mkokotoni
2023-08-07,mkokotoni
2023-08-07,mkokotoni
2023-08-07,mkokotoni
2023-08-07,mkokotoni
2023-08-07,mkokotoni
2023-08-07,mkokotoni
2023-08-07,mkokotoni
2023-08-07,mkokotoni
2023-08-07,mkokotoni
2023-08-07,mkokotoni
2023-08-07,mkokotoni
2023-08-07,mkokotoni
2023-08-07,mkokotoni
2023-08-07,mkokotoni
2023-08-07,mkokotoni
2023-08-07,mkokotoni
2023-08-07,mkokotoni
2023-08-07,mkokotoni
2023-08-07,mkokotoni
2023-08-07,mkokotoni
2023-08-07,mkokotoni
2023-08-07,mkokotoni
2023-08-07,mkokotoni
2023-08-07,mkokotoni
2023-08-07,mkokotoni
2023-08-07,mkokotoni
2023-08-07,mkokotoni
2023-08-07,mkokotoni
2023-08-07,mkokotoni
2023-08-07,mkokotoni
2023-08-07,mkokotoni
2023-08-07,mkokotoni
2023-08-07,mkokotoni
2023-08-07,mkokotoni
2023-08-07,mkokotoni
2023-08-07,mkokotoni
2023-08-07,mkokotoni
2023-08-07,mkokotoni
2023-08-07,mkokotoni
2023-08-07,mkokotoni
2023-08-07,mkokotoni
2023-08-07,mkokotoni
2023-08-07,mkokotoni
2023-08-07,mkokotoni
2023-08-07,mkokotoni
2023-08-07,mkokotoni
2023-08-07,mkokotoni
2023-08-07,mkokotoni
2023-08-07,mkokotoni
2023-08-07,mkokotoni
2023-08-07,mkokotoni
2023-08-07,mkokotoni
2023-08-07,mkokotoni
2023-08-07,mkokotoni
2023-08-07,mkokotoni
2023-08-07,mkokotoni
2023-08-07,mkokotoni
2023-08-07,mkokotoni
2023-08-07,mkokotoni
2023-08-07,mkokotoni
2023-08-07,mkokotoni
2023-08-07,mkokotoni
2023-08-07,mkokotoni
2023-08-07,mkokotoni
2023-08-07,mkokotoni
2023-08-07,mkokotoni
2023-08-07,mkokotoni
2023-08-07,mkokotoni
2023-08-07,mkokotoni
2023-08-07,mkokotoni
2023-08-07,mkokotoni
2023-08-07,mkokotoni
2023-08-07,mkokotoni
2023-08-07,mkokotoni
2023-08-07,mkokotoni
2023-08-08,mkokotoni
2023-08-08,mkokotoni
2023-08-08,mkokotoni
2023-08-08,mkokotoni
2023-08-08,mkokotoni
2023-08-08,mkokotoni
2023-08-08,mkokotoni
2023-08-08,mkokotoni
2023-08-08,mkokotoni
2023-08-08,mkokotoni
2023-08-08,mkokotoni
2023-08-08,mkokotoni
2023-08-08,mkokotoni
2023-08-08,mkokotoni
2023-08-08,mkokotoni
2023-08-08,mkokotoni
2023-08-08,mkokotoni
2023-08-08,mkokotoni
2023-08-08,mkokotoni
2023-08-08,mkokotoni
2023-08-08,mkokotoni
2023-08-08,mkokotoni
2023-08-08,mkokotoni
2023-08-08,mkokotoni
2023-08-08,mkokotoni
2023-08-08,mkokotoni
2023-08-08,mkokotoni
2023-08-08,mkokotoni
2023-08-08,mkokotoni
2023-08-08,mkokotoni
2023-08-08,mkokotoni
2023-08-08,mkokotoni
2023-08-08,mkokotoni
2023-08-08,mkokotoni
2023-08-08,mkokotoni
2023-08-08,mkokotoni
2023-08-08,mkokotoni
2023-08-08,mkokotoni
2023-08-08,mkokotoni
2023-08-08,mkokotoni
2023-08-08,mkokotoni
2023-08-08,mkokotoni
2023-08-08,mkokotoni
2023-08-08,mkokotoni
2023-08-08,mkokotoni
2023-08-08,mkokotoni
2023-08-08,mkokotoni
2023-08-08,mkokotoni
2023-08-08,mkokotoni
2023-08-08,mkokotoni
2023-08-08,mkokotoni
2023-08-08,mkokotoni
2023-08-08,mkokotoni
2023-08-08,mkokotoni
2023-08-08,mkokotoni
2023-08-08,mkokotoni
2023-08-08,mkokotoni
2023-08-08,mkokotoni
2023-08-08,mkokotoni
2023-08-08,mkokotoni
2023-08-08,mkokotoni
2023-08-08,mkokotoni
2023-08-08,mkokotoni
2023-08-08,mkokotoni
2023-08-08,mkokotoni
2023-08-08,mkokotoni
2023-08-08,mkokotoni
2023-08-08,mkokotoni
2023-08-08,mkokotoni
2023-08-08,mkokotoni
2023-08-08,mkokotoni
2023-08-08,mkokotoni
2023-08-08,mkokotoni
2023-08-08,mkokotoni
2023-08-08,mkokotoni
2023-08-08,mkokotoni
2023-08-08,mkokotoni
2023-08-08,mkokotoni
2023-08-08,mkokotoni
2023-08-08,mkokotoni
2023-08-08,mkokotoni
2023-08-08,mkokotoni
2023-08-09,mkokotoni
2023-08-09,mkokotoni
2023-08-09,mkokotoni
2023-08-09,mkokotoni
2023-08-09,mkokotoni
2023-08-09,mkokotoni
2023-08-09,mkokotoni
2023-08-09,mkokotoni
2023-08-09,mkokotoni
2023-08-09,mkokotoni
2023-08-09,mkokotoni
2023-08-09,mkokotoni
2023-08-09,mkokotoni
2023-08-09,mkokotoni
2023-08-09,mkokotoni
2023-08-09,mkokotoni
2023-08-09,mkokotoni
2023-08-09,mkokotoni
2023-08-09,mkokotoni
2023-08-09,kizimkazi dimbani
2023-08-09,mkokotoni
2023-08-09,mkokotoni
2023-08-09,mkokotoni
2023-08-09,mkokotoni
2023-08-09,mkokotoni
2023-08-09,mkokotoni
2023-08-09,mkokotoni
2023-08-09,mkokotoni
2023-08-09,mkokotoni
2023-08-09,mkokotoni
2023-08-09,mkokotoni
2023-08-09,mkokotoni
2023-08-09,mkokotoni
2023-08-09,mkokotoni
2023-08-10,shangani
2023-08-10,shangani
2023-08-10,shangani
2023-08-10,shangani
2023-08-09,mkokotoni
2023-08-13,msuka
2023-08-13,msuka
2023-08-03,mkokotoni
2023-08-14,mkokotoni
2023-08-14,mkokotoni
2023-08-14,mkokotoni
2023-08-14,mkokotoni
2023-08-14,mkokotoni
2023-08-14,mkokotoni
2023-08-14,mkokotoni
2023-08-14,mkokotoni
2023-08-14,mkokotoni
2023-08-14,mkokotoni
2023-08-14,mkokotoni
2023-08-14,mkokotoni
2023-08-14,mkokotoni
2023-08-14,mkokotoni
2023-08-14,mkokotoni
2023-08-14,mkokotoni
2023-08-14,mkokotoni
2023-08-14,mkokotoni
2023-08-14,mkokotoni
2023-08-14,mkokotoni
2023-08-14,mkokotoni
2023-08-14,mkokotoni
2023-08-14,mkokotoni
2023-08-14,mkokotoni
2023-08-14,mkokotoni
2023-08-14,mkokotoni
2023-08-14,mkokotoni
2023-08-14,mkokotoni
2023-08-14,mkokotoni
2023-08-14,mkokotoni
2023-08-14,mkokotoni
2023-08-14,mkokotoni
2023-08-14,mkokotoni
2023-08-14,mkokotoni
2023-08-14,mkokotoni
2023-08-14,mkokotoni
2023-08-14,mkokotoni
2023-08-14,mkokotoni
2023-08-14,mkokotoni
2023-08-14,mkokotoni
2023-08-14,mkokotoni
2023-08-14,mkokotoni
2023-08-14,mkokotoni
2023-08-14,mkokotoni
2023-08-14,mkokotoni
2023-08-14,mkokotoni
2023-08-14,mkokotoni
2023-08-14,mkokotoni
2023-08-14,mkokotoni
2023-08-14,mkokotoni
2023-08-14,mkokotoni
2023-08-14,mkokotoni
2023-08-14,mkokotoni
2023-08-14,mkokotoni
2023-08-14,mkokotoni
2023-08-14,mkokotoni
2023-08-14,mkokotoni
2023-08-14,mkokotoni
2023-08-14,mkokotoni
2023-08-14,mkokotoni
2023-08-14,mkokotoni
2023-08-14,mkokotoni
2023-08-14,mkokotoni
2023-08-14,mkokotoni
2023-08-14,mkokotoni
2023-08-14,mkokotoni
2023-08-14,mkokotoni
2023-08-14,mkokotoni
2023-08-14,mkokotoni
2023-08-14,mkokotoni
2023-08-14,mkokotoni
2023-08-14,mkokotoni
2023-08-14,mkokotoni
2023-08-14,mkokotoni
2023-08-14,mkokotoni
2023-08-14,mkokotoni
2023-08-14,mkokotoni
2023-08-14,mkokotoni
2023-08-14,mkokotoni
2023-08-14,mkokotoni
2023-08-14,mkokotoni
2023-08-14,mkokotoni
2023-08-14,mkokotoni
2023-08-14,mkokotoni
2023-08-14,mkokotoni
2023-08-14,mkokotoni
2023-08-14,mkokotoni
2023-08-14,mkokotoni
2023-08-14,mkokotoni
2023-08-14,mkokotoni
2023-08-14,mkokotoni
2023-08-14,mkokotoni
2023-08-14,mkokotoni
2023-08-14,mkokotoni
2023-08-14,mkokotoni
2023-08-14,mkokotoni
2023-08-14,mkokotoni
2023-08-14,mkokotoni
2023-08-14,mkokotoni
2023-08-14,mkokotoni
2023-08-14,mkokotoni
2023-08-14,mkokotoni
2023-08-14,mkokotoni
2023-08-14,mkokotoni
2023-08-14,mkokotoni
2023-08-14,mkokotoni
2023-08-14,mkokotoni
2023-08-14,mkokotoni
2023-08-14,mkokotoni
2023-08-14,mkokotoni
2023-08-14,mkokotoni
2023-08-14,mkokotoni
2023-08-15,mkokotoni
2023-08-15,mkokotoni
2023-08-15,mkokotoni
2023-08-15,mkokotoni
2023-08-15,mkokotoni
2023-08-15,mkokotoni
2023-08-15,mkokotoni
2023-08-15,mkokotoni
2023-08-15,mkokotoni
2023-08-15,mkokotoni
2023-08-15,mkokotoni
2023-08-15,mkokotoni
2023-08-15,mkokotoni
2023-08-15,mkokotoni
2023-08-15,mkokotoni
2023-08-15,mkokotoni
2023-08-15,mkokotoni
2023-08-15,mkokotoni
2023-08-15,mkokotoni
2023-08-15,mkokotoni
2023-08-15,mkokotoni
2023-08-15,mkokotoni
2023-08-15,mkokotoni
2023-08-15,mkokotoni
2023-08-15,mkokotoni
2023-08-15,mkokotoni
2023-08-15,mkokotoni
2023-08-15,mkokotoni
2023-08-15,mkokotoni
2023-08-15,mkokotoni
2023-08-15,mkokotoni
2023-08-15,mkokotoni
2023-08-15,mkokotoni
2023-08-15,mkokotoni
2023-08-15,mkokotoni
2023-08-15,mkokotoni
2023-08-15,mkokotoni
2023-08-15,mkokotoni
2023-08-15,mkokotoni
2023-08-15,mkokotoni
2023-08-15,mkokotoni
2023-08-15,mkokotoni
2023-08-15,mkokotoni
2023-08-15,mkokotoni
2023-08-15,mkokotoni
2023-08-15,mkokotoni
2023-08-15,mkokotoni
2023-08-15,mkokotoni
2023-08-15,mkokotoni
2023-08-15,mkokotoni
2023-08-15,mkokotoni
2023-08-15,mkokotoni
2023-08-15,mkokotoni
2023-08-15,mkokotoni
2023-08-15,mkokotoni
2023-08-03,mkokotoni
2023-08-15,mkokotoni
2023-08-15,mkokotoni
2023-08-15,mkokotoni
2023-08-15,mkokotoni
2023-08-15,mkokotoni
2023-08-15,mkokotoni
2023-08-15,mkokotoni
2023-08-15,mkokotoni
2023-08-15,mkokotoni
2023-08-15,mkokotoni
2023-08-15,mkokotoni
2023-08-15,mkokotoni
2023-08-15,mkokotoni
2023-08-15,mkokotoni
2023-08-15,mkokotoni
2023-08-15,mkokotoni
2023-08-15,mkokotoni
2023-08-15,mkokotoni
2023-08-15,mkokotoni
2023-08-15,shangani
2023-08-15,shangani
2023-08-15,shangani
2023-08-16,mkokotoni
2023-08-16,mkokotoni
2023-08-16,mkokotoni
2023-08-16,mkokotoni
2023-08-15,mkokotoni
2023-08-16,mkokotoni
2023-08-16,mkokotoni
2023-08-16,mkokotoni
2023-08-16,mkokotoni
2023-08-16,mkokotoni
2023-08-16,mkokotoni
2023-08-16,mkokotoni
2023-08-16,mkokotoni
2023-08-16,mkokotoni
2023-08-16,mkokotoni
2023-08-16,mkokotoni
2023-08-16,mkokotoni
2023-08-16,mkokotoni
2023-08-16,mkokotoni
2023-08-16,mkokotoni
2023-08-16,mkokotoni
2023-08-16,mkokotoni
2023-08-16,mkokotoni
2023-08-16,mkokotoni
2023-08-16,mkokotoni
2023-08-16,mkokotoni
2023-08-16,mkokotoni
2023-08-16,mkokotoni
2023-08-16,mkokotoni
2023-08-16,mkokotoni
2023-08-16,mkokotoni
2023-08-16,mkokotoni
2023-08-16,mkokotoni
2023-08-16,mkokotoni
2023-08-16,mkokotoni
2023-08-16,mkokotoni
2023-08-16,mkokotoni
2023-08-16,mkokotoni
2023-08-16,mkokotoni
2023-08-16,mkokotoni
2023-08-16,mkokotoni
2023-08-16,mkokotoni
2023-08-16,mkokotoni
2023-08-16,mkokotoni
2023-08-16,mkokotoni
2023-08-16,mkokotoni
2023-08-16,mkokotoni
2023-08-16,mkokotoni
2023-08-16,mkokotoni
2023-08-16,mkokotoni
2023-08-16,mkokotoni
2023-08-16,mkokotoni
2023-08-16,mkokotoni
2023-08-16,mkokotoni
2023-08-16,mkokotoni
2023-08-16,mkokotoni
2023-08-16,mkokotoni
2023-08-16,mkokotoni
2023-08-16,mkokotoni
2023-08-16,mkokotoni
2023-08-16,mkokotoni
2023-08-16,mkokotoni
2023-08-16,mkokotoni
2023-08-16,mkokotoni
2023-08-16,mkokotoni
2023-08-16,mkokotoni
2023-08-16,mkokotoni
2023-08-16,mkokotoni
2023-08-16,mkokotoni
2023-08-16,mkokotoni
2023-08-16,mkokotoni
2023-08-16,mkokotoni
2023-08-16,mkokotoni
2023-08-16,mkokotoni
2023-08-16,mkokotoni
2023-08-16,mkokotoni
2023-08-16,mkokotoni
2023-08-16,mkokotoni
2023-08-16,mkokotoni
2023-08-16,mkokotoni
2023-08-16,mkokotoni
2023-08-16,mkokotoni
2023-08-16,mkokotoni
2023-08-16,mkokotoni
2023-08-16,mkokotoni
2023-08-16,mkokotoni
2023-08-16,mkokotoni
2023-08-16,mkokotoni
2023-08-16,mkokotoni
2023-08-16,mkokotoni
2023-08-16,mkokotoni
2023-08-16,mkokotoni
2023-08-16,mkokotoni
2023-08-16,mkokotoni
2023-08-16,mkokotoni
2023-08-16,mkokotoni
2023-08-16,mkokotoni
2023-08-16,mkokotoni
2023-08-16,mkokotoni
2023-08-16,mkokotoni
2023-08-16,mkokotoni
2023-08-16,mkokotoni
2023-08-16,mkokotoni
2023-08-16,mkokotoni
2023-08-16,mkokotoni
2023-08-16,mkokotoni
2023-06-21,malindi
2023-08-16,malindi
2023-08-16,malindi
2023-08-16,malindi
2023-08-16,malindi
2023-08-16,mkokotoni
2023-08-16,mkokotoni
2023-08-16,mkokotoni
2023-08-16,mkokotoni
2023-08-16,mkokotoni
2023-08-16,mkokotoni
2023-08-16,mkokotoni
2023-08-16,mkokotoni
2023-08-16,mkokotoni
2023-08-16,mkokotoni
2023-08-16,mkokotoni
2023-08-16,mkokotoni
2023-08-16,mkokotoni
2023-08-16,mkokotoni
2023-08-16,mkokotoni
2023-08-16,mkokotoni
2023-08-16,mkokotoni
2023-08-16,mkokotoni
2023-08-16,mkokotoni
2023-08-16,mkokotoni
2023-08-16,mkokotoni
2023-08-16,mkokotoni
2023-08-16,mkokotoni
2023-08-16,mkokotoni
2023-08-16,mkokotoni
2023-08-16,mkokotoni
2023-08-16,mkokotoni
2023-08-16,mkokotoni
2023-08-16,mkokotoni
2023-08-16,mkokotoni
2023-08-16,mkokotoni
2023-08-16,mkokotoni
2023-08-16,mkokotoni
2023-08-16,mkokotoni
2023-08-16,mkokotoni
2023-08-16,mkokotoni
2023-08-16,mkokotoni
2023-08-16,mkokotoni
2023-08-16,mkokotoni
2023-08-16,mkokotoni
2023-08-16,mkokotoni
2023-08-16,mkokotoni
2023-08-16,mkokotoni
2023-08-16,mkokotoni
2023-08-16,mkokotoni
2023-08-16,mkokotoni
2023-08-16,mkokotoni
2023-08-16,mkokotoni
2023-08-16,mkokotoni
2023-08-16,mkokotoni
2023-08-16,mkokotoni
2023-08-16,mkokotoni
2023-08-16,mkokotoni
2023-08-16,mkokotoni
2023-08-16,mkokotoni
2023-08-16,malindi
2023-08-16,malindi
2023-08-16,malindi
2023-08-16,malindi
2023-08-16,mkokotoni
2023-08-17,mkokotoni
2023-08-17,mkokotoni
2023-08-17,mkokotoni
2023-08-17,mkokotoni
2023-08-17,mkokotoni
2023-08-17,mkokotoni
2023-08-17,mkokotoni
2023-08-17,mkokotoni
2023-08-17,mkokotoni
2023-08-17,mkokotoni
2023-08-17,mkokotoni
2023-08-17,mkokotoni
2023-08-17,mkokotoni
2023-08-17,mkokotoni
2023-08-17,mkokotoni
2023-08-17,mkokotoni
2023-08-17,mkokotoni
2023-08-17,mkokotoni
2023-08-17,mkokotoni
2023-08-17,mkokotoni
2023-08-17,mkokotoni
2023-08-17,mkokotoni
2023-08-17,mkokotoni
2023-08-17,mkokotoni
2023-08-17,mkokotoni
2023-08-17,mkokotoni
2023-08-17,mkokotoni
2023-08-17,mkokotoni
2023-08-17,mkokotoni
2023-08-17,mkokotoni
2023-08-17,mkokotoni
2023-08-17,mkokotoni
2023-08-17,mkokotoni
2023-08-17,mkokotoni
2023-08-17,mkokotoni
2023-08-17,mkokotoni
2023-08-17,mkokotoni
2023-08-17,mkokotoni
2023-08-17,mkokotoni
2023-08-17,mkokotoni
2023-08-17,mkokotoni
2023-08-17,mkokotoni
2023-08-17,mkokotoni
2023-08-17,mkokotoni
2023-08-17,mkokotoni
2023-08-17,mkokotoni
2023-08-17,mkokotoni
2023-08-17,mkokotoni
2023-08-17,mkokotoni
2023-08-17,mkokotoni
2023-08-17,mkokotoni
2023-08-17,mkokotoni
2023-08-17,mkokotoni
2023-08-17,mkokotoni
2023-08-17,mkokotoni
2023-08-17,mkokotoni
2023-08-17,mkokotoni
2023-08-17,mkokotoni
2023-08-17,mkokotoni
2023-08-17,mkokotoni
2023-08-17,mkokotoni
2023-08-17,mkokotoni
2023-08-17,mkokotoni
2023-08-17,mkokotoni
2023-08-17,mkokotoni
2023-08-17,mkokotoni
2023-08-17,mkokotoni
2023-08-17,mkokotoni
2023-08-17,mkokotoni
2023-08-17,mkokotoni
2023-08-17,mkokotoni
2023-08-17,mkokotoni
2023-08-17,mkokotoni
2023-08-17,mkokotoni
2023-08-17,mkokotoni
2023-08-17,mkokotoni
2023-08-17,mkokotoni
2023-08-17,mkokotoni
2023-08-17,mkokotoni
2023-08-17,mkokotoni
2023-08-17,mkokotoni
2023-08-17,mkokotoni
2023-08-17,mkokotoni
2023-08-17,mkokotoni
2023-08-17,mkokotoni
2023-08-17,mkokotoni
2023-08-17,mkokotoni
2023-08-17,mkokotoni
2023-08-17,mkokotoni
2023-08-17,mkokotoni
2023-08-17,mkokotoni
2023-08-17,mkokotoni
2023-08-17,mkokotoni
2023-08-17,mkokotoni
2023-08-17,mkokotoni
2023-08-17,mkokotoni
2023-08-17,mkokotoni
2023-08-17,mkokotoni
2023-08-17,mkokotoni
2023-08-17,mkokotoni
2023-08-17,mkokotoni
2023-08-17,mkokotoni
2023-08-17,mkokotoni
2023-08-17,mkokotoni
2023-08-17,mkokotoni
2023-08-17,mkokotoni
2023-08-17,mkokotoni
2023-08-17,mkokotoni
2023-08-17,mkokotoni
2023-08-17,mkokotoni
2023-08-17,mkokotoni
2023-08-17,mkokotoni
2023-08-17,mkokotoni
2023-08-17,mkokotoni
2023-08-17,mkokotoni
2023-08-17,mkokotoni
2023-08-17,mkokotoni
2023-08-17,mkokotoni
2023-08-17,mkokotoni
2023-08-17,mkokotoni
2023-08-17,msuka
2023-08-17,msuka
2023-08-17,mkokotoni
2023-08-17,mkokotoni
2023-08-17,mkokotoni
2023-08-17,mkokotoni
2023-08-17,mkokotoni
2023-08-17,mkokotoni
2023-08-17,mkokotoni
2023-08-17,mkokotoni
2023-08-17,mkokotoni
2023-08-17,mkokotoni
2023-08-17,mkokotoni
2023-08-17,mkokotoni
2023-08-17,mkokotoni
2023-08-18,mkokotoni
2023-08-18,mkokotoni
2023-08-18,mkokotoni
2023-08-18,mkokotoni
2023-08-17,mkokotoni
2023-08-18,mkokotoni
2023-08-18,mkokotoni
2023-08-18,mkokotoni
2023-08-18,mkokotoni
2023-08-18,mkokotoni
2023-08-18,mkokotoni
2023-08-18,mkokotoni
2023-08-18,mkokotoni
2023-08-18,mkokotoni
2023-08-17,mkokotoni
2023-08-18,mkokotoni
2023-08-18,mkokotoni
2023-08-18,mkokotoni
2023-08-18,mkokotoni
2023-08-18,mkokotoni
2023-08-18,mkokotoni
2023-08-18,mkokotoni
2023-08-18,mkokotoni
2023-08-18,mkokotoni
2023-08-18,mkokotoni
2023-08-18,mkokotoni
2023-08-18,shangani
2023-08-18,shangani
2023-08-18,shangani
2023-08-20,msuka
2023-08-18,mkokotoni
2023-08-19,mkokotoni
2023-08-19,mkokotoni
2023-08-19,mkokotoni
2023-08-19,mkokotoni
2023-08-19,mkokotoni
2023-08-19,mkokotoni
2023-08-19,mkokotoni
2023-08-19,mkokotoni
2023-08-19,mkokotoni
2023-08-19,mkokotoni
2023-08-19,mkokotoni
2023-08-19,mkokotoni
2023-08-19,mkokotoni
2023-08-19,mkokotoni
2023-08-19,mkokotoni
2023-08-19,mkokotoni
2023-08-19,mkokotoni
2023-08-19,mkokotoni
2023-08-19,mkokotoni
2023-08-19,mkokotoni
2023-08-19,mkokotoni
2023-08-19,mkokotoni
2023-08-19,mkokotoni
2023-08-19,mkokotoni
2023-08-19,mkokotoni
2023-08-19,mkokotoni
2023-08-19,mkokotoni
2023-08-19,mkokotoni
2023-08-19,mkokotoni
2023-08-19,mkokotoni
2023-08-19,mkokotoni
2023-08-19,mkokotoni
2023-08-19,mkokotoni
2023-08-19,mkokotoni
2023-08-19,mkokotoni
2023-08-19,mkokotoni
2023-08-19,mkokotoni
2023-08-19,mkokotoni
2023-08-19,mkokotoni
2023-08-19,mkokotoni
2023-08-19,mkokotoni
2023-08-19,mkokotoni
2023-08-19,mkokotoni
2023-08-19,mkokotoni
2023-08-19,mkokotoni
2023-08-19,mkokotoni
2023-08-19,mkokotoni
2023-08-19,mkokotoni
2023-08-19,mkokotoni
2023-08-20,mkokotoni
2023-08-20,mkokotoni
2023-08-20,mkokotoni
2023-08-20,mkokotoni
2023-08-20,mkokotoni
2023-08-20,mkokotoni
2023-08-20,mkokotoni
2023-08-20,mkokotoni
2023-08-20,mkokotoni
2023-08-20,mkokotoni
2023-08-20,mkokotoni
2023-08-20,mkokotoni
2023-08-20,mkokotoni
2023-08-20,mkokotoni
2023-08-20,mkokotoni
2023-08-20,mkokotoni
2023-08-20,mkokotoni
2023-08-20,mkokotoni
2023-08-20,mkokotoni
2023-08-21,kizimkazi dimbani
2023-08-21,mkokotoni
2023-08-21,mkokotoni
2023-08-21,mkokotoni
2023-08-21,malindi
2023-08-21,malindi
2023-08-21,malindi
2023-08-21,malindi
2023-08-21,malindi
2023-08-21,malindi
2023-08-21,malindi
2023-08-22,mkokotoni
2023-08-22,mkokotoni
2023-08-22,mkokotoni
2023-08-22,mkokotoni
2023-08-22,mkokotoni
2023-08-22,mkokotoni
2023-08-22,mkokotoni
2023-08-22,mkokotoni
2023-08-22,mkokotoni
2023-08-22,mkokotoni
2023-08-22,mkokotoni
2023-08-22,mkokotoni
2023-08-22,mkokotoni
2023-08-22,mkokotoni
2023-08-22,mkokotoni
2023-08-22,mkokotoni
2023-08-22,mkokotoni
2023-08-22,mkokotoni
2023-08-22,mkokotoni
2023-08-22,mkokotoni
2023-08-22,mkokotoni
2023-08-22,mkokotoni
2023-08-22,mkokotoni
2023-08-22,mkokotoni
2023-08-22,mkokotoni
2023-08-22,mkokotoni
2023-08-22,mkokotoni
2023-08-22,mkokotoni
2023-08-22,mkokotoni
2023-08-22,mkokotoni
2023-08-22,mkokotoni
2023-08-22,mkokotoni
2023-08-22,mkokotoni
2023-08-22,mkokotoni
2023-08-22,mkokotoni
2023-08-22,mkokotoni
2023-08-22,mkokotoni
2023-08-22,mkokotoni
2023-08-22,mkokotoni
2023-08-22,mkokotoni
2023-08-22,mkokotoni
2023-08-22,mkokotoni
2023-08-22,mkokotoni
2023-08-22,mkokotoni
2023-08-22,mkokotoni
2023-08-22,mkokotoni
2023-08-22,mkokotoni
2023-08-22,mkokotoni
2023-08-22,mkokotoni
2023-08-22,mkokotoni
2023-08-22,mkokotoni
2023-08-22,mkokotoni
2023-08-22,mkokotoni
2023-08-22,mkokotoni
2023-08-22,mkokotoni
2023-08-22,malindi
2023-08-22,malindi
2023-08-22,malindi
2023-08-22,malindi
2023-08-22,mkokotoni
2023-08-22,mkokotoni
2023-08-22,mkokotoni
2023-08-22,mkokotoni
2023-08-22,mkokotoni
2023-08-22,mkokotoni
2023-08-22,mkokotoni
2023-08-22,mkokotoni
2023-08-22,mkokotoni
2023-08-22,mkokotoni
2023-08-22,mkokotoni
2023-08-22,mkokotoni
2023-08-22,mkokotoni
2023-08-22,mkokotoni
2023-08-22,mkokotoni
2023-08-22,mkokotoni
2023-08-22,mkokotoni
2023-08-22,mkokotoni
2023-08-22,mkokotoni
2023-08-22,mkokotoni
2023-08-22,mkokotoni
2023-08-22,mkokotoni
2023-08-22,mkokotoni
2023-08-22,mkokotoni
2023-08-22,mkokotoni
2023-08-22,mkokotoni
2023-08-22,mkokotoni
2023-08-22,mkokotoni
2023-08-22,mkokotoni
2023-08-22,mkokotoni
2023-08-22,mkokotoni
2023-08-22,mkokotoni
2023-08-22,mkokotoni
2023-08-22,mkokotoni
2023-08-22,mkokotoni
2023-08-22,mkokotoni
2023-08-22,mkokotoni
2023-08-22,mkokotoni
2023-08-22,mkokotoni
2023-08-22,mkokotoni
2023-08-22,mkokotoni
2023-08-22,mkokotoni
2023-08-22,mazizini
2023-08-22,mazizini
2023-08-23,malindi
2023-08-23,malindi
2023-08-23,malindi
2023-08-23,malindi
2023-08-23,malindi
2023-08-23,malindi
2023-08-23,malindi
2023-08-23,malindi
2023-08-19,shangani
2023-08-19,shangani
2023-08-19,shangani
2023-08-19,shangani
2023-08-23,shangani
2023-08-23,shangani
2023-08-23,shangani
2023-08-23,shangani
2023-08-23,shangani
2023-08-27,msuka
2023-08-28,mkokotoni
2023-08-28,mkokotoni
2023-08-28,mkokotoni
2023-08-22,mkokotoni
2023-08-22,mkokotoni
2023-08-22,mkokotoni
2023-08-22,mkokotoni
2023-08-22,mkokotoni
2023-08-22,mkokotoni
2023-08-23,mkokotoni
2023-08-23,mkokotoni
2023-08-23,mkokotoni
2023-08-23,mkokotoni
2023-08-23,mkokotoni
2023-08-23,mkokotoni
2023-08-23,mkokotoni
2023-08-23,mkokotoni
2023-08-23,mkokotoni
2023-08-23,mkokotoni
2023-08-23,mkokotoni
2023-08-23,mkokotoni
2023-08-23,mkokotoni
2023-08-29,mkokotoni
2023-08-29,mkokotoni
2023-08-29,mazizini
2023-08-28,kizimkazi dimbani
2023-08-28,kizimkazi dimbani
2023-08-23,mkokotoni
2023-08-23,mkokotoni
2023-08-24,mkokotoni
2023-08-24,mkokotoni
2023-08-24,mkokotoni
2023-08-24,mkokotoni
2023-08-24,mkokotoni
2023-08-30,mazizini
2023-08-24,mkokotoni
2023-08-24,mkokotoni
2023-08-24,mkokotoni
2023-08-24,mkokotoni
2023-08-24,mkokotoni
2023-08-24,mkokotoni
2023-08-24,mkokotoni
2023-08-24,mkokotoni
2023-08-24,mkokotoni
2023-08-24,mkokotoni
2023-08-24,mkokotoni
2023-08-24,mkokotoni
2023-08-24,mkokotoni
2023-08-26,mkokotoni
2023-08-26,mkokotoni
2023-08-26,mkokotoni
2023-08-26,mkokotoni
2023-08-26,mkokotoni
2023-08-26,mkokotoni
2023-08-26,mkokotoni
2023-08-26,mkokotoni
2023-08-26,mkokotoni
2023-08-26,mkokotoni
2023-08-26,mkokotoni
2023-08-26,mkokotoni
2023-08-26,mkokotoni
2023-08-26,mkokotoni
2023-08-26,mkokotoni
2023-08-26,mkokotoni
2023-08-26,mkokotoni
2023-08-26,mkokotoni
2023-08-26,mkokotoni
2023-08-26,mkokotoni
2023-08-26,mkokotoni
2023-08-26,mkokotoni
2023-08-26,mkokotoni
2023-08-26,mkokotoni
2023-08-26,mkokotoni
2023-08-26,mkokotoni
2023-08-26,mkokotoni
2023-08-26,mkokotoni
2023-08-26,mkokotoni
2023-08-26,mkokotoni
2023-08-26,mkokotoni
2023-08-26,mkokotoni
2023-08-26,mkokotoni
2023-08-26,mkokotoni
2023-08-26,mkokotoni
2023-08-26,mkokotoni
2023-08-26,mkokotoni
2023-08-26,mkokotoni
2023-08-26,mkokotoni
2023-08-26,mkokotoni
2023-08-26,mkokotoni
2023-08-26,mkokotoni
2023-08-26,mkokotoni
2023-08-26,mkokotoni
2023-08-26,mkokotoni
2023-08-26,mkokotoni
2023-08-26,mkokotoni
2023-08-26,mkokotoni
2023-08-26,mkokotoni
2023-08-26,mkokotoni
2023-08-26,mkokotoni
2023-08-26,mkokotoni
2023-08-26,mkokotoni
2023-08-26,mkokotoni
2023-08-26,mkokotoni
2023-08-26,mkokotoni
2023-08-26,mkokotoni
2023-08-26,mkokotoni
2023-08-26,mkokotoni
2023-08-26,mkokotoni
2023-08-26,mkokotoni
2023-08-26,mkokotoni
2023-08-26,mkokotoni
2023-08-26,mkokotoni
2023-08-26,mkokotoni
2023-08-26,mkokotoni
2023-08-26,mkokotoni
2023-08-26,mkokotoni
2023-08-26,mkokotoni
2023-08-26,mkokotoni
2023-08-26,mkokotoni
2023-08-26,mkokotoni
2023-08-26,mkokotoni
2023-08-26,mkokotoni
2023-08-26,mkokotoni
2023-08-26,mkokotoni
2023-08-26,mkokotoni
2023-08-26,mkokotoni
2023-08-26,mkokotoni
2023-08-26,mkokotoni
2023-08-26,mkokotoni
2023-08-27,mkokotoni
2023-08-27,mkokotoni
2023-08-27,mkokotoni
2023-08-27,mkokotoni
2023-08-27,mkokotoni
2023-08-27,mkokotoni
2023-08-27,mkokotoni
2023-08-27,mkokotoni
2023-08-27,mkokotoni
2023-08-27,mkokotoni
2023-08-27,mkokotoni
2023-08-27,mkokotoni
2023-08-27,mkokotoni
2023-08-27,mkokotoni
2023-08-27,mkokotoni
2023-08-27,mkokotoni
2023-08-27,mkokotoni
2023-08-27,mkokotoni
2023-08-27,mkokotoni
2023-08-27,mkokotoni
2023-08-27,mkokotoni
2023-08-27,mkokotoni
2023-08-27,mkokotoni
2023-08-27,mkokotoni
2023-08-27,mkokotoni
2023-08-27,mkokotoni
2023-08-27,mkokotoni
2023-08-27,mkokotoni
2023-08-28,mkokotoni
2023-08-28,mkokotoni
2023-08-28,mkokotoni
2023-08-28,mkokotoni
2023-08-28,mkokotoni
2023-08-28,mkokotoni
2023-08-28,mkokotoni
2023-08-28,mkokotoni
2023-08-28,mkokotoni
2023-08-28,mkokotoni
2023-08-28,mkokotoni
2023-08-28,mkokotoni
2023-08-28,mkokotoni
2023-08-28,mkokotoni
2023-08-28,mkokotoni
2023-08-28,mkokotoni
2023-08-28,mkokotoni
2023-08-28,mkokotoni
2023-08-28,mkokotoni
2023-08-28,mkokotoni
2023-08-28,mkokotoni
2023-08-28,mkokotoni
2023-08-28,mkokotoni
2023-08-28,mkokotoni
2023-08-28,mkokotoni
2023-08-29,mkokotoni
2023-08-29,mkokotoni
2023-08-29,mkokotoni
2023-08-29,mkokotoni
2023-08-29,mkokotoni
2023-08-29,mkokotoni
2023-08-29,mkokotoni
2023-08-29,mkokotoni
2023-08-29,mkokotoni
2023-08-29,mkokotoni
2023-08-29,mkokotoni
2023-08-29,mkokotoni
2023-08-29,mkokotoni
2023-08-29,mkokotoni
2023-08-29,mkokotoni
2023-08-29,mkokotoni
2023-08-29,mkokotoni
2023-08-29,mkokotoni
2023-08-29,mkokotoni
2023-08-29,mkokotoni
2023-08-29,mkokotoni
2023-08-29,mkokotoni
2023-08-29,mkokotoni
2023-08-29,mkokotoni
2023-08-29,mkokotoni
2023-08-29,mkokotoni
2023-08-29,mkokotoni
2023-08-22,mkokotoni
2023-08-22,mkokotoni
2023-08-22,mkokotoni
2023-08-22,mkokotoni
2023-08-22,mkokotoni
2023-08-22,mkokotoni
2023-08-22,mkokotoni
2023-08-22,mkokotoni
2023-08-22,mkokotoni
2023-08-22,mkokotoni
2023-08-22,mkokotoni
2023-08-22,mkokotoni
2023-08-22,mkokotoni
2023-08-22,mkokotoni
2023-08-22,mkokotoni
2023-08-22,mkokotoni
2023-08-22,mkokotoni
2023-08-22,mkokotoni
2023-08-22,mkokotoni
2023-08-22,mkokotoni
2023-08-22,mkokotoni
2023-08-22,mkokotoni
2023-08-22,mkokotoni
2023-08-22,mkokotoni
2023-08-22,mkokotoni
2023-08-22,mkokotoni
2023-08-22,mkokotoni
2023-09-03,malindi
2023-09-03,malindi
2023-09-03,malindi
2023-09-03,malindi
2023-09-04,malindi
2023-09-03,malindi
2023-09-04,malindi
2023-09-03,malindi
2023-09-03,malindi
2023-09-04,malindi
2023-09-03,malindi
2023-09-04,malindi
2023-09-03,malindi
2023-09-04,malindi
2023-09-04,malindi
2023-09-03,malindi
2023-09-04,malindi
2023-09-04,malindi
2023-09-04,malindi
2023-09-04,malindi
2023-08-16,malindi
2023-08-16,malindi
2023-08-28,malindi
2023-08-30,malindi
2023-09-04,malindi
2023-09-04,malindi
2023-09-04,malindi
2023-09-04,malindi
2023-09-04,malindi
2023-09-04,malindi
2023-09-04,malindi
2023-09-04,malindi
2023-09-04,malindi
2023-09-04,mkokotoni
2023-09-04,msuka
2023-09-04,msuka
2023-09-05,kizimkazi dimbani
2023-09-05,kizimkazi dimbani
2023-09-05,mkokotoni
2023-09-05,mkokotoni
2023-09-05,mkokotoni
2023-09-05,mkokotoni
2023-09-05,malindi
2023-09-05,malindi
2023-09-05,malindi
2023-09-05,malindi
2023-09-05,malindi
2023-09-05,malindi
2023-09-05,malindi
2023-09-05,malindi
2023-09-05,malindi
2023-09-05,malindi
2023-09-05,malindi
2023-09-05,malindi
2023-09-05,malindi
2023-09-05,malindi
2023-09-11,mkokotoni
2023-09-11,kizimkazi dimbani
2023-09-11,mkokotoni
2023-09-08,malindi
2023-09-08,malindi
2023-09-11,mkokotoni
2023-09-11,msuka
2023-09-12,malindi
2023-09-13,msuka
2023-09-18,malindi
2023-09-18,malindi
2023-09-18,msuka
2023-09-19,malindi
2023-09-19,malindi
2023-09-19,malindi
2023-09-18,mkokotoni
2023-09-21,shangani
2023-09-21,shangani
2023-09-21,shangani
2023-09-23,msuka
2023-09-23,msuka
2023-09-23,msuka
2023-09-25,mkokotoni
2023-09-25,mkokotoni
2023-08-16,malindi
2023-09-25,malindi
2023-09-26,malindi
2023-09-26,malindi
2023-09-26,malindi
2023-09-26,malindi
2023-09-26,malindi
2023-09-26,malindi
2023-09-26,malindi
2023-09-26,malindi
2023-09-26,malindi
2023-09-26,malindi
2023-09-26,malindi
2023-09-26,malindi
2023-09-26,malindi
2023-09-25,msuka
2023-09-26,msuka
2023-09-26,msuka
2023-09-26,mkokotoni
2023-09-26,mkokotoni
2023-09-26,mazizini
2023-08-16,mazizini
2023-09-25,kizimkazi dimbani
2023-09-25,kizimkazi dimbani
2023-08-16,malindi
2023-08-28,malindi
2023-08-28,malindi
2023-08-28,malindi
2023-08-28,malindi
2023-08-28,malindi
2023-08-28,malindi
2023-09-27,mazizini
2023-09-27,msuka
2023-09-28,msuka
2023-09-28,msuka
2023-09-30,msuka
2023-10-03,mkokotoni
2023-09-27,tanga
2023-09-27,tanga
2023-09-27,tanga
2023-09-27,tanga
2023-10-02,tanga
2023-10-02,tanga
2023-10-03,tanga
2023-10-03,tanga
2023-10-03,tanga
2023-10-10,kizimkazi dimbani
2023-08-28,malindi
2023-08-28,malindi
2023-10-02,malindi
2023-10-02,malindi
2023-10-02,malindi
2023-10-09,mkokotoni
2023-10-09,mkokotoni
2023-10-10,mkokotoni
2023-10-10,mkokotoni
2023-10-10,mkokotoni
2023-10-10,mkokotoni
2023-10-10,msuka
2023-10-10,msuka
2023-10-10,mazizini
2023-10-10,mazizini
2023-10-02,shangani
2023-10-02,shangani
2023-10-02,shangani
2023-10-02,shangani
2023-10-12,shangani
2023-10-12,shangani
2023-10-12,shangani
2023-10-12,shangani
2023-10-12,shangani
2023-10-12,shangani
2023-08-27,mkokotoni
2023-08-29,mkokotoni
2023-08-29,mkokotoni
2023-08-29,mkokotoni
2023-08-29,mkokotoni
2023-08-29,mkokotoni
2023-08-29,mkokotoni
2023-08-29,mkokotoni
2023-08-29,mkokotoni
2023-08-29,mkokotoni
2023-08-29,mkokotoni
2023-08-29,mkokotoni
2023-08-29,mkokotoni
2023-08-29,mkokotoni
2023-08-29,mkokotoni
2023-08-30,mkokotoni
2023-08-30,mkokotoni
2023-08-30,mkokotoni
2023-08-30,mkokotoni
2023-08-30,mkokotoni
2023-08-30,mkokotoni
2023-08-30,mkokotoni
2023-08-30,mkokotoni
2023-08-30,mkokotoni
2023-08-30,mkokotoni
2023-08-30,mkokotoni
2023-08-30,mkokotoni
2023-08-30,mkokotoni
2023-08-30,mkokotoni
2023-08-30,mkokotoni
2023-08-30,mkokotoni
2023-08-30,mkokotoni
2023-08-30,mkokotoni
2023-08-30,mkokotoni
2023-08-30,mkokotoni
2023-08-30,mkokotoni
2023-08-30,mkokotoni
2023-08-30,mkokotoni
2023-08-30,mkokotoni
2023-08-30,mkokotoni
2023-08-30,mkokotoni
2023-08-30,mkokotoni
2023-08-30,mkokotoni
2023-08-30,mkokotoni
2023-08-30,mkokotoni
2023-08-30,mkokotoni
2023-08-30,mkokotoni
2023-08-30,mkokotoni
2023-08-30,mkokotoni
2023-08-30,mkokotoni
2023-08-30,mkokotoni
2023-08-30,mkokotoni
2023-08-30,mkokotoni
2023-08-30,mkokotoni
2023-08-30,mkokotoni
2023-08-30,mkokotoni
2023-08-30,mkokotoni
2023-08-30,mkokotoni
2023-08-30,mkokotoni
2023-10-14,msuka
2023-10-14,msuka
2023-10-14,msuka
2023-10-16,mkokotoni
2023-10-16,mkokotoni
2023-10-16,kizimkazi dimbani
2023-10-16,kizimkazi dimbani
2023-10-16,msuka
2023-10-16,mkokotoni
2023-10-17,mkokotoni
2023-10-17,mkokotoni
2023-10-17,mkokotoni
2023-10-17,mkokotoni
2023-10-17,mkokotoni
2023-10-17,mkokotoni
2023-10-17,mkokotoni
2023-10-17,mkokotoni
2023-10-17,mkokotoni
2023-10-17,mkokotoni
2023-10-17,mkokotoni
2023-10-17,mkokotoni
2023-10-17,mkokotoni
2023-10-17,mkokotoni
2023-10-17,mkokotoni
2023-10-17,mkokotoni
2023-10-17,mkokotoni
2023-10-17,mkokotoni
2023-10-17,mkokotoni
2023-10-17,mkokotoni
2023-10-17,mkokotoni
2023-10-17,mkokotoni
2023-10-17,mkokotoni
2023-10-17,mkokotoni
2023-10-17,mkokotoni
2023-10-17,mkokotoni
2023-10-17,mkokotoni
2023-10-17,mkokotoni
2023-10-17,mkokotoni
2023-10-17,mkokotoni
2023-10-17,mkokotoni
2023-10-17,mkokotoni
2023-10-17,mkokotoni
2023-10-17,mkokotoni
2023-10-17,mkokotoni
2023-10-17,mkokotoni
2023-10-17,mkokotoni
2023-10-17,mkokotoni
2023-10-17,mkokotoni
2023-10-17,mkokotoni
2023-10-17,malindi
2023-10-17,malindi
2023-10-17,malindi
2023-10-17,malindi
2023-10-17,malindi
2023-10-17,malindi
2023-10-17,malindi
2023-10-17,malindi
2023-10-17,malindi
2023-10-17,malindi
2023-10-17,malindi
2023-10-17,malindi
2023-10-17,malindi
2023-10-17,malindi
2023-10-17,malindi
2023-10-17,malindi
2023-10-12,shangani
2023-10-12,shangani
2023-10-12,shangani
2023-10-17,shangani
2023-10-17,shangani
2023-10-17,shangani
2023-10-17,mkokotoni
2023-10-18,mkokotoni
2023-10-18,mkokotoni
2023-10-18,mkokotoni
2023-10-18,mkokotoni
2023-10-18,mkokotoni
2023-10-18,mkokotoni
2023-10-18,mkokotoni
2023-10-18,mkokotoni
2023-10-18,mkokotoni
2023-10-18,mkokotoni
2023-10-18,mkokotoni
2023-10-18,mkokotoni
2023-10-18,mkokotoni
2023-10-18,mkokotoni
2023-10-18,mkokotoni
2023-10-18,mkokotoni
2023-10-18,mkokotoni
2023-10-18,mkokotoni
2023-10-18,mkokotoni
2023-10-18,malindi
2023-10-19,msuka
2023-10-19,msuka
2023-10-19,msuka
2023-10-19,msuka
2023-10-19,msuka
2023-10-20,mkokotoni
2023-10-20,mkokotoni
2023-10-20,mkokotoni
2023-10-20,mkokotoni
2023-10-20,mkokotoni
2023-10-20,mkokotoni
2023-10-20,mkokotoni
2023-10-23,kizimkazi dimbani
2023-10-23,mkokotoni
2023-10-23,mkokotoni
2023-10-23,kizimkazi dimbani
2023-10-23,kizimkazi dimbani
2023-10-23,mkokotoni
2023-10-23,mkokotoni
2023-10-23,mkokotoni
2023-10-23,mkokotoni
2023-10-23,mkokotoni
2023-10-23,mkokotoni
2023-10-23,mkokotoni
2023-10-23,mkokotoni
2023-10-24,malindi
2023-10-24,mkokotoni
2023-10-24,mkokotoni
2023-10-24,mazizini
2023-10-24,mkokotoni
2023-10-24,mkokotoni
2023-10-24,mkokotoni
2023-10-24,mkokotoni
2023-10-24,mkokotoni
2023-10-24,mkokotoni
2023-10-24,mkokotoni
2023-10-24,mkokotoni
2023-10-09,tanga
2023-10-16,tanga
2023-10-16,tanga
2023-10-16,tanga
2023-10-16,tanga
2023-10-24,tanga
2023-10-24,mkokotoni
2023-10-24,mkokotoni
2023-10-24,mkokotoni
2023-10-24,mazizini
2023-10-24,msuka
2023-10-24,mazizini
2023-10-24,mkokotoni
2023-10-24,mkokotoni
2023-10-24,mkokotoni
2023-10-24,shangani
2023-10-24,mkokotoni
2023-10-25,mkokotoni
2023-10-25,mkokotoni
2023-10-25,mkokotoni
2023-10-25,mkokotoni
2023-10-25,mkokotoni
2023-10-25,mkokotoni
2023-10-25,mkokotoni
2023-10-25,mkokotoni
2023-10-25,mkokotoni
2023-10-25,mkokotoni
2023-10-25,mkokotoni
2023-10-25,mkokotoni
2023-10-25,mkokotoni
2023-10-25,mkokotoni
2023-10-25,mkokotoni
2023-10-25,mkokotoni
2023-10-25,mkokotoni
2023-10-25,mkokotoni
2023-10-25,mkokotoni
2023-10-25,mkokotoni
2023-10-25,mkokotoni
2023-10-25,mkokotoni
2023-10-25,mkokotoni
2023-10-25,mkokotoni
2023-10-25,mkokotoni
2023-10-25,mkokotoni
2023-10-25,msuka
2023-10-26,mkokotoni
2023-10-26,mkokotoni
2023-10-26,mkokotoni
2023-10-27,mkokotoni
2023-10-29,msuka
2023-08-28,malindi
2023-09-08,malindi
2023-09-08,malindi
2023-09-08,malindi
2023-09-08,malindi
2023-09-08,malindi
2023-10-25,malindi
2023-10-31,malindi
2023-10-31,malindi
2023-10-31,malindi
2023-10-31,malindi
2023-10-31,mkokotoni
2023-10-31,mazizini
2023-11-01,kizimkazi dimbani
2023-11-01,malindi
2023-11-01,malindi
2023-11-01,malindi
2023-11-01,malindi
2023-11-01,malindi
2023-11-01,malindi
2023-10-27,shangani
2023-10-27,shangani
2023-11-05,msuka
2023-11-05,msuka
2023-11-06,mkokotoni
2023-11-06,mkokotoni
2023-11-06,mkokotoni
2023-11-07,kizimkazi dimbani
2023-11-07,kizimkazi dimbani
2023-11-13,mkokotoni
2023-11-13,kizimkazi dimbani
2023-11-13,kizimkazi dimbani
2023-11-13,kizimkazi dimbani
2023-11-07,msuka
2023-11-12,shangani
2023-11-12,shangani
2023-11-12,shangani
2023-11-21,msuka
2023-11-20,mkokotoni
2023-11-20,mkokotoni
2023-11-21,mkokotoni
2023-11-21,mkokotoni
2023-11-21,mkokotoni
2023-11-21,mkokotoni
2023-09-25,malindi
2023-09-25,malindi
2023-09-25,malindi
2023-09-25,malindi
2023-11-23,shangani
2023-11-23,shangani
2023-11-23,shangani
2023-11-23,shangani
2023-11-23,shangani
2023-11-23,shangani
2023-11-27,shangani
2023-11-27,shangani
2023-11-27,shangani
2023-11-28,shangani
2023-11-28,shangani
2023-11-28,shangani
2023-11-28,shangani
2023-11-29,malindi
2023-11-29,malindi
2023-11-29,malindi
2023-11-29,malindi
2023-11-29,malindi
2023-11-29,mkokotoni
2023-11-29,mazizini
2023-11-29,mazizini
2023-12-04,kizimkazi dimbani
2023-12-04,mkokotoni
2023-12-04,mkokotoni
2023-09-25,malindi
2023-09-25,malindi
2023-09-25,malindi
2023-09-25,malindi
2023-12-04,malindi
2023-12-04,malindi
2023-12-05,mkokotoni
2023-12-05,malindi
2023-12-05,malindi
2023-12-05,malindi
2023-12-05,malindi
2023-12-05,malindi
2023-09-25,malindi
2023-12-06,mkokotoni
2023-12-07,msuka
2023-12-07,msuka
2023-12-07,msuka
2023-12-05,msuka
2023-11-23,msuka
2023-12-09,msuka
2023-12-10,msuka
2023-11-28,shangani
2023-11-28,shangani
2023-11-28,shangani
2023-11-28,shangani
2023-12-12,mkokotoni
2023-12-12,mkokotoni
2023-09-25,malindi
2023-12-05,malindi
2023-12-05,malindi
2023-12-05,malindi
2023-12-05,malindi
2023-12-05,malindi
2023-12-11,malindi
2023-12-11,malindi
2023-12-11,malindi
2023-12-11,malindi
2023-12-11,malindi
2023-12-11,malindi
2023-12-11,malindi
2023-12-13,malindi
2023-12-13,malindi
2023-12-13,malindi
2023-12-13,msuka
2023-11-09,tanga
2023-11-23,tanga
2023-11-08,tanga
2023-12-16,msuka
2023-12-16,msuka
2023-12-18,kizimkazi dimbani
2023-12-18,kizimkazi dimbani
2023-12-18,kizimkazi dimbani
2023-12-18,kizimkazi dimbani
2023-12-13,mkokotoni
2023-12-16,mkokotoni
2023-12-19,mkokotoni
2023-12-19,mkokotoni
2023-12-19,msuka
2023-12-05,malindi
2023-12-05,malindi
2023-12-19,malindi
2023-12-19,malindi
2023-12-19,malindi
2023-12-19,malindi
2023-12-19,malindi
2023-12-19,malindi
2023-12-19,malindi
2023-12-21,shangani
2023-12-21,shangani
2023-12-21,shangani
2023-12-21,shangani
2023-12-21,shangani
2023-12-21,shangani
2023-12-21,shangani
2023-12-21,shangani
2023-12-21,shangani
2023-12-21,shangani
2023-12-21,shangani
2023-12-21,shangani
2023-12-21,shangani
2023-12-21,shangani
2024-01-02,msuka
2023-12-05,malindi
2023-12-05,malindi
2023-12-05,malindi
2023-12-13,malindi
2024-01-02,malindi
2024-01-02,malindi
2024-01-02,malindi
2024-01-02,malindi
2024-01-02,malindi
2024-01-02,malindi
2024-01-03,malindi
2023-12-20,mkokotoni
2023-12-20,mkokotoni
2024-01-04,shangani
2024-01-04,shangani
2024-01-04,shangani
2024-01-04,shangani
2024-01-04,shangani
2024-01-04,shangani
2024-01-04,shangani
2024-01-04,kizimkazi dimbani
2024-01-04,kizimkazi dimbani
2024-01-08,mkokotoni
2024-01-02,malindi
2024-01-09,malindi
2024-01-09,malindi
2024-01-09,malindi
2024-01-09,malindi
2024-01-09,malindi
2024-01-09,kizimkazi dimbani
2024-01-09,mkokotoni
2024-01-09,mkokotoni
2024-01-10,mkokotoni
2024-01-10,malindi
2024-01-10,malindi
2024-01-10,malindi
2024-01-10,malindi
2024-01-10,malindi
2023-12-19,tanga
2023-12-19,tanga
2023-12-19,tanga
2024-01-10,tanga
2024-01-10,tanga
2024-01-10,tanga
2024-01-10,tanga
2024-01-11,mazizini
2024-01-11,mazizini
2024-01-15,malindi
2024-01-15,malindi
2024-01-15,kizimkazi dimbani
2024-01-15,kizimkazi dimbani
2024-01-15,kizimkazi dimbani
2024-01-15,mkokotoni
2024-01-17,mazizini
2024-01-18,msuka
2024-01-22,mazizini
2024-01-21,msuka
2024-01-09,malindi
2024-01-09,malindi
2024-01-09,malindi
2024-01-09,malindi
2024-01-09,malindi
2024-01-17,malindi
2024-01-23,malindi
2024-01-23,mkokotoni
2024-01-23,shangani
2024-01-23,shangani
2024-01-23,shangani
2024-01-23,shangani
2024-01-23,shangani
2024-01-23,shangani
2024-01-24,kizimkazi dimbani
2024-01-24,kizimkazi dimbani
2024-01-24,mkokotoni
2024-01-26,shangani
2024-01-26,shangani
2024-01-26,shangani
2024-01-26,shangani
2024-01-29,tanga
2024-01-29,tanga
2024-01-29,tanga
2024-01-30,mkokotoni
2024-01-31,mkokotoni
2024-01-31,mkokotoni
2024-01-31,mkokotoni
2024-02-05,mkokotoni
2024-02-05,mkokotoni
2024-01-09,malindi
2024-01-23,malindi
2024-01-29,malindi
2024-01-29,malindi
2024-01-29,malindi
2024-01-29,malindi
2024-02-05,malindi
2024-02-05,malindi
2024-02-05,malindi
2024-02-05,malindi
2024-02-05,malindi
2024-02-05,malindi
2024-01-30,tanga
2024-01-30,tanga
2024-01-30,tanga
2024-01-31,tanga
2024-02-01,tanga
2024-02-01,tanga
2024-02-05,tanga
2024-02-05,tanga
2024-02-05,tanga
2024-02-05,tanga
2024-02-05,kizimkazi dimbani
2024-02-07,malindi
2024-02-07,malindi
2024-02-07,malindi
2024-02-07,malindi
2024-02-07,malindi
2024-02-07,malindi
2024-02-07,malindi
2024-02-12,kizimkazi dimbani
2024-02-12,kizimkazi dimbani
2024-02-12,malindi
2024-02-12,malindi
2024-02-12,malindi
2024-02-12,malindi
2024-02-14,malindi
2024-02-14,malindi
2024-02-14,malindi
2024-02-14,malindi
2024-02-19,malindi
2024-02-19,malindi
2024-02-23,kizimkazi dimbani
2024-02-23,shangani
2024-02-23,shangani
2024-02-23,shangani
2024-02-23,shangani
2024-02-23,shangani
2024-02-05,tanga
2024-02-05,tanga
2024-02-12,tanga
2024-02-12,tanga
2024-02-12,tanga
2024-02-12,tanga
2024-02-13,tanga
2024-02-13,tanga
2024-02-14,tanga
2024-02-19,tanga
2024-02-19,tanga
2024-02-20,tanga
2024-02-26,msuka
2024-02-26,msuka
2024-02-26,msuka
2024-02-26,msuka
2024-02-20,mkokotoni
2024-02-20,mkokotoni
2024-02-20,mkokotoni
2024-02-21,mkokotoni
2024-02-21,mkokotoni
2024-02-27,mkokotoni
2024-02-20,mkokotoni
2024-02-27,shangani
2024-02-27,shangani
2024-02-27,shangani
2024-02-28,tanga
2024-02-28,tanga
2024-02-29,tanga
2024-02-29,tanga
2024-02-27,msuka
2024-03-04,mkokotoni
2024-03-04,mkokotoni
2024-03-04,tanga
2024-03-04,tanga
2024-03-04,tanga
2024-03-04,tanga
2024-03-04,tanga
2024-03-05,mkokotoni
2024-03-05,mkokotoni
2024-03-05,mkokotoni
2024-03-05,mkokotoni
2024-03-05,mkokotoni
2024-03-04,msuka
2024-03-05,msuka
2024-03-05,msuka
2024-03-05,msuka
2024-03-05,msuka
2024-03-05,mazizini
2024-03-06,mazizini
2024-03-06,mazizini
2024-03-06,mkokotoni
2024-03-06,mkokotoni
2024-03-07,kizimkazi dimbani
2024-03-07,kizimkazi dimbani
2024-03-11,kizimkazi dimbani
2024-03-11,kizimkazi dimbani
2024-03-11,mkokotoni
2024-03-11,mkokotoni
2024-03-11,mkokotoni
2024-03-12,mkokotoni
2024-03-09,msuka
2024-02-27,shangani
2024-03-12,shangani
2024-03-12,shangani
2024-03-12,shangani
2024-03-12,mkokotoni
2024-03-13,mkokotoni
2024-03-13,mkokotoni
2024-03-14,msuka
2024-03-14,msuka
2024-03-14,msuka
2024-03-14,msuka
2024-03-18,msuka
2024-03-18,msuka
2024-03-19,mazizini
2024-02-05,malindi
2024-02-05,malindi
2024-02-05,malindi
2024-02-05,malindi
2024-02-05,malindi
2024-02-05,malindi
2024-02-05,malindi
2024-02-05,malindi
2024-02-05,malindi
2024-03-04,malindi
2024-03-05,malindi
2024-03-05,malindi
2024-03-05,malindi
2024-03-05,malindi
2024-03-05,malindi
2024-03-20,msuka
2024-03-20,msuka
2024-03-21,msuka
2024-03-25,mazizini
2024-03-28,msuka
2024-03-28,msuka
2024-03-28,mazizini
2024-03-30,msuka
2024-03-30,msuka
2024-04-01,kizimkazi dimbani
2024-04-01,msuka
2024-03-25,mkokotoni
2024-04-02,mkokotoni
2024-04-03,mkokotoni
2024-04-03,mkokotoni
2024-04-03,mkokotoni
2024-04-07,msuka
2024-04-07,msuka
2024-04-07,msuka
2024-04-07,msuka
2024-04-08,mazizini
2024-04-08,mazizini
2024-04-09,msuka
2024-04-09,msuka
2024-04-09,msuka
2024-04-09,msuka
2024-04-17,mkokotoni
2024-04-17,mkokotoni
2024-04-17,mazizini
2024-04-17,mazizini
2024-04-18,msuka
2024-04-18,msuka
2024-04-18,msuka
2024-04-21,msuka
2024-04-22,kizimkazi dimbani
2024-02-05,malindi
2024-02-05,malindi
2024-02-05,malindi
2024-03-27,malindi
2024-04-22,malindi
2024-04-23,msuka
2024-04-24,mazizini
2024-03-05,tanga
2024-03-05,tanga
2024-03-05,tanga
2024-05-01,msuka
2024-05-01,msuka
2024-03-19,shangani
2024-03-19,shangani
2024-04-19,shangani
2024-05-03,shangani
2024-05-04,msuka
2024-05-05,msuka
2024-05-05,msuka
2024-05-05,msuka
2024-05-06,mkokotoni
2024-05-06,msuka
2024-05-06,msuka
2024-05-06,msuka
2024-05-06,kizimkazi dimbani
2024-05-07,shangani
2024-05-07,shangani
2024-04-24,malindi
2024-04-29,malindi
2024-04-29,malindi
2024-04-29,malindi
2024-04-29,malindi
2024-05-07,malindi
2024-05-07,shangani
2024-05-07,shangani
2024-05-07,msuka
2024-05-10,shangani
2024-04-29,malindi
2024-04-29,malindi
2024-04-29,malindi
2024-05-13,malindi
2024-05-13,malindi
2024-05-13,malindi
2024-05-13,malindi
2024-05-13,kizimkazi dimbani
2024-05-13,kizimkazi dimbani
2024-05-16,msuka
2024-05-16,msuka
2024-05-16,msuka
2024-05-16,msuka
2024-05-19,msuka
2024-05-21,mazizini
2024-05-21,msuka
2024-05-23,shangani
2024-05-23,msuka
2024-05-27,kizimkazi dimbani
2024-05-27,kizimkazi dimbani
2024-05-28,tanga
2024-05-28,tanga
2024-05-29,tanga
2024-05-29,tanga
2024-06-01,msuka
2024-06-02,msuka
2024-06-02,msuka
2024-05-29,tanga
2024-06-03,tanga
2024-06-03,tanga
2024-06-04,kizimkazi dimbani
2024-06-04,kizimkazi dimbani
2024-06-05,msuka
2024-06-05,msuka
2024-06-05,msuka
2024-06-05,msuka
2024-06-05,msuka
2024-06-04,mkokotoni
2024-06-04,mkokotoni
2024-06-05,mkokotoni
2024-06-05,mkokotoni
2024-06-10,mkokotoni
2024-06-10,mkokotoni
2024-06-11,mkokotoni
2024-06-11,mkokotoni
2024-06-11,mkokotoni
2024-06-19,kizimkazi dimbani
2024-06-20,shangani
2024-06-20,shangani
2024-06-20,shangani
2024-06-20,shangani
2024-06-25,mkokotoni
2024-07-01,mkokotoni
2024-07-01,msuka
2024-07-02,mkokotoni
2024-07-03,msuka
2024-07-03,msuka
2024-07-04,msuka
2024-07-04,msuka
2024-07-04,msuka
2024-07-04,msuka
2024-06-05,tanga
2024-06-05,tanga
2024-06-05,tanga
2024-07-03,tanga
2024-07-03,tanga
2024-07-07,msuka
2024-07-07,msuka
2024-07-07,msuka
2024-07-07,msuka
2024-07-04,tanga
2024-07-08,tanga
2024-07-04,tanga
2024-07-09,msuka
2024-07-10,mazizini
2024-07-10,mazizini
2024-06-27,malindi
2024-07-11,malindi
2024-07-11,malindi
2024-04-29,malindi
2024-04-29,malindi
2024-04-29,malindi
2024-07-11,msuka
2024-07-09,kizimkazi dimbani
2024-07-13,msuka
2024-07-14,msuka
2024-07-14,msuka
2024-07-14,msuka
2024-07-14,msuka
2024-07-14,msuka
2024-07-15,kizimkazi dimbani
2024-07-15,mazizini
2024-07-10,tanga
2024-07-10,tanga
2024-07-16,tanga
2024-07-16,tanga
2024-07-16,tanga
2024-07-17,shangani
2024-07-17,shangani
2024-07-18,shangani
2024-07-18,shangani
2024-07-18,shangani
2024-07-03,shangani
2024-07-03,shangani
2024-07-11,shangani
2024-07-20,msuka
2024-07-20,msuka
2024-07-21,msuka
2024-07-21,msuka
2024-07-23,shangani
2024-07-23,shangani
2024-05-14,malindi
2024-05-14,malindi
2024-05-14,malindi
2024-05-14,malindi
2024-06-27,malindi
2024-07-23,malindi
2024-07-23,malindi
2024-07-23,malindi
2024-07-24,shangani
2024-07-24,shangani
2024-07-23,msuka
2024-07-27,msuka
2024-07-29,shangani
2024-07-31,msuka
2024-07-31,msuka
2024-07-31,msuka
2024-06-27,malindi
2024-06-27,malindi
2024-06-27,malindi
2024-06-27,malindi
2024-07-23,malindi
2024-08-01,malindi
2024-08-01,malindi
2024-08-01,malindi
2024-07-16,malindi
2024-07-16,malindi
2024-07-16,malindi
2024-07-16,malindi
2024-07-16,malindi
2024-08-03,msuka
2024-08-04,msuka
2024-07-16,tanga
2024-07-16,tanga
2024-07-17,tanga
2024-07-17,tanga
2024-07-29,tanga
2024-07-30,tanga
2024-07-30,tanga
2024-07-30,tanga
2024-08-06,malindi
2024-08-06,malindi
2024-08-06,malindi
2024-08-06,malindi
2024-08-06,malindi
2024-08-06,mazizini
2024-08-06,mazizini
2024-08-06,mazizini
2024-08-07,mkokotoni
2024-08-07,mazizini
2024-08-10,msuka
2024-08-10,msuka
2024-08-11,msuka
2024-08-12,kizimkazi dimbani
2024-08-14,mkokotoni
2024-08-14,mkokotoni
2024-08-14,mkokotoni
2024-08-14,shangani
2024-08-14,shangani
2024-08-14,mkokotoni
2024-08-14,msuka
2024-08-14,msuka
2024-08-14,msuka
2024-08-14,mazizini
2024-08-16,shangani
2024-08-16,shangani
2024-08-18,msuka
2024-08-19,kizimkazi dimbani
2024-08-19,kizimkazi dimbani
2024-08-20,shangani
2024-08-20,mkokotoni
2024-07-23,tanga
2024-07-30,tanga
2024-07-30,tanga
2024-08-25,msuka
2024-08-25,msuka
2024-06-27,malindi
2024-06-27,malindi
2024-06-27,malindi
2024-06-27,malindi
2024-08-15,malindi
2024-08-15,malindi
2024-08-15,malindi
2024-08-15,malindi
2024-08-15,malindi
2024-08-19,malindi
2024-08-19,malindi
2024-08-22,malindi
2024-08-22,malindi
2024-08-22,malindi
2024-08-26,malindi
2024-08-26,malindi
2024-08-01,tanga
2024-08-01,tanga
2024-08-05,tanga
2024-08-05,tanga
2024-08-06,tanga
2024-08-06,tanga
2024-08-07,tanga
2024-08-07,tanga
2024-08-07,tanga
2024-08-07,tanga
2024-08-14,tanga
2024-08-14,tanga
2024-08-14,tanga
2024-08-14,tanga
2024-08-15,tanga
2024-08-20,tanga
2024-08-20,tanga
2024-08-21,tanga
2024-08-21,tanga
2024-08-28,malindi
2024-08-28,malindi
2024-08-28,malindi
2024-08-28,msuka
2024-08-28,msuka
2024-08-28,msuka
2024-09-02,kizimkazi dimbani
2024-09-05,shangani
2024-08-27,shangani
2024-08-27,shangani
2024-09-06,shangani
2024-09-06,shangani
2024-09-09,kizimkazi dimbani
2024-09-03,tanga
2024-09-03,tanga
2024-09-10,malindi
2024-09-10,malindi
2024-09-10,malindi
2024-09-10,malindi
2024-09-09,msuka
2024-09-09,msuka
2024-09-09,mkokotoni
2024-09-10,mkokotoni
2024-09-11,mkokotoni
2024-09-16,msuka
2024-09-16,msuka
2024-09-16,msuka
2024-09-19,shangani
2024-09-04,tanga
2024-09-04,tanga
2024-09-04,tanga
2024-09-04,tanga
2024-09-04,tanga
2024-09-09,tanga
2024-09-10,tanga
2024-09-10,tanga
2024-09-10,tanga
2024-09-11,tanga
2024-09-17,tanga
2024-09-17,tanga
2024-09-17,tanga
2024-09-18,tanga
2024-09-18,tanga
2024-09-18,tanga
2024-09-09,tanga
2024-09-23,kizimkazi dimbani
2024-09-23,msuka
2024-09-24,msuka
2024-09-26,msuka
2024-10-01,msuka
2024-10-01,msuka
2024-09-30,mkokotoni
2024-09-30,mkokotoni
2024-09-23,tanga
2024-09-23,tanga
2024-09-23,tanga
2024-09-24,tanga
2024-09-24,tanga
2024-09-24,tanga
2024-09-24,tanga
2024-09-26,tanga
2024-09-26,tanga
2024-10-09,shangani
2024-08-15,malindi
2024-08-15,malindi
2024-09-18,malindi
2024-09-18,malindi
2024-09-24,malindi
2024-09-24,malindi
2024-09-30,malindi
2024-09-30,malindi
2024-10-03,malindi
2024-10-03,malindi
2024-10-07,malindi
2024-10-07,malindi
2024-10-07,malindi
2024-10-09,malindi
2024-10-09,malindi
2024-10-09,malindi
2024-10-09,malindi
2024-10-15,malindi
2024-10-15,malindi
2024-10-15,malindi
2024-10-15,malindi
2024-10-15,malindi
2024-10-15,malindi
2024-10-15,malindi
2024-10-16,malindi
2024-10-16,malindi
2024-10-16,malindi
2024-10-16,mazizini
2024-10-16,mazizini
2024-10-17,msuka
2024-10-17,msuka
2024-10-17,msuka
2024-10-15,mkokotoni
2024-10-16,mkokotoni
2024-10-16,mkokotoni
2024-10-21,mkokotoni
2024-10-21,msuka
2024-10-21,msuka
2024-10-21,msuka
2024-10-21,kizimkazi dimbani
2024-10-23,mazizini
2024-10-24,msuka
2024-10-24,msuka
2024-10-24,msuka
2024-10-28,mkokotoni
2024-10-28,mkokotoni
2024-10-30,kizimkazi dimbani
2024-10-30,kizimkazi dimbani
2024-08-15,malindi
2024-10-21,malindi
2024-10-21,malindi
2024-10-23,malindi
2024-10-23,malindi
2024-10-28,malindi
2024-10-30,malindi
2024-10-30,malindi
2024-10-31,malindi
2024-10-31,malindi
2024-10-29,shangani
2024-10-29,shangani
2024-10-29,shangani
2024-11-04,shangani
2024-11-04,kizimkazi dimbani
2024-08-15,malindi
2024-08-15,malindi
2024-11-04,malindi
2024-11-02,msuka
2024-11-04,tanga
2024-11-05,tanga
2024-10-30,tanga
2024-10-30,tanga
2024-10-30,tanga
2024-11-04,tanga
2024-11-04,tanga
2024-11-06,msuka
2024-11-06,msuka
2024-11-06,msuka
2024-11-07,shangani
2024-11-09,msuka
2024-11-09,msuka
2024-11-09,msuka
2024-11-05,mkokotoni
2024-11-05,mkokotoni
2024-11-05,mkokotoni
2024-11-10,mkokotoni
2024-11-11,mkokotoni
2024-11-11,malindi
2024-11-11,malindi
2024-11-11,malindi
2024-11-11,msuka
2024-11-11,msuka
2024-11-12,mkokotoni
2024-11-13,shangani
2024-11-13,shangani
2024-11-15,shangani
2024-11-11,malindi
2024-11-11,malindi
2024-11-11,malindi
2024-11-11,malindi
2024-11-19,msuka
2024-11-19,msuka
2024-11-19,msuka
2024-11-19,msuka
2024-11-19,mazizini
2024-11-19,mazizini
2024-11-22,kizimkazi dimbani
2024-11-22,kizimkazi dimbani
2024-11-23,msuka
2024-11-23,msuka
2024-11-24,msuka
2024-11-24,msuka
2024-11-24,msuka
2024-11-20,mkokotoni
2024-11-20,mkokotoni
2024-11-25,mkokotoni
2024-11-25,mkokotoni
2024-11-25,mkokotoni
2024-11-25,mkokotoni
2024-11-26,kizimkazi dimbani
2024-11-26,kizimkazi dimbani
2024-11-26,kizimkazi dimbani
2024-11-26,kizimkazi dimbani
2024-11-11,malindi
2024-11-11,malindi
2024-11-11,malindi
2024-12-03,kizimkazi dimbani
2024-12-03,kizimkazi dimbani
2024-11-25,malindi
2024-11-25,malindi
2024-11-25,malindi
2024-11-25,malindi
2024-11-25,malindi
2024-11-25,malindi
2024-12-04,shangani
2024-12-04,shangani
2024-12-04,shangani
2024-12-05,msuka
2024-12-04,msuka
2024-12-09,kizimkazi dimbani
2024-12-09,kizimkazi dimbani
2024-12-09,msuka
2024-12-14,msuka
2024-12-14,msuka
2024-12-16,mazizini
2024-12-16,mazizini
2024-12-21,msuka
2025-01-08,mkokotoni
2025-01-08,mkokotoni
2025-01-08,msuka
2025-01-07,msuka
2025-01-07,msuka
2024-11-25,malindi
2024-11-25,malindi
2024-11-25,malindi
2024-11-25,malindi
2024-11-25,malindi
2025-01-13,kizimkazi dimbani
2025-01-13,kizimkazi dimbani
2025-01-13,mkokotoni
2025-01-13,mkokotoni
2025-01-18,kukuu
2025-01-20,kizimkazi dimbani
2025-01-20,mkokotoni
2025-01-20,mkokotoni
2025-01-22,mkokotoni
2025-01-26,msuka
2025-01-25,msuka
2025-01-27,mkokotoni
2024-11-12,tanga
2024-11-12,tanga
2024-11-12,tanga
2024-11-18,tanga
2024-11-18,tanga
2024-11-18,tanga
2024-11-19,tanga
2024-11-19,tanga
2024-11-26,tanga
2024-11-26,tanga
2024-12-03,tanga
2024-12-05,tanga
2024-12-05,tanga
2024-12-05,tanga
2024-12-14,tanga
2025-01-06,tanga
2025-01-13,tanga
2025-01-13,tanga
2025-01-22,tanga
2025-01-22,tanga
2025-01-22,tanga
2025-01-22,tanga
2025-01-27,tanga
2025-01-27,tanga
2025-01-27,tanga
2025-01-28,msuka
2025-01-27,shangani
2025-01-31,shangani
2025-01-31,shangani
2025-01-27,malindi
2025-01-30,malindi
2025-01-30,malindi
2024-11-25,malindi
2025-02-03,malindi
2025-02-03,malindi
2025-01-20,malindi
2025-01-27,malindi
2025-01-27,malindi
2025-01-27,malindi
2025-02-04,mkokotoni
2025-02-04,msuka
2025-02-05,mkokotoni
2025-02-12,mazizini
2025-02-12,mazizini
2025-02-19,mkokotoni
2025-02-19,mazizini
2025-02-19,mazizini
2025-02-24,tanga
2025-02-24,tanga
2025-02-24,msuka
2025-02-24,msuka
2025-02-24,tanga
2025-02-24,tanga
2025-02-25,tanga
2025-02-26,mazizini
2025-02-26,mazizini
2025-02-27,mazizini
2025-02-27,mazizini
2025-03-03,mkokotoni
2025-03-03,tanga
2025-03-04,mkokotoni
2025-03-04,mkokotoni
2025-03-05,msuka
2025-03-05,msuka
2025-03-05,msuka
2025-03-05,tanga
2025-03-05,mkokotoni
2025-03-10,mkokotoni
2025-03-10,mkokotoni
2025-03-11,msuka
2025-03-11,msuka
2025-03-11,msuka
2025-03-12,mazizini
2025-03-12,mazizini
2025-03-12,msuka
2025-02-12,malindi
2025-02-13,malindi
2025-02-13,malindi
2025-02-13,malindi
2025-02-18,malindi
2025-02-18,malindi
2025-01-29,tanga
2025-02-03,tanga
2025-02-05,tanga
2025-02-05,tanga
2025-02-05,tanga
2025-02-10,tanga
2025-02-10,tanga
2025-02-11,tanga
2025-02-18,tanga
2025-02-18,tanga
2025-02-18,tanga
2025-02-19,tanga
2025-02-19,tanga
2025-02-19,tanga
2025-02-24,tanga
2025-02-28,shangani
2025-02-28,shangani
2025-03-04,shangani
2025-03-12,mkokotoni
2025-03-18,mkokotoni
2025-03-19,mkokotoni
2025-03-19,tanga
2025-03-23,msuka
2025-03-23,msuka
2025-03-23,msuka
2025-03-23,msuka
2025-03-25,mkokotoni
2025-03-25,mkokotoni
2025-03-25,msuka
2025-03-25,msuka
2025-03-25,msuka
2025-03-25,mkokotoni
2025-03-26,mkokotoni
2025-03-25,shangani
2025-03-25,shangani
2025-04-03,mazizini
2025-04-08,msuka
2025-04-08,msuka
2025-04-08,tanga
2025-04-08,tanga
2025-04-10,msuka
2025-04-10,msuka
2025-04-14,msuka
2025-04-15,malindi
2025-02-18,malindi
2025-02-18,malindi
2025-02-18,malindi
2025-03-03,malindi
2025-03-04,malindi
2025-03-04,malindi
2025-03-10,malindi
2025-03-10,malindi
2025-03-13,malindi
2025-03-13,malindi
2025-03-13,malindi
2025-03-24,malindi
2025-01-27,malindi
2025-03-24,malindi
2025-04-04,malindi
2025-04-08,malindi
2025-04-08,malindi
2025-04-15,malindi
2025-04-16,kigombe
2025-04-21,msuka
2025-04-21,msuka
2025-04-21,msuka
2025-04-21,msuka
2025-04-22,msuka
2025-04-22,msuka
2025-04-22,msuka
2025-04-22,msuka
2025-04-13,shangani
2025-04-13,shangani
2025-04-22,mazizini
2025-04-23,mazizini
2025-04-24,shangani
2025-04-24,mazizini
2025-04-24,mazizini
2025-04-10,tanga
2025-04-14,tanga
2025-04-14,tanga
2025-04-22,tanga
2025-04-22,tanga
2025-04-22,tanga
2025-04-23,tanga
2025-03-22,tanga
2025-03-24,tanga
2025-04-27,msuka
2025-04-27,msuka
2025-04-25,shangani
2025-05-02,shangani
2025-05-02,shangani
,
,
,
,
,
,
,
,
,
,
,
,
,
,
,
,
,
,
,
,
,
,
,
,
,
,
,
,
,
,
,
,
,
,
,
,
,
,
,
,
,
,
,
,
,
,
,
,
,
,
,
,
,
,
,
,
,
,
,
,
,
,
,
,
,
,
,
,
,
,
,
,
,
,
,
,
,
,
,
,
,
,
,
,
,
,
,
,
,
,
,
,
,
,
,
,
,
,
,
,
,
,
,
,
,
,
,
,
,
,
,
,
,
,
,
,
,
,
,
,
,
,
,
,
,
,
,
,
,
,
,
,
,
,
,
,
,
,
,
,
,
,
,
,
,
,
,
,
,
,
,
,
,
,
,
,
,
,
,
,
,
,
,
,
,
,
,
,
,
,
,
,
,
,
,
,
,
,
,
,
,
,
,
,
,
,
,
,
,
,
,
,
,
,
,
,
,
,
,
,
,
,
,
,
,
,
,
,
,
,
,
,
,
,
,
,
,
,
,
,
,
,
,
,
,
,
,
,
,
,
,
,
,
,
,
,
,
,
,
,
,
,
,
,
,
,
,
,
,
,
,
,
,
,
,
,
,
,
,
,
,
,
,
,
,
,
,
,
,
,
,
,
,
,
,
,
,
,
,
,
,
,
,
,
,
,
,
,
,
,
,
,
,
,
,
,
,
,
,
,
,
,
,
,
,
,
,
,
,
,
,
,
,
,
,
,
,
,
,
,
,
,
,
,
,
,
,
,
,
,
,
,
,
,
,
,
,
,
,
,
,
,
,
,
,
,
,
,
,
,
,
,
,
,
,
,
,
,
,
,
,
,
,
,
,
,
,
,
,
,
,
,
,
,
,
,
,
,
,
,
,
,
,
,
,
,
,
,
,
,
,
,
,
,
,
,
,
,
,
,
,
,
,
,
,
,
,
,
,
,
,
,
,
,
,
,
,
,
,
,
,
,
,
,
,
,
,
,
,
,
,
,
,
,
,
,
,
,
,
,
,
,
,
,
,
,
,
,
,
,
,
,
,
,
,
,
,
,
,
,
,
,
,
,
,
,
,
,
,
,
,
,
,
,
,
,
,
,
,
,
,
,
,
,
,
,
,
,
,
,
,
,
,
,
,
,
,
,
,
,
,
,
,
,
,
,
,
,
,
,
,
,
,
,
,
,
,
,
,
,
,
,
,
,
,
,
,
,
,
,
,
,
,
,
,
,
,
,
,
,
,
,
,
,
,
,
,
,
,
,
,
,
,
,
,
,
,
,
,
,
,
,
,
,
,
,
,
,
,
,
,
,
,
,
,
,
,
,
,
,
,
,
,
,
,
,
,
,
,
,
,
,
,
,
,
,
,
,
,
,
,
,
,
,
,
,
,
,
,
,
,
,
,
,
,
,
,
,
,
,
,
,
,
,
,
,
,
,
,
,
,
,
,
,
,
,
,
,
,
,
,
,
,
,
,
,
,
,
,
,
,
,
,
,
,
,
,
,
,
,
,
,
,
,
,
,
,
,
,
,
,
,
,
,
,
,
,
,
,
,
,
,
,
,
,
,
,
,
,
,
,
,
,
,
,
,
,
,
,
,
,
,
,
,
,
,
,
,
,
,
,
,
,
,
,
,
,
,
,
,
,
,
,
,
,
,
,
,
,
,
,
,
,
,
,
,
,
,
,
,
,
,
,
,
,
,
,
,
,
,
,
,
,
,
,
,
,
,
,
,
,
,
,
,
,
,
,
,
,
,
,
,
,
,
,
,
,
,
,
,
,
,
,
,
,
,
,
,
,
,
,
,
,
,
,
,
,
,
,
,
,
,
,
,
,
,
,
,
,
,
,
,
,
,
,
,
,
,
,
,
,
,
,
,
,
,
,
,
,
,
,
,
,
,
,
,
,
,
,
,
,
,
,
,
,
,
,
,
,
,
,
,
,
,
,
,
,
,
,
,
,
,
,
,
,
,
,
,
,
,
,
,
,
,
,
,
,
,
,
,
,
,
,
,
,
,
,
,
,
,
,
,
,
,
,
,
,
,
,
,
,
,
,
,
,
,
,
,
,
,
,
,
,
,
,
,
,
,
,
,
,
,
,
,
,
,
,
,
,
,
,
,
,
,
,
,
,
,
,
,
,
,
,
,
,
,
,
,
,
,
,
,
,
,
,
,
,
,
,
,
,
,
,
,
,
,
,
,
,
,
,
,
,
,
,
,
,
,
,
,
,
,
,
,
,
,
,
,
,
,
,
,
,
,
,
,
,
,
,
,
,
,
,
,
,
,
,
,
,
,
,
,
,
,
,
,
,
,
,
,
,
,
,
,
,
,
,
,
,
,
,
,
,
,
,
,
,
,
,
,
,
,
,
,
,
,
,
,
,
,
,
,
,
,
,
,
,
,
,
,
,
,
,
,
,
,
,
,
,
,
,
,
,
,
,
,
,
,
,
,
,
,
,
,
,
,
,
,
,
,
,
,
,
,
,
,
,
,
,
,
,
,
,
,
,
,
,
,
,
,
,
,
,
,
,
,
,
,
,
,
,
,
,
,
,
,
,
,
,
,
,
,
,
,
,
,
,
,
,
,
,
,
,
,
,
,
,
,
,
,
,
,
,
,
,
,
,
,
,
,
,
,
,
,
,
,
,
,
,
,
,
,
,
,
,
,
,
,
,
,
,
,
,
,
,
,
,
,
,
,
,
,
,
,
,
,
,
,
,
,
,
,
,
,
,
,
,
,
,
,
,
,
,
,
,
,
,
,
,
,
,
,
,
,
,
,
,
,
,
,
,
,
,
,
,
,
,
,
,
,
,
,
,
,
,
,
,
,
,
,
,
,
,
,
,
,
,
,
,
,
,
,
,
,
,
,
,
,
,
,
,
,
,
,
,
,
,
,
,
,
,
,
,
,
,
,
,
,
,
,
,
,
,
,
,
,
,
,
,
,
,
,
,
,
,
,
,
,
,
,
,
,
,
,
,
,
,
,
,
,
,
,
,
,
,
,
,
,
,
,
,
,
,
,
,
,
,
,
,
,
,
,
,
,
,
,
,
,
,
,
,
,
,
,
,
,
,
,
,
,
,
,
,
,
,
,
,
,
,
,
,
,
,
,
,
,
,
,
,
,
,
,
,
,
,
,
,
,
,
,
,
,
,
,
,
,
,
,
,
,
,
,
,
,
,
,
,
,
,
,
,
,
,
,
,
,
,
,
,
,
,
,
,
,
,
,
,
,
,
,
,
,
,
,
,
,
,
,
,
,
,
,
,
,
,
,
,
,
,
,
,
,
,
,
,
,
,
,
,
,
,
,
,
,
,
,
,
,
,
,
,
,
,
,
,
,
,
,
,
,
,
,
,
,
,
,
,
,
,
,
,
,
,
,
,
,
,
,
,
,
,
,
,
,
,
,
,
,
,
,
,
,
,
,
,
,
,
,
,
,
,
,
,
,
,
,
,
,
,
,
,
,
,
,
,
,
,
,
,
,
,
,
,
,
,
,
,
,
,
,
,
,
,
,
,
,
,
,
,
,
,
,
,
,
,
,
,
,
,
,
,
,
,
,
,
,
,
,
,
,
,
,
,
,
,
,
,
,
,
,
,
,
,
,
,
,
,
,
,
,
,
,
,
,
,
,
,
,
,
,
,
,
,
,
,
,
,
,
,
,
,
,
,
,
,
,
,
,
,
,
,
,
,
,
,
,
,
,
,
,
,
,
,
,
,
,
,
,
,
,
,
,
,
,
,
,
,
,
,
,
,
,
,
,
,
,
,
,
,
,
,
,
,
,
,
,
,
,
,
,
,
,
,
,
,
,
,
,
,
,
,
,
,
,
,
,
,
,
,
,
,
,
,
,
,
,
,
,
,
,
,
,
,
,
,
,
,
,
,
,
,
,
,
,
,
,
,
,
,
,
,
,
,
,
,
,
,
,
,
,
,
,
,
,
,
,
,
,
,
,
,
,
,
,
,
,
,
,
,
,
,
,
,
,
,
,
,
,
,
,
,
,
,
,
,
,
,
,
,
,
,
,
,
,
,
,
,
,
,
,
,
,
,
,
,
,
,
,
,
,
,
,
,
,
,
,
,
,
,
,
,
,
,
,
,
,
,
,
,
,
,
,
,
,
,
,
,
,
,
,
,
,
,
,
,
,
,
,
,
,
,
,
,
,
,
,
,
,
,
,
,
,
,
,
,
,
,
,
,
,
,
,
,
,
,
,
,
,
,
,
,
,
,
,
,
,
,
,
,
,
,
,
,
,
,
,
,
,
,
,
,
,
,
,
,
,
,
,
,
,
,
,
,
,
,
,
,
,
,
,
,
,
,
,
,
,
,
,
,
,
,
,
,
,
,
,
,
,
,
,
,
,
,
,
,
,
,
,
,
,
,
,
,
,
,
,
,
,
,
,
,
,
,
,
,
,
,
,
,
,
,
,
,
,
,
,
,
,
,
,
,
,
,
,
,
,
,
,
,
,
,
,
,
,
,
,
,
,
,
,
,
,
,
,
,
,
,
,
,
,
,
,
,
,
,
,
,
,
,
,
,
,
,
,
,
,
,
,
,
,
,
,
,
,
,
,
,
,
,
,
,
,
,
,
,
,
,
,
,
,
,
,
,
,
,
,
,
,
,
,
,
,
,
,
,
,
,
,
,
,
,
,
,
,
,
,
,
,
,
,
,
,
,
,
,
,
,
,
,
,
,
,
,
,
,
,
,
,
,
,
,
,
,
,
,
,
,
,
,
,
,
,
,
,
,
,
,
,
,
,
,
,
,
,
,
,
,
,
,
,
,
,
,
,
,
,
,
,
,
,
,
,
,
,
,
,
,
,
,
,
,
,
,
,
,
,
,
,
,
,
,
,
,
,
,
,
,
,
,
,
,
,
,
,
,
,
,
,
,
,
,
,
,
,
,
,
,
,
,
,
,
,
,
,
,
,
,
,
,
,
,
,
,
,
,
,
,
,
,
,
,
,
,
,
,
,
,
,
,
,
,
,
,
,
,
,
,
,
,
,
,
,
,
,
,
,
,
,
,
,
,
,
,
,
,
,
,
,
,
,
,
,
,
,
,
,
,
,
,
,
,
,
,
,
,
,
,
,
,
,
,
,
,
,
,
,
,
,
,
,
,
,
,
,
,
,
,
,
,
,
,
,
,
,
,
,
,
,
,
,
,
,
,
,
,
,
,
,
,
,
,
,
,
,
,
,
,
,
,
,
,
,
,
,
,
,
,
,
,
,
,
,
,
,
,
,
,
,
,
,
,
,
,
,
,
,
,
,
,
,
,
,
,
,
,
,
,
,
,
,
,
,
,
,
,
,
,
,
,
,
,
,
,
,
,
,
,
,
,
,
,
,
,
,
,
,
,
,
,
,
,
,
,
,
,
,
,
,
,
,
,
,
,
,
,
,
,
,
,
,
,
,
,
,
,
,
,
,
,
,
,
,
,
,
,
,
,
,
,
,
,
,
,
,
,
,
,
,
,
,
,
,
,
,
,
,
,
,
,
,
,
,
,
,
,
,
,
,
,
,
,
,
,
,
,
,
,
,
,
,
,
,
,
,
,
,
,
,
,
,
,
,
,
,
,
,
,
,
,
,
,
,
,
,
,
,
,
,
,
,
,
,
,
,
,
,
,
,
,
,
,
,
,
,
,
,
,
,
,
,
,
,
,
,
,
,
,
,
,
,
,
,
,
,
,
,
,
,
,
,
,
,
,
,
,
,
,
,
,
,
,
,
,
,
,
,
,
,
,
,
,
,
,
,
,
,
,
,
,
,
,
,
,
,
,
,
,
,
,
,
,
,
,
,
,
,
,
,
,
,
,
,
,
,
,
,
,
,
,
,
,
,
,
,
,
,
,
,
,
,
,
,
,
,
,
,
,
,
,
,
,
,
,
,
,
,
,
,
,
,
,
,
,
,
,
,
,
,
,
,
,
,
,
,
,
,
,
,
,
,
,
,
,
,
,
,
,
,
,
,
,
,
,
,
,
,
,
,
,
,
,
,
,
,
,
,
,
,
,
,
,
,
,
,
,
,
,
,
,
,
,
,
,
,
,
,
,
,
,
,
,
,
,
,
,
,
,
,
,
,
,
,
,
,
,
,
,
,
,
,
,
,
,
,
,
,
,
,
,
,
,
,
,
,
,
,
,
,
,
,
,
,
,
,
,
,
,
,
,
,
,
,
,
,
,
,
,
,
,
,
,
,
,
,
,
,
,
,
,
,
,
,
,
,
,
,
,
,
,
,
,
,
,
,
,
,
,
,
,
,
,
,
,
,
,
,
,
,
,
,
,
,
,
,
,
,
,
,
,
,
,
,
,
,
,
,
,
,
,
,
,
,
,
,
,
,
,
,
,
,
,
,
,
,
,
,
,
,
,
,
,
,
,
,
,
,
,
,
,
,
,
,
,
,
,
,
,
,
,
,
,
,
,
,
,
,
,
,
,
,
,
,
,
,
,
,
,
,
,
,
,
,
,
,
,
,
,
,
,
,
,
,
,
,
,
,
,
,
,
,
,
,
,
,
,
,
,
,
,
,
,
,
,
,
,
,
,
,
,
,
,
,
,
,
,
,
,
,
,
,
,
,
,
,
,
,
,
,
,
,
,
,
,
,
,
,
,
,
,
,
,
,
,
,
,
,
,
,
,
,
,
,
,
,
,
,
,
,
,
,
,
,
,
,
,
,
,
,
,
,
,
,
,
,
,
,
,
,
,
,
,
,
,
,
,
,
,
,
,
,
,
,
,
,
,
,
,
,
,
,
,
,
,
,
,
,
,
,
,
,
,
,
,
,
,
,
,
,
,
,
,
,
,
,
,
,
,
,
,
,
,
,
,
,
,
,
,
,
,
,
,
,
,
,
,
,
,
,
,
,
,
,
,
,
,
,
,
,
,
,
,
,
,
,
,
,
,
,
,
,
,
,
,
,
,
,
,
,
,
,
,
,
,
,
,
,
,
,
,
,
,
,
,
,
,
,
,
,
,
,
,
,
,
,
,
,
,
,
,
,
,
,
,
,
,
,
,
,
,
,
,
,
,
,
,
,
,
,
,
,
,
,
,
,
,
,
,
,
,
,
,
,
,
,
,
,
,
,
,
,
,
,
,
,
,
,
,
,
,
,
,
,
,
,
,
,
,
,
,
,
,
,
,
,
,
,
,
,
,
,
,
,
,
2025-05-06,msuka
2025-05-06,msuka
2025-05-06,msuka
2025-05-06,msuka
2025-05-06,msuka
2025-05-07,sahare
2025-05-08,msuka
2025-05-08,shangani
2025-05-12,shangani
2025-05-12,sahare
2025-05-13,sahare
2025-05-13,sahare
2025-05-14,shangani
2025-05-12,kizimkazi dimbani
2025-05-19,msuka
2025-05-19,msuka
2025-05-19,msuka
2025-05-19,msuka
2025-05-20,msuka
2025-05-20,msuka
2025-05-20,msuka
2025-05-20,shangani
2025-05-21,shangani
2025-05-21,shangani
2025-05-24,msuka
2025-05-24,msuka
2025-04-28,tanga
2025-05-08,tanga
2025-05-08,tanga
2025-05-12,tanga
2025-05-12,tanga
2025-05-13,tanga
2025-05-13,tanga
2025-05-14,tanga
2025-05-20,tanga
2025-05-20,tanga
2025-05-20,tanga
2025-06-01,kizimkazi dimbani
2025-06-02,msuka
2025-06-02,msuka
2025-06-02,msuka
2025-06-03,msuka
2025-06-03,msuka
2025-05-21,shangani
2025-05-28,shangani
2025-06-12,malindi
2025-06-16,msuka
2025-06-16,msuka
2025-06-17,tongoni
2025-01-27,malindi
2025-01-27,malindi
2025-04-16,malindi
2025-04-16,malindi
2025-04-16,malindi
2025-06-23,mazizini
2025-06-23,mazizini
2025-06-25,mazizini
2025-06-30,mazizini
2025-06-13,shangani
2025-07-03,malindi
2025-04-15,malindi
2025-01-27,malindi
2025-04-16,malindi
2025-01-27,malindi
2025-04-16,malindi
2025-04-16,malindi
2025-04-16,malindi
2025-06-12,malindi
2025-07-01,malindi
2025-07-03,malindi
2025-07-03,malindi
2025-07-03,msuka
2025-07-03,msuka
2025-07-03,msuka
2025-07-01,malindi
2025-07-01,malindi
2025-07-08,mazizini
2025-07-08,mazizini
2025-07-09,somanga
2025-07-09,somanga
2025-07-09,msuka
2025-07-09,moa
2025-07-08,malindi
2025-07-09,malindi
2025-07-10,malindi
2025-07-10,somanga
2025-07-12,somanga
2025-07-12,somanga
2025-07-12,somanga
2025-07-12,somanga
2025-07-14,shangani
2025-06-13,shangani
2025-06-13,shangani
2025-07-14,mazizini
2025-07-14,mazizini
2025-07-14,malindi
2025-07-14,malindi
2025-07-14,malindi
2025-07-14,somanga
2025-07-14,somanga
2025-07-15,malindi
2025-07-15,malindi
2025-07-15,malindi
2025-07-16,sahare
2025-07-16,sahare
2025-07-15,msuka
2025-07-16,malindi
2025-07-16,malindi
2025-07-16,malindi
2025-07-16,kigombe
2025-07-14,tongoni
2025-07-16,tongoni
2025-07-17,mazizini
2025-07-17,mazizini
2025-07-18,somanga
2025-07-19,somanga
2025-07-20,kizimkazi dimbani
2025-07-20,kizimkazi dimbani
2025-07-20,kizimkazi dimbani
2025-07-09,malindi
2025-07-09,malindi
2025-07-15,malindi
2025-07-22,malindi
2025-07-09,malindi
2025-07-22,malindi
2025-07-22,malindi
2025-07-23,shangani
2025-07-23,shangani
2025-07-23,msuka
2025-07-23,msuka
2025-07-23,sahare
2025-07-23,sahare
2025-07-23,somanga
2025-07-21,tongoni
2025-07-24,wesha
2025-07-24,wesha
2025-07-23,malindi
2025-07-24,malindi
2025-07-24,malindi
2025-07-24,malindi
2025-07-22,malindi
2025-07-23,malindi
2025-07-23,malindi
2025-07-23,malindi
2025-07-23,malindi
2025-05-13,mkokotoni
2025-05-14,mkokotoni
2025-05-19,mkokotoni
2025-05-19,mkokotoni
2025-05-19,mkokotoni
2025-05-20,mkokotoni
2025-05-20,mkokotoni
2025-05-21,mkokotoni
2025-05-21,mkokotoni
2025-05-21,mkokotoni
2025-05-27,mkokotoni
2025-05-29,mkokotoni
2025-06-03,mkokotoni
2025-06-03,mkokotoni
2025-06-03,mkokotoni
2025-06-04,mkokotoni
2025-06-04,mkokotoni
2025-06-04,mkokotoni
2025-06-04,mkokotoni
2025-06-17,mkokotoni
2025-06-18,mkokotoni
2025-06-19,mkokotoni
2025-06-30,mkokotoni
2025-06-30,mkokotoni
2025-06-30,mkokotoni
2025-07-01,mkokotoni
2025-07-08,mkokotoni
2025-07-08,mkokotoni
2025-07-09,mkokotoni
2025-07-15,mkokotoni
2025-07-15,mkokotoni
2025-07-16,mkokotoni
2025-07-16,mkokotoni
2025-07-16,mkokotoni
2025-07-21,mkokotoni
2025-07-22,mkokotoni
2025-07-22,mkokotoni
2025-07-23,mkokotoni
2025-07-25,shangani
2025-07-24,shangani
2025-07-26,somanga
2025-07-27,kizimkazi dimbani
2025-07-16,moa
2025-07-16,moa
2025-07-21,moa
2025-07-21,moa
2025-07-22,moa
2025-07-23,moa
2025-07-23,moa
2025-07-28,moa
2025-06-30,tanga
2025-06-30,tanga
2025-07-28,somanga
2025-07-29,moa
2025-07-29,moa
2025-07-29,somanga
2025-07-30,tongoni
2025-07-30,tongoni
2025-07-30,tongoni
2025-07-21,tongoni
2025-07-30,sahare
2025-07-31,shangani
2025-07-31,somanga
2025-07-31,malindi
2025-07-31,malindi
2025-07-31,malindi
2025-07-31,malindi
2025-07-31,malindi
2025-07-28,malindi
2025-07-28,malindi
2025-07-28,malindi
2025-07-28,malindi
2025-07-29,malindi
2025-07-29,malindi
2025-07-29,malindi
2025-07-29,malindi
2025-07-31,malindi
2025-07-31,malindi
2025-07-31,malindi
2025-07-31,malindi
2025-07-31,msuka
2025-07-31,msuka
2025-08-04,mkokotoni
2025-08-04,mkokotoni
2025-08-04,malindi
2025-08-04,malindi
2025-08-05,malindi
2025-08-05,malindi
2025-08-05,malindi
2025-08-03,shangani
2025-08-04,mkokotoni
2025-08-06,tongoni
2025-07-30,tongoni
2025-08-07,malindi
2025-08-07,malindi
2025-08-07,malindi
2025-08-07,mtangani
2025-08-07,kigombe
2025-08-08,somanga
2025-08-11,moa
2025-08-11,moa
2025-08-13,shangani
2025-08-13,shangani
2025-08-12,sahare
2025-08-13,mazizini
2025-08-14,shangani
2025-08-11,mkokotoni
2025-08-11,mkokotoni
2025-08-12,mkokotoni
2025-08-13,mkokotoni
2025-08-14,somanga
2025-08-15,somanga
2025-08-16,somanga
2025-08-18,malindi
2025-08-18,malindi
2025-08-18,malindi
2025-08-18,malindi
2025-08-18,malindi
2025-07-22,malindi
2025-07-22,malindi
2025-07-22,malindi
2025-07-22,malindi
2025-08-12,malindi
2025-08-12,malindi
2025-08-19,mkokotoni
2025-08-19,mkokotoni
2025-08-19,mkokotoni
2025-08-19,msuka
2025-08-19,msuka
2025-08-20,shangani
2025-08-20,malindi
2025-08-20,malindi
2025-08-20,malindi
2025-08-20,malindi
2025-08-19,malindi
2025-08-19,malindi
2025-08-19,malindi
2025-08-19,malindi
2025-08-19,malindi
2025-08-20,malindi
2025-08-20,msuka
2025-08-20,mkokotoni
2025-08-20,mkokotoni
2025-08-20,mkokotoni
2025-08-19,kizimkazi dimbani
2025-08-19,kizimkazi dimbani
2025-08-19,kizimkazi dimbani
2025-08-20,mazizini
2025-08-20,mazizini
2025-08-20,mazizini
2025-08-21,shangani
2025-08-18,moa
2025-08-18,moa
2025-08-25,mkokotoni
2025-08-25,mkokotoni
2025-08-25,mkokotoni
2025-08-25,malindi
2025-08-25,malindi
2025-08-25,malindi
2025-08-25,malindi
2025-08-26,shangani
2025-08-27,shangani
2025-08-27,shangani
2025-08-27,malindi
2025-08-27,malindi
2025-08-27,mazizini
2025-08-27,kigombe
2025-08-27,mtangani
2025-08-27,sahare
2025-08-29,somanga
2025-08-29,somanga
2025-08-29,somanga
2025-08-30,somanga
2025-09-01,msuka
2025-09-01,msuka
2025-09-02,mkokotoni
2025-09-02,mazizini
2025-09-02,moa
2025-09-02,moa
2025-09-02,moa
2025-09-02,somanga
2025-09-02,somanga
2025-09-02,somanga
2025-09-01,malindi
2025-09-01,malindi
2025-09-01,malindi
2025-09-01,malindi
2025-09-01,malindi
2025-09-02,malindi
2025-09-02,malindi
2025-09-02,malindi
2025-09-01,malindi
2025-09-03,shangani
2025-09-03,somanga
2025-09-03,mazizini
2025-09-03,somanga
2025-09-03,msuka
2025-09-02,kigombe
2025-09-02,kigombe
2025-09-04,malindi
2025-09-01,malindi
2025-07-22,malindi
2025-09-01,malindi
2025-09-04,moa
2025-09-03,moa
2025-09-08,somanga
2025-09-09,somanga
2025-09-10,shangani
2025-09-10,shangani
2025-09-10,mkokotoni
2025-09-11,wesha
2025-09-11,shangani
2025-09-11,shangani
2025-09-12,shangani
2025-09-12,shangani
2025-09-13,somanga
2025-09-15,mkokotoni
2025-09-15,mkokotoni
2025-09-15,mkokotoni
2025-09-15,somanga
2025-09-16,mkokotoni
2025-09-16,mkokotoni
2025-09-16,mkokotoni
2025-09-16,somanga
2025-09-16,msuka
2025-09-16,msuka
2025-09-16,somanga
2025-09-16,somanga
2025-09-09,moa
2025-09-09,moa
2025-09-15,moa
2025-09-15,moa
2025-09-17,moa
2025-09-16,malindi
2025-09-16,malindi
2025-09-16,malindi
2025-09-17,malindi
2025-09-17,msuka
2025-09-17,mazizini
2025-09-20,shangani
2025-09-20,shangani
2025-09-20,shangani
2025-09-23,somanga
2025-09-23,moa
2025-09-23,kigombe
2025-09-23,kigombe
2025-09-23,kigombe
2025-09-24,somanga
2025-09-24,somanga
2025-09-25,wesha
2025-09-24,shangani
2025-09-25,somanga
2025-09-25,msuka
2025-09-25,somanga
2025-09-29,mkokotoni
2025-09-30,mkokotoni
2025-09-30,mkokotoni
2025-09-30,somanga
2025-09-30,somanga
2025-09-30,somanga
2025-10-01,somanga
2025-10-01,somanga
2025-10-01,msuka
2025-10-01,msuka
2025-09-30,kigombe
2025-09-30,kigombe
2025-09-25,malindi
2025-09-25,malindi
2025-09-30,malindi
2025-09-30,malindi
2025-09-30,malindi
2025-10-01,malindi
2025-10-01,malindi
2025-10-02,shangani
2025-10-02,msuka
2025-10-06,malindi
2025-08-19,malindi
2025-10-06,sahare
2025-10-06,malindi
2025-10-07,malindi
2025-10-07,mkokotoni
2025-10-08,mkokotoni
2025-10-08,malindi
2025-10-08,malindi
2025-10-08,malindi
2025-10-08,malindi
2025-10-08,somanga
2025-10-07,kigombe
2025-09-18,tongoni
2025-10-10,somanga
2025-10-08,mkokotoni
2025-10-11,somanga
2025-10-13,shangani
2025-09-01,kigombe
2025-10-15,mkokotoni
2025-10-15,msuka
2025-10-15,msuka
2025-10-15,msuka
2025-10-16,msuka
2025-10-16,somanga
2025-10-16,somanga
2025-10-16,somanga
2025-10-15,sahare
2025-10-15,malindi
2025-10-15,malindi
2025-10-15,malindi
2025-10-15,malindi
2025-10-16,malindi
2025-10-16,malindi
2025-10-16,malindi
2025-10-16,malindi
2025-10-16,malindi
2025-10-17,shangani
2025-10-17,shangani
2025-10-17,shangani
2025-10-17,somanga
